0,-245,160,17353,506,-978,-358,-8,168,16976,-7,193,26
9,-226,159,17339,515,-983,-353,-68,248,16968,21,199,53
19,-225,169,17361,513,-967,-349,-76,212,16900,23,192,30
29,-233,155,17343,520,-962,-364,-56,168,16952,26,209,26
39,-230,172,17359,506,-973,-362,-40,260,16972,52,223,31
49,-223,174,17361,521,-964,-372,-36,188,16896,13,190,13
59,-236,160,17342,534,-969,-365,-48,184,16916,-4,196,42
69,-231,152,17362,525,-956,-369,-68,232,16880,45,195,28
79,-218,158,17338,516,-967,-352,-20,232,16968,28,189,48
89,-229,166,17368,765,-975,-354,-16,252,16932,4,215,55
100,-208,168,17354,514,-977,-360,0,264,17004,19,213,48
109,-233,161,17371,511,-965,-359,-56,188,16956,15,203,8
119,-239,163,17364,516,-973,-358,-20,216,17020,10,205,41
129,-241,148,17342,508,-975,-351,-40,240,16896,18,235,11
139,-237,161,17367,518,-962,-360,-52,316,17064,14,173,5
149,-232,162,17355,519,-968,-367,-48,224,16960,14,190,30
159,-234,165,17356,532,-959,-370,-56,200,16928,21,232,53
169,-225,168,17359,537,-974,-370,-24,160,16948,-2,196,40
180,-246,160,17368,533,-958,-371,-28,204,16924,14,208,6
189,-228,147,17377,529,-970,-358,20,128,16856,39,206,30
200,-227,156,17350,517,-985,-354,-12,200,16880,27,176,23
209,-224,153,17343,522,-975,-360,-96,148,16928,14,236,19
219,-225,157,17357,526,-971,-363,-44,212,17032,24,203,46
229,-223,173,17352,519,-978,-365,-76,208,17064,31,208,30
239,-231,163,17360,502,-973,-361,-20,220,16872,-9,188,48
249,-221,161,17353,514,-984,-362,-28,232,16984,32,215,36
259,-233,170,17363,517,-973,-356,-20,164,17008,9,214,28
269,-229,160,17363,513,-960,-360,-44,204,17000,-4,206,20
279,-231,166,17356,515,-963,-357,-16,228,16824,41,199,1
289,-226,142,17354,512,-969,-352,-108,160,16972,33,216,17
300,-227,158,17364,511,-981,-360,-44,272,16908,20,187,9
309,-233,167,17360,521,-968,-362,-76,200,16944,28,190,15
319,-226,152,17347,512,-965,-357,-72,204,17052,6,196,39
329,-234,166,17353,520,-971,-357,-20,272,17016,16,211,39
339,-234,166,17356,535,-958,-372,-32,216,16924,36,211,18
349,-220,167,17352,510,-983,-355,-52,200,16884,35,191,35
359,-229,169,17355,507,-976,-357,-24,208,16860,10,206,30
369,-231,162,17360,511,-967,-359,-88,224,16916,43,206,22
379,-226,148,17349,515,-968,-352,36,136,16988,21,181,31
391,-235,149,17357,522,-961,-361,-12,184,16800,9,216,46
401,-239,163,17332,525,-957,-364,-56,244,16900,-15,222,19
410,-230,159,17352,505,-979,-360,-24,208,16904,13,195,26
420,-232,167,17343,517,-964,-365,-16,140,17000,17,190,34
430,-224,162,17366,514,-967,-354,-64,172,16916,32,200,14
440,-201,168,17333,501,-977,-348,-52,100,17056,47,215,36
450,-244,157,17346,526,-978,-359,-120,136,17016,39,213,57
460,-253,174,17368,508,-974,-355,8,144,16828,1,203,43
470,-216,169,17339,507,-962,-357,-44,204,16860,2,177,57
480,-240,163,17336,500,-971,-341,-84,140,16852,89,256,23
490,-289,169,17282,528,-962,-362,124,248,17052,-34,184,43
501,-140,180,17413,537,-939,-362,-160,496,16948,54,272,134
510,-379,600,17277,526,-945,-331,-60,760,17004,-37,226,491
520,-277,673,17360,499,-943,-128,156,296,17092,-132,258,588
530,-53,302,17473,426,-928,81,0,168,16884,112,224,658
540,-240,221,17261,488,-945,169,-40,240,17100,-44,199,699
550,-296,225,17384,543,-964,234,104,80,16868,271,156,815
560,-164,93,17557,583,-973,268,-140,64,17200,-131,165,782
570,-342,7,17306,649,-987,337,88,120,16764,136,163,816
580,-183,-10,17451,463,-982,306,48,16,16992,-37,160,935
590,-243,86,17287,615,-981,356,-56,152,16836,31,176,966
601,-302,-17,17446,732,-978,494,-80,56,17100,28,219,1053
610,-203,-10,17328,575,-973,607,128,40,16888,26,224,1270
620,-137,-136,17320,586,-960,782,132,-220,16964,104,199,1511
630,-285,-123,17340,551,-964,950,-44,-124,16840,-36,216,1623
640,-284,32,17398,565,-940,1035,-116,64,17212,140,240,1697
650,-224,169,17346,543,-950,1077,16,284,16952,-112,207,1660
660,-223,311,17330,505,-966,1069,-12,220,17032,97,213,1612
701,-213,-165,17364,500,-921,1296,-52,-228,17008,-50,189,2185
710,-223,-387,17413,499,-953,1585,16,-412,17136,-112,202,2572
720,-295,-352,17233,431,-941,1883,4,-184,16732,-12,230,2773
730,-154,-204,17336,476,-972,2067,36,-172,16848,-130,209,2830
740,-111,115,17419,428,-972,2125,140,324,16988,-22,181,2952
750,-434,225,17405,504,-968,2202,-288,296,17216,-116,237,2959
760,-328,292,17388,446,-930,2207,-136,424,16932,-72,187,2808
801,-131,-447,17220,471,-931,1937,160,-496,16636,-46,214,3168
810,-40,-839,17298,500,-978,2438,320,-1120,17372,-77,123,3937
820,-400,-547,17330,519,-980,3018,-432,-84,16948,202,275,4277
830,-425,234,17496,632,-923,3328,-124,732,17004,-13,289,4097
840,-101,812,17341,538,-907,3212,244,908,17032,-125,265,3760
850,-150,639,17338,427,-925,2977,-268,756,16852,-3,198,3729
860,-442,423,17463,519,-943,2938,-28,264,16852,-139,244,3745
870,-128,284,17214,487,-937,2911,256,240,16716,196,218,3721
880,-235,169,17287,534,-960,2884,-212,452,16976,-94,244,3712
890,-344,412,17437,471,-960,2869,-12,544,17144,52,221,3614
901,-139,182,17353,485,-958,2830,84,324,16416,-153,169,3815
910,-128,-442,17206,402,-972,2963,136,-1052,17120,121,171,4401
920,-483,-377,17460,445,-991,3398,-40,-84,17272,233,163,4474
930,-127,-80,17338,704,-947,3555,-140,1056,16808,-24,186,4386
940,-304,1361,17230,534,-923,3469,-56,1124,18184,-136,100,3888
970,-242,474,17348,533,-978,2852,-216,568,16232,130,282,3410
980,-377,109,17397,470,-952,2658,52,-4,16500,-199,179,3169
990,-202,-199,17177,394,-967,2468,120,64,17008,63,186,3131
1001,-186,-13,17335,448,-945,2349,-12,220,17044,151,135,3472
1010,-284,68,17399,485,-974,2545,72,4,17228,-29,222,3784
1020,-230,13,17426,538,-987,2861,-4,40,16920,232,205,3981
1030,-266,-61,17290,529,-1003,3063,-108,172,16784,-119,179,3963
1040,-323,114,17296,506,-990,3122,-4,468,17188,332,237,3771
1050,-198,269,17451,598,-969,3000,-16,892,16576,-3,155,3535
1060,-187,582,17302,497,-967,2834,92,0,17284,-33,195,3609
1070,-169,-19,17440,525,-977,2754,-216,48,16484,88,178,3786
1080,-421,-12,17243,398,-984,2871,16,-16,17508,-77,158,3792
1090,-185,143,17480,648,-978,2952,-24,888,16612,352,183,3911
1101,-280,983,17172,557,-986,3001,-260,972,17748,-24,168,3904
1110,-384,967,17703,798,-983,3065,-68,548,16940,-186,184,3378
1120,-126,559,17198,458,-937,2835,-264,-160,17336,-34,97,2893
1150,-189,230,17243,432,-973,1830,-24,-152,17160,-172,225,3309
1160,-91,-7,17258,561,-987,2225,132,152,16432,239,110,3709
1170,-253,-424,17600,519,-997,2647,148,-556,17360,-268,121,4024
1180,-184,-643,17116,620,-980,3140,-48,-608,16448,154,214,3932
1190,-234,-541,17344,419,-1018,3089,168,-640,16988,-236,132,3997
1201,-205,-282,17497,468,-1034,3165,84,-232,17356,23,139,4201
1210,-276,-502,17467,438,-995,3406,-72,-200,16520,-310,218,4635
1240,-206,1446,17527,719,-1004,3600,-80,1396,17324,-39,216,3881
1250,-79,2153,17291,597,-1000,2885,104,2212,16812,316,211,3243
1260,-305,1898,17446,756,-1002,2398,-4,1744,17140,155,181,2990
1270,-307,904,17448,661,-1004,2252,-88,416,17088,-30,187,2931
1280,-216,-260,17371,490,-991,2081,-200,-560,16912,-171,167,2426
1290,-267,-499,17175,423,-943,1664,-48,-388,16840,-116,237,1946
1301,-155,78,17442,452,-953,1345,36,120,17112,-37,170,1943
1310,-290,201,17430,471,-965,1375,-24,180,17008,-167,216,2216
1340,-276,-407,17389,508,-973,2126,72,-520,16904,-22,213,3032
1350,-222,-398,17296,530,-977,2293,12,-304,16792,-82,195,3182
1360,-229,-257,17349,484,-976,2420,0,-236,17000,-92,163,3264
1370,-301,73,17403,515,-981,2459,-36,144,17168,-42,163,3259
1380,-219,121,17353,517,-978,2478,-36,284,16820,-63,178,3286
1390,-213,83,17378,506,-978,2517,-32,84,17012,-34,145,3342
1401,-222,181,17358,542,-984,2580,68,308,16852,112,181,3535
1410,-252,312,17408,617,-984,2722,-44,160,16992,117,177,3768
1420,-251,-156,17351,611,-970,2879,-112,-284,17044,-90,184,3680
1430,-116,-149,17167,526,-969,2956,-72,-1672,17596,-250,300,4209
1440,-304,-1138,17527,370,-972,3242,-168,-1192,15748,147,214,4124
1450,-241,-664,17382,464,-942,3187,-136,308,16780,-101,20,4027
1460,-259,405,17262,611,-980,3129,4,960,17184,-139,111,3733
1470,-99,978,17373,514,-959,2954,136,1128,17016,-139,157,3492
1480,-202,887,17355,486,-980,2723,-56,828,16936,-135,219,3488
1510,-204,125,17220,484,-960,2973,-80,220,17044,118,137,3780
1520,-232,-85,17492,573,-979,2957,-40,-8,16836,-288,234,3679
1530,-173,-303,17376,393,-966,2894,176,-544,16788,-58,210,3990
1540,-179,-714,17317,441,-966,3047,-32,-768,16892,-57,145,4592
1550,-339,-651,17287,472,-971,3493,20,-120,16816,233,155,4786
1560,-257,185,17304,628,-995,3792,-184,1260,17140,208,225,4307
1570,-236,1306,17467,699,-970,3570,148,1760,16800,73,228,3536
1580,-107,1713,17344,543,-948,2961,0,1584,16896,-86,204,2949
1610,-232,298,17430,550,-969,1856,-60,284,16888,167,202,2704
1620,-212,259,17310,551,-964,1916,160,-8,16960,87,176,3336
1630,-230,-53,17410,699,-957,2287,-24,-624,17004,-17,199,3733
1640,-233,-738,17353,530,-993,2772,56,-1012,16904,-121,212,3647
1650,-175,-936,17316,477,-975,2869,96,-552,16712,-20,210,3829
1660,-211,-633,17330,459,-970,2896,-464,-540,16656,-6,152,4176
1670,-420,-457,17232,487,-972,3178,384,464,16360,20,103,4405
1680,-46,-32,17520,565,-947,3365,328,-284,16092,-398,124,4658
1690,-170,-434,17248,393,-971,3580,116,-1156,17256,77,214,5235
1701,-228,-594,17421,541,-967,3948,-244,64,16692,186,243,5215
1710,-327,-12,17299,597,-991,4219,56,484,17156,-202,221,4795
1740,-348,50,17318,598,-982,3903,28,288,16924,-109,184,4861
1750,-297,-428,17313,439,-972,3935,-92,-500,17020,-126,189,5348
1760,-280,17,17575,408,-974,4580,-104,64,16900,138,221,5475
1770,-200,1295,17181,582,-926,4261,72,1536,16460,316,248,4823
1780,-355,1794,17465,686,-890,3706,-220,1864,17024,-50,342,4291
1790,-31,1597,17639,539,-872,3250,176,1596,17172,143,327,3789
1801,107,1008,16794,432,-908,2835,264,1348,15848,-119,164,3409
1810,-505,-83,17455,513,-994,2659,-276,-1296,18016,-245,276,3658
1820,-265,-388,17764,392,-914,2558,-844,-1360,20012,-753,63,2935
1830,-83,-237,17127,438,-862,2367,136,-12,16692,-189,110,3319
1840,-357,-97,17160,449,-929,2590,-92,128,16844,-190,272,3614
1850,-199,121,17708,476,-908,2767,16,316,17124,105,351,3643
1880,-410,-96,17904,646,-923,3312,-180,148,17812,-53,303,4327
1890,-109,137,17194,443,-868,3411,80,668,16048,144,343,4172
1901,-215,341,17043,568,-882,3280,-128,580,16648,-137,270,3981
1910,-307,835,17486,426,-905,3093,0,1500,16420,397,269,3410
1920,-118,602,17408,482,-897,2808,388,1112,15188,297,440,3736
1930,-358,263,17105,433,-895,2813,-112,548,16848,280,387,3700
1940,-245,154,17478,501,-909,2816,-116,520,16880,191,288,3493
1950,-217,151,17545,499,-893,2680,8,328,17044,-128,276,3361
1960,-248,242,17135,394,-909,2587,-76,356,16596,138,237,3327
1970,-204,26,17458,463,-921,2610,68,0,17136,-160,246,3693
1980,-266,-753,17464,386,-906,2930,-64,-1396,16964,98,333,4720
1990,-346,-807,17383,558,-873,3642,244,-476,16408,69,257,4789
2001,-183,606,16963,541,-912,3799,416,56,16540,676,291,3867
2010,-180,1513,17418,609,-905,3196,-112,1408,16968,461,500,3475
2020,-244,1273,17628,456,-932,2554,76,1812,16844,305,467,2647
2030,-224,1155,17103,476,-909,1997,-176,476,17124,224,193,2451
2080,-246,-319,17560,514,-953,2254,92,-440,16692,-256,178,3203
2090,-250,-183,17197,398,-935,2398,4,-464,17368,-108,134,3464
2101,-339,-244,17415,513,-948,2608,8,-372,17012,-196,218,3599
2110,-258,-159,17398,407,-917,2763,156,-400,17208,-179,209,3763
2120,-211,-101,17308,453,-928,2896,-104,-32,16816,64,294,3858
2130,-282,198,17302,553,-931,2995,248,20,17120,-199,232,4073
2140,-143,249,17259,494,-927,3135,-212,240,17200,40,238,4514
2150,-443,239,17481,576,-944,3414,-104,84,17448,-490,188,4442
2160,-224,280,17401,424,-936,3545,-4,560,16512,152,175,3812
2170,-205,544,17313,518,-922,3202,28,1260,16004,-9,384,2735
2180,-238,1122,17382,483,-928,2363,296,1000,16812,-215,136,2238
2190,-70,931,17286,415,-945,1729,-12,764,16960,149,92,2292
2201,-402,665,17230,511,-989,1577,-152,188,17100,-144,175,2547
2210,-498,268,17298,502,-974,1786,-124,-96,17264,318,298,3081
2220,-327,-117,17502,643,-934,2133,344,-584,17120,-357,148,3551
2250,-314,-72,17261,466,-974,2604,-40,296,16916,12,137,3343
2260,-199,322,17350,435,-954,2555,8,312,16860,-204,166,3408
2270,-332,295,17396,487,-984,2590,144,168,17076,-126,140,3602
2280,-267,197,17469,387,-964,2728,-304,-296,17544,-109,300,3695
2290,-310,-148,17378,431,-971,2814,64,-256,16468,-170,201,3939
2301,-237,-134,17271,299,-948,2962,-4,288,16828,426,140,4301
2310,-345,150,17380,673,-973,3224,-148,568,16836,-26,197,4634
2320,-401,483,17456,711,-941,3546,172,336,17220,64,105,4500
2330,-226,424,17442,647,-974,3691,-164,492,16840,-45,113,3625
2340,-330,318,17386,474,-1032,2543,-200,264,17080,-105,198,2653
2350,-235,495,17196,470,-992,1758,-36,492,17016,79,254,2009
2380,-285,487,17229,427,-966,1610,-4,476,16800,-48,177,2454
2392,-292,87,17505,557,-960,1827,40,-116,17104,-213,197,2701
2402,-227,-211,17315,423,-959,1981,28,-260,16796,-24,180,2789
2411,-294,-366,17335,491,-950,2107,-68,-248,17012,-62,149,3007
2421,-303,-284,17362,474,-970,2294,12,-240,17036,-64,251,3275
2431,-236,-223,17366,484,-948,2527,-36,-212,16892,68,152,3682
2441,-300,-207,17352,589,-964,2859,20,-140,17028,-79,202,4122
2451,-278,-117,17372,521,-1003,3285,12,-252,17052,-6,155,4693
2461,-275,-68,17450,580,-989,3761,-372,-312,17320,-383,81,5218
2471,-388,-639,17376,463,-962,4107,-200,-1104,17796,-583,249,4866
2481,-106,-1367,17559,186,-926,3844,92,-176,16016,-521,2,4697
2491,-175,-885,17181,377,-949,3839,-72,-868,17004,-395,76,5246
2521,-403,919,17365,498,-962,4635,56,780,16988,-117,192,5741
2531,-95,743,17329,507,-954,4666,140,448,16488,-119,236,5522
2541,-230,271,17340,476,-971,4482,40,72,16752,-450,176,5321
2551,-219,-245,17317,302,-974,4333,152,-828,17040,-84,192,5661
2561,-310,-609,17357,429,-1005,4520,-532,488,16268,56,155,5832
2571,-456,435,17313,599,-1002,4683,28,936,17248,7,149,5180
2581,-129,1138,17488,633,-971,4263,-8,1704,16412,-31,134,4312
2591,-203,1560,17224,475,-984,3577,100,1572,16952,-204,158,3973
2602,-262,1674,17257,416,-1010,3196,16,1472,17124,36,174,4301
2611,14,196,16999,306,-1015,3298,604,3196,13060,1801,216,3370
2621,-621,534,18413,1251,-1024,2854,-444,-1032,18576,-1055,378,3999
2631,-605,-892,16917,1300,-976,2913,1268,1296,11596,421,300,4888
2661,36,-331,16160,-301,-864,4430,-20,8,16260,930,-79,5916
2671,-362,-576,17511,1055,-1109,4695,-216,0,17972,-1692,370,5809
2681,-169,83,17788,-28,-932,4735,96,1336,15272,1716,22,5890
2691,-336,438,17103,722,-1030,4795,-276,904,17384,-1610,337,5560
2702,-236,1368,16995,443,-964,4591,-172,2824,16056,1878,129,4830
2711,-286,2143,17989,613,-1045,4101,-536,2052,17768,-1358,266,4426
2721,-239,1668,17308,672,-984,3658,596,1600,14740,990,21,4288
2731,27,722,16653,278,-1013,3408,-888,-1036,18436,-692,28,4412
2741,-449,-1257,17850,623,-1065,3460,-44,580,15440,125,-53,3787
2751,-183,-737,17453,97,-941,3167,-212,-820,17864,-121,61,4431
2761,-543,-305,17214,816,-1045,3366,200,504,16504,-296,216,5220
2811,-780,30,17399,617,-1016,5837,952,392,17044,-423,-142,5891
2821,549,1180,17294,491,-1048,5353,-684,2588,17480,244,-71,5458
2831,-219,2026,17885,695,-1091,4664,-452,2156,16380,-176,234,5636
2841,-561,76,17294,553,-1159,4525,-60,264,16804,-82,13,5524
2851,-119,-190,16954,414,-1086,4538,100,-184,15872,-198,10,5190
2861,-284,-79,17825,361,-1088,4361,-108,216,17484,126,77,5211
2871,-347,-215,17166,492,-1093,4321,-164,112,16688,-209,91,5599
2881,-195,-48,17109,443,-1052,4518,-32,104,16672,89,-20,5618
2891,-132,3,17659,624,-1058,4500,56,28,17716,-94,128,5454
2902,-11,92,17077,404,-1032,4440,292,308,16156,144,104,5686
2911,-467,110,17412,681,-1046,4821,-236,296,17480,76,140,6521
2921,-337,-276,17648,466,-1005,5408,24,60,16824,-284,166,6769
2931,-179,25,17258,433,-980,5294,-112,396,17492,163,240,5786
2941,19,1000,17407,582,-953,4555,36,1292,17104,-194,142,5158
2951,-236,1119,17377,480,-942,4263,96,724,16816,-195,166,5605
2961,-307,116,17230,382,-984,4623,-152,-12,16772,-169,141,5977
2991,-98,-743,17184,369,-1022,5065,336,-620,16888,-229,116,6392
3002,-585,-862,17354,380,-1009,5211,-652,-496,16808,202,205,6469
3011,-389,-450,17259,712,-926,5411,208,-56,15416,37,222,6913
3021,-70,436,17105,701,-922,5613,-24,164,17196,-126,60,6349
3031,50,647,17985,525,-1000,5061,456,388,17808,-37,116,5031
3041,102,410,17272,489,-1035,4060,104,196,16680,-284,93,4568
3051,-619,337,16785,431,-1028,3623,-388,236,17084,-9,206,4528
3061,-235,165,17855,510,-959,3635,160,0,17752,-270,224,4793
3071,-169,56,17238,466,-959,3854,72,-220,16500,-78,222,4987
3081,-284,-105,17073,523,-960,3977,-104,-260,16748,-117,109,4866
3091,-205,-367,17620,490,-1003,3934,-12,-468,17168,23,216,4892
3121,-86,-100,17688,491,-972,4097,236,280,16728,-98,240,5414
3131,-213,495,17271,550,-970,4333,-464,508,16148,-88,133,4956
3141,-235,596,17209,541,-997,4006,424,652,17024,-36,173,3822
3151,91,402,17710,485,-1013,3134,-196,-68,17692,-336,103,3346
3161,-374,446,17243,400,-1002,2646,72,480,16812,-25,160,3339
3171,-85,398,17244,460,-976,2537,148,704,16996,33,140,3294
3181,-56,210,17664,491,-1034,2525,32,88,16960,-132,212,3190
3191,-355,48,17156,469,-1021,2428,-284,92,16680,209,204,3025
3202,-317,46,17118,577,-969,2307,72,288,16784,-3,173,3134
3211,-169,215,17461,536,-966,2331,156,104,17364,76,180,3257
3221,-132,-86,17503,549,-974,2456,-24,-180,16820,-162,186,3338
3231,-170,-341,17296,402,-993,2543,-4,-560,17244,-236,128,3337
3261,-86,683,17205,589,-987,2055,48,792,17072,314,144,2293
3271,-182,667,17533,616,-1014,1736,-36,552,17128,12,221,2176
3281,-241,501,17378,578,-999,1538,-64,460,16796,137,165,2139
3291,-232,342,17241,545,-972,1477,-20,312,17080,6,153,2246
3302,-180,247,17411,560,-997,1538,144,132,17108,-33,194,2318
3311,-39,105,17320,542,-967,1618,160,-64,16964,60,134,2332
3321,-86,-30,17337,522,-1014,1652,-32,52,16984,-126,157,2219
3331,-215,-36,17395,485,-999,1603,36,24,16952,44,142,2143
3341,-128,16,17374,476,-1007,1534,116,216,16892,-106,148,2223
3351,-186,166,17354,470,-999,1529,32,268,17156,-72,199,2359
3361,-174,201,17438,454,-1003,1650,-88,504,16720,51,203,2489
3371,-294,433,17297,461,-971,1763,-44,740,16708,185,311,2843
3381,-272,763,17269,634,-950,1926,288,476,17028,-190,164,3284
3391,-96,617,17581,595,-975,2299,-48,204,17104,6,177,3035
3402,-146,130,17326,441,-983,2401,52,64,17108,-133,203,2873
3411,-119,-107,17402,527,-980,2205,-24,336,17056,-62,207,2872
3441,-138,548,17419,479,-975,2178,60,588,17048,-20,171,3063
3451,-97,431,17311,554,-1007,2319,116,512,16936,-9,194,3151
3461,-214,120,17362,499,-994,2436,32,212,16924,-134,140,3272
3471,-234,-40,17407,501,-1018,2514,48,-12,17044,-90,158,3317
3481,-194,-20,17353,464,-1003,2552,8,-24,17084,-71,169,3369
3491,-194,271,17291,457,-999,2583,0,436,16912,20,196,3348
3502,-173,412,17359,542,-992,2528,12,536,16984,14,191,3245
3511,-225,624,17266,534,-975,2501,4,724,16824,229,196,3318
3541,-173,-516,17657,504,-968,2651,-92,-672,17168,-106,32,3299
3551,-91,-657,17014,358,-990,2254,160,236,16096,-241,81,2461
3561,-147,-295,17442,504,-950,1870,-124,-400,17620,-157,94,2493
3571,-279,407,17396,531,-967,1910,188,552,16692,-234,172,2838
3581,-224,625,17312,513,-968,2225,140,464,16900,26,111,3346
3591,-243,293,17408,568,-991,2593,-8,176,16888,-263,219,3601
3602,-200,103,17339,425,-966,2739,104,124,16952,83,190,3520
3611,-63,-250,17402,564,-967,2679,212,-168,16916,-252,202,3386
3641,-105,-53,17218,395,-958,2375,124,32,16748,49,191,2917
3651,-128,121,17397,561,-968,2216,112,280,17116,-36,146,2919
3661,-225,609,17396,569,-980,2209,-28,756,16788,120,167,3234
3671,-271,672,17375,642,-966,2430,44,668,17228,-149,151,3538
3681,-185,347,17305,495,-965,2667,136,164,16704,-68,177,3398
3691,-140,-501,17568,466,-955,2635,228,-916,15520,-240,260,3005
3702,-116,-736,17177,352,-943,2343,84,-680,17248,-23,266,2834
3731,-342,491,17448,397,-939,2464,4,676,17168,-40,184,3309
3741,-53,590,17274,489,-943,2495,68,808,16692,26,196,2992
3751,-130,501,17177,525,-969,2276,44,340,17136,23,187,2612
3761,-140,118,17454,566,-988,1979,-44,12,17188,71,193,2421
3771,-204,-125,17389,527,-968,1781,68,-64,16860,64,200,2373
3781,-213,-138,17321,556,-973,1702,48,-32,17000,-14,229,2184
3791,-141,-3,17386,522,-947,1565,64,44,17100,89,212,1973
3802,-186,33,17403,555,-949,1382,8,176,16940,-31,211,1801
3811,-179,225,17272,529,-944,1240,48,364,16932,186,187,1738
3821,-199,401,17382,629,-955,1158,-60,456,16708,114,230,1721
3831,-240,326,17335,615,-965,1148,108,140,17100,-20,178,1603
3841,-129,97,17394,567,-962,1071,0,216,16904,60,226,1353
3851,-166,-72,17325,525,-965,879,-16,112,16676,-21,195,969
3861,-159,-272,17367,508,-966,588,16,-196,16896,144,213,553
3871,-138,-248,17371,530,-962,234,-36,-128,17028,-19,211,253
3881,-181,-123,17385,538,-973,-43,-4,168,16884,-25,174,122
3921,-181,139,17400,465,-973,-370,12,232,16908,-83,237,-35
3931,-191,198,17310,447,-948,-388,84,304,16948,-40,226,-37
3941,-132,218,17345,445,-958,-392,88,224,16964,24,259,-128
3951,-201,203,17372,469,-964,-452,8,284,16856,46,205,-230
3961,-165,249,17342,498,-958,-542,52,224,17012,86,164,-369
3971,-124,213,17321,558,-959,-641,96,284,16948,61,191,-407
3981,-157,164,17354,544,-954,-708,36,140,17008,59,195,-327
3991,-171,67,17397,542,-972,-715,76,36,16936,10,203,-304
4002,-152,97,17338,514,-970,-666,84,204,16992,14,189,-233
4011,-161,78,17377,517,-965,-625,56,188,16980,51,210,-180
4021,-155,59,17376,546,-968,-596,76,136,16904,2,184,-112
4031,-174,60,17371,509,-964,-271,8,60,16908,26,181,-41
4041,-164,96,17368,506,-965,-409,-16,160,17100,-11,203,14
4051,-151,91,17354,509,-967,-374,8,160,16856,-38,200,45
4061,-168,121,17371,488,-965,-353,-16,204,16872,28,215,24
4071,-153,130,17360,482,-971,-345,44,240,17088,37,197,61
4081,-169,133,17338,503,-940,-351,36,188,16916,9,216,48
4091,-181,131,17342,500,-975,-346,84,200,16892,22,198,54
4102,-175,136,17343,508,-973,-347,-8,224,16868,11,202,37
4111,-186,128,17355,522,-971,-352,12,244,17044,20,231,62
4121,-184,131,17384,506,-967,-345,32,172,17040,1,188,60
4131,-177,115,17360,510,-967,-339,32,192,17068,12,221,38
4141,-175,137,17368,516,-973,-348,0,156,17048,49,166,18
4151,-182,137,17383,507,-962,-346,44,160,16964,-15,203,3
4161,-183,126,17374,502,-963,-354,56,220,16988,-17,190,16
4202,-171,126,17328,456,-956,-351,-4,120,16980,-10,238,-3
4211,-175,125,17385,487,-969,-359,12,224,16908,-33,198,32
4221,-187,144,17329,476,-969,-356,104,232,16932,-6,209,-4
4231,-178,224,17333,507,-954,-377,4,352,16904,57,223,-31
4241,-149,264,17375,544,-951,-419,80,296,16904,30,178,-151
4251,-161,189,17373,539,-956,-506,44,180,16944,74,190,-181
4261,-192,126,17365,562,-955,-560,36,164,17080,47,223,-205
4271,-161,164,17385,524,-961,-573,8,264,16976,64,192,-261
4281,-167,221,17363,521,-969,-597,8,288,16980,54,168,-362
4291,-198,269,17326,537,-962,-693,-64,324,16856,47,228,-456
4302,-194,238,17374,541,-985,-766,8,240,16936,37,154,-547
4311,-140,173,17356,519,-978,-854,-12,164,16996,60,185,-665
4321,-188,207,17353,521,-974,-949,-72,484,16796,222,169,-973
4331,-112,183,17368,626,-988,-1181,148,-112,17044,-46,196,-1265
4341,-109,-205,17274,522,-986,-1460,-8,-204,16608,150,196,-1380
4371,-167,62,17361,510,-928,-1690,-24,140,17232,-254,287,-1806
4381,-120,231,17245,451,-951,-1889,72,316,16940,3,234,-1871
4393,-220,107,17448,464,-929,-2023,-192,36,16896,-135,213,-1899
4403,-302,-80,17367,485,-963,-2066,-100,-4,16796,-174,240,-1991
4412,-205,-110,17252,430,-914,-2139,-12,-24,17104,66,228,-2177
4422,-156,-161,17434,542,-917,-2238,-44,228,16664,-48,291,-2345
4432,-212,90,17204,407,-904,-2358,128,184,17164,109,294,-2410
4462,-113,343,17375,607,-961,-2517,116,452,16788,296,225,-2566
4472,-150,279,17242,586,-978,-2573,68,128,17176,102,159,-2639
4482,-149,85,17447,646,-967,-2684,44,92,17004,227,234,-2679
4492,-197,-77,17423,613,-976,-2740,-56,56,16768,-4,161,-2621
4503,-188,-74,17306,538,-966,-2724,64,32,17032,72,224,-2634
4512,-170,23,17408,527,-980,-2698,72,256,17248,92,170,-2666
4522,-92,165,17465,485,-981,-2729,-132,172,17000,-46,190,-2701
4532,-187,353,17280,474,-998,-2736,44,348,16968,89,155,-2793
4542,-150,478,17504,471,-1010,-2800,92,536,17060,-10,133,-2660
4552,-349,481,17281,527,-1036,-2794,-124,480,16732,41,136,-2674
4562,-23,520,17293,462,-1022,-2735,288,568,16928,184,114,-2650
4572,-106,487,17369,556,-996,-2760,76,484,16940,39,169,-2708
4603,-159,147,17389,517,-959,-2567,-8,152,17080,192,225,-2382
4612,-277,-8,17327,476,-943,-2442,-128,176,16724,-151,256,-2329
4622,-78,241,17343,454,-930,-2411,184,356,17016,218,193,-2222
4632,-201,268,17392,537,-962,-2371,-160,340,16876,-96,257,-2270
4642,-185,215,17270,410,-953,-2435,-12,208,16852,83,200,-2496
4652,-94,-85,17477,500,-946,-2625,124,-80,17152,-147,240,-2718
4662,-146,-9,17252,353,-964,-2839,-48,180,16652,64,192,-3090
4672,-132,137,17471,543,-958,-3161,96,128,17308,17,186,-3433
4682,-114,176,17266,469,-952,-3378,60,316,16680,63,249,-3331
4692,-247,112,17301,458,-970,-3238,32,96,17044,18,213,-2783
4703,-287,306,17370,462,-969,-2832,4,520,16712,89,248,-2425
4712,-127,451,17347,519,-938,-2536,20,480,16812,108,186,-2426
4742,-145,89,17417,564,-967,-2892,72,172,16800,61,257,-2952
4752,-194,210,17256,545,-946,-2999,-48,372,16928,213,266,-3092
4762,-135,297,17441,589,-944,-3127,4,336,17004,48,218,-3399
4772,-184,409,17261,532,-942,-3360,80,364,16968,195,202,-3706
4782,67,-56,17448,578,-923,-3634,104,-196,16820,-24,223,-3854
4792,-265,-303,17410,452,-954,-3728,-16,-304,17196,61,201,-3510
4803,-295,-223,17449,458,-940,-3493,-4,0,16724,10,235,-3064
4832,-233,109,17494,507,-930,-2934,92,-44,16964,-94,337,-2999
4842,-167,-116,17318,356,-908,-3023,-184,-124,16992,53,308,-3063
4852,-199,-175,17396,439,-907,-3089,-24,-32,16744,-38,233,-3535
4862,42,1,17166,436,-954,-3404,228,336,16716,280,136,-4158
4872,277,590,17156,615,-1028,-3956,80,652,16976,350,201,-4674
4882,-417,685,17419,746,-997,-4410,-112,276,17228,9,274,-4445
4892,-410,430,17415,479,-980,-4367,88,88,17168,178,249,-3913
4903,-102,-147,17554,567,-952,-3929,-24,92,16832,-44,269,-3727
4912,-183,-19,17352,471,-943,-3680,20,-104,17072,203,191,-3803
4922,-219,9,17589,574,-945,-3690,52,-60,16944,-66,237,-4066
4932,-102,-50,17207,428,-935,-3906,148,-324,16916,87,171,-4224
4942,50,-476,17470,303,-1004,-4074,-56,-436,16908,-176,265,-4115
4952,-353,-289,17293,285,-963,-4028,16,4,17112,101,179,-3859
4962,-529,97,17365,1003,-790,-3860,100,124,17096,-27,258,-3745
4972,-455,358,17479,621,-943,-3752,1004,2528,15132,799,306,-3632
4982,118,1009,17688,817,-889,-3668,-560,820,18928,78,375,-3704
5012,-587,-565,17352,491,-926,-4017,-132,-12,17188,8,165,-4484
5022,183,-254,17276,575,-833,-4202,200,88,17208,170,237,-4673
5032,-137,340,17546,1051,-931,-4431,-276,628,16676,255,439,-4495
5042,-162,765,17145,620,-916,-4424,88,488,17276,591,280,-4342
5052,-390,642,17577,833,-1068,-4331,40,436,16720,213,283,-4366
5062,-83,257,17035,476,-1017,-4230,100,-144,17604,238,192,-4476
5072,-262,88,17447,800,-929,-4271,44,-92,17156,-5,336,-4593
5122,-70,-174,17433,511,-967,-3382,-28,-60,17016,29,219,-3469
5132,-37,-602,17510,360,-941,-3361,16,-652,17256,-558,210,-3952
5142,2,546,17061,345,-968,-3883,300,712,16524,524,130,-3947
5152,-234,913,17402,244,-1047,-3786,-60,832,17344,-187,132,-3729
5162,-258,1156,17206,480,-1018,-3556,16,1164,16660,440,100,-3381
5172,-108,487,17658,898,-1105,-3419,-164,448,17368,192,213,-3459
5182,-373,239,17594,575,-969,-3397,-96,248,16764,-72,120,-3302
5192,160,-132,17224,624,-998,-3274,228,-116,17224,172,138,-3189
5203,-259,-162,17336,501,-985,-3166,-52,-112,16784,-263,158,-3135
5212,-108,-149,17409,443,-1022,-3169,52,-112,17264,225,160,-3396
5222,-242,-210,17336,478,-984,-3466,-44,-20,16700,-345,192,-3985
5232,11,256,17354,452,-920,-4005,196,396,17176,461,208,-4566
5242,-464,1174,17038,795,-940,-4388,-56,1724,17056,132,232,-4579
5252,-374,905,17339,825,-935,-4240,-28,728,16140,165,238,-3782
5262,-226,205,17563,554,-940,-3539,180,-116,16760,65,259,-2936
5292,-123,-771,17546,407,-944,-2990,-136,-692,17188,-130,254,-3584
5303,-198,-457,17342,392,-926,-3547,124,-216,16696,-17,254,-4057
5312,-372,279,16848,376,-930,-3926,-16,504,16752,168,264,-4126
5322,-338,566,17348,532,-901,-3995,28,632,17328,8,289,-3963
5332,-256,392,17321,474,-916,-3822,-40,304,16796,116,326,-3510
5342,-219,160,17251,484,-892,-3486,-36,144,16864,32,248,-3106
5352,-175,12,17325,475,-921,-3181,40,36,16944,120,304,-3183
5362,-381,195,17421,527,-919,-3168,-12,432,16892,182,258,-3188
5372,-628,846,16820,509,-868,-3138,20,700,17264,182,242,-3040
5382,-668,900,17165,612,-967,-3050,-92,672,16788,159,267,-2790
5392,-746,756,17232,1234,-747,-2905,-56,368,17276,67,280,-2916
5403,-10,25,17694,555,-863,-2935,-16,80,16860,65,270,-3188
5412,-223,-277,17160,356,-919,-3136,-200,-444,16904,-146,257,-3646
5422,280,-685,17155,241,-905,-3511,184,44,16692,158,294,-4227
5432,-418,554,17245,438,-927,-3992,-96,552,16812,112,271,-4180
5482,-256,56,17445,656,-798,-3414,-76,-264,17000,-61,296,-3263
5492,-19,-555,17471,573,-863,-3277,-8,-296,16488,67,371,-3079
5503,235,-515,16891,691,-824,-3100,-116,-880,17496,-340,194,-3207
5512,-594,-557,17655,418,-892,-3187,-48,-356,16844,-25,351,-3563
5522,570,-346,17687,54,-1027,-3535,-12,640,16864,246,258,-3401
5532,495,453,16997,-931,-1088,-3374,-36,936,16824,57,273,-2947
5542,-348,1299,16768,876,-852,-3076,8,732,17136,401,246,-2576
5552,-723,823,17586,1178,-717,-2724,-200,68,17028,-149,340,-2697
5562,166,-208,17209,715,-846,-2715,108,-220,17008,399,235,-3049
5572,-415,-155,17004,550,-913,-2948,-164,-680,17048,-508,175,-3585
5582,-159,-619,17694,399,-900,-3348,196,320,16876,298,103,-3983
5592,88,190,16924,361,-909,-3817,-200,388,17200,-321,231,-3912
5603,-563,413,17525,638,-937,-3943,212,436,16652,557,328,-3409
5612,-75,555,17042,459,-941,-3623,-140,548,17280,33,256,-2889
5622,-711,721,17436,976,-856,-3123,-16,712,16980,239,283,-2848
5632,-13,382,17638,513,-919,-2911,-76,296,17256,29,261,-3155
5662,98,-420,17628,545,-951,-3719,20,36,16616,131,231,-3694
5672,-319,19,17189,334,-960,-3772,36,-184,17172,71,252,-2999
5682,-140,-47,16978,579,-952,-3362,-44,500,16840,129,274,-2672
5692,-551,492,17681,560,-946,-2893,-28,588,17044,56,190,-2836
5703,-199,512,17231,635,-935,-2778,0,692,16688,-10,253,-3304
5713,-139,279,17182,528,-941,-3000,-116,368,16924,-120,222,-4189
5722,-97,709,17450,426,-954,-4299,-40,992,17016,288,119,-4958
5752,-347,-55,17670,571,-972,-3659,0,140,16920,-212,177,-3328
5762,-293,151,16863,561,-977,-3383,-36,332,16640,94,164,-3364
5772,-44,76,17552,685,-1000,-3417,-112,344,17060,23,227,-3661
5782,-171,112,17520,399,-942,-3752,-88,-356,17544,-849,209,-4298
5792,-549,1472,16132,-679,-936,-4199,224,2308,13520,-1443,419,-4280
5803,304,113,19359,1091,-925,-4052,596,-2416,21688,987,-5,-3964
5812,-716,-971,16126,574,-954,-4066,-468,-408,13860,-1648,454,-4411
5822,282,-708,17188,354,-858,-4054,656,-2248,19528,853,-160,-3458
5832,-611,-1430,18256,857,-1043,-3433,-484,-1260,16564,-1679,639,-3078
5842,-84,270,16649,213,-793,-2821,300,-664,16556,1637,311,-2027
5852,-150,-291,17780,1075,-1004,-2223,-100,-52,17604,-1644,682,-1938
5862,-403,1036,17139,-124,-862,-2132,112,948,16292,1740,124,-2048
5872,-111,-694,18079,1157,-1073,-2241,-372,-668,17932,-2236,373,-2590
5882,-312,642,16221,-227,-902,-2739,332,728,16016,1483,-19,-3313
5892,112,-387,18394,1333,-962,-3348,-384,-356,17992,-1652,261,-3858
5962,-101,-212,17614,678,-952,-3749,-200,792,15912,-1381,-93,-3898
5972,-337,928,16812,190,-921,-4029,12,240,17588,804,318,-4332
5982,-211,-118,17929,775,-966,-4151,-228,444,16416,-2255,-439,-4009
5992,-63,80,16986,68,-757,-4112,104,-668,17560,318,47,-4019
6003,-228,-857,17697,789,-773,-3998,-320,-552,16420,-13,267,-4192
6012,-523,-332,17198,344,-897,-4054,216,-112,17140,641,353,-4559
6022,-210,-192,17275,788,-1036,-4275,-336,588,16868,411,383,-4727
6032,-236,920,17071,502,-903,-4447,-40,1040,16872,310,212,-4718
6042,-206,859,17384,751,-973,-4486,100,828,17652,-238,18,-4364
6052,-285,404,17482,743,-952,-4324,-120,956,16584,457,330,-4120
6062,-314,562,17205,390,-902,-4057,-88,-16,17296,-40,328,-4193
6072,-269,-34,17330,475,-1042,-4065,-196,24,15620,-204,46,-4592
6082,-225,-4,16883,116,-1060,-4300,-12,8,17208,-338,-100,-4817
6092,-46,137,17370,637,-1108,-4635,68,992,16388,627,182,-5131
6102,-334,1065,17166,1006,-826,-4801,-120,752,17384,325,287,-4598
6112,-128,354,17539,761,-1037,-4486,20,144,17236,482,528,-3911
6122,-266,-112,17391,325,-751,-3977,-44,-376,17260,-295,55,-3409
6132,-155,-1030,17140,440,-885,-3434,-148,-892,16984,-305,351,-3468
6162,-258,275,17156,189,-944,-3663,-296,936,16244,869,258,-3990
6172,-234,901,17244,482,-890,-3731,12,956,16652,-109,240,-3832
6182,-239,821,17479,275,-1084,-3771,-12,824,17236,487,197,-3875
6192,-315,588,17395,356,-1031,-3735,-44,236,17024,-117,230,-3795
6202,-299,43,17281,570,-980,-3713,-16,-188,16572,156,212,-3536
6212,-232,-259,17230,466,-929,-3596,152,112,16732,307,105,-3486
6222,-157,-24,17420,612,-1041,-3420,-48,484,16732,-157,3,-3139
6232,-306,561,17311,680,-1082,-3364,-144,1308,16964,53,186,-3482
6242,-80,815,17369,226,-1219,-3367,-116,1248,17424,-60,248,-4044
6252,-268,1074,17385,515,-1025,-3657,76,368,16668,532,551,-4722
6262,-327,694,17442,353,-993,-4082,-156,-4,16824,-945,-83,-4395
6312,-388,854,17382,409,-910,-4505,-100,448,16708,-152,197,-4790
6322,-81,162,17106,660,-984,-4557,96,464,16552,-1372,-856,-4486
6332,-186,141,17303,754,-873,-4582,112,-72,17240,351,-163,-4537
6342,-208,353,17332,706,-957,-4545,208,-520,17992,312,242,-4840
6352,-87,-223,17592,678,-1070,-4618,-420,-576,17276,-187,205,-4870
6362,7,-1446,17637,525,-894,-4388,204,-1624,17408,-486,-41,-4103
6372,-193,-1100,16985,490,-1163,-3844,44,-772,16368,581,417,-3702
6382,-242,-465,17122,433,-1081,-3472,-272,-256,16928,-408,-285,-3279
6394,-120,742,17544,323,-1117,-3317,212,1048,17136,706,348,-3491
6404,-343,1349,17357,621,-958,-3357,-212,1184,16836,866,445,-3852
6413,-265,1129,17324,332,-970,-3528,76,1304,17112,422,168,-3732
6423,-278,217,17262,576,-1048,-3574,-156,84,16720,379,197,-3497
6433,-95,-183,17420,874,-1003,-3550,52,-656,16724,84,293,-3897
6443,-274,-52,17115,270,-1003,-3686,0,-220,17128,-358,-3,-4061
6453,-61,-559,17711,525,-822,-3984,224,-472,17376,-312,203,-4328
6483,-300,157,17435,876,-934,-3194,-156,300,17572,-367,-26,-3057
6493,-224,434,17524,497,-1011,-3078,-76,476,16596,580,215,-3284
6503,-147,379,17115,429,-940,-3093,152,468,16704,221,-19,-3272
6513,-122,156,17374,-185,-834,-3194,0,36,17300,-576,-37,-3367
6523,-323,-200,17535,95,-908,-3387,80,-256,16940,-584,-245,-3126
6533,-176,-430,17158,339,-1071,-3288,-92,-320,16636,-336,8,-3229
6543,-133,-216,17309,428,-959,-3275,-148,84,16744,-107,5,-3240
6573,-163,883,17492,1229,-1127,-3524,-348,712,17276,56,209,-4157
6583,-173,761,17489,1206,-1183,-3879,-240,696,16808,-583,-194,-4316
6593,-189,308,17307,907,-1335,-4341,-196,-128,17172,-181,337,-5360
6603,-199,-110,17206,579,-1100,-4889,412,-224,16708,334,607,-5541
6613,-111,-286,17384,172,-793,-5038,28,-668,17004,-120,246,-4425
6623,-463,-593,17147,254,-1004,-4425,-12,-724,16752,278,276,-3602
6633,-102,-759,17626,216,-1020,-3711,12,-904,16992,-257,67,-3089
6663,-74,-283,17519,501,-1001,-3286,-88,-144,17264,-93,166,-3653
6673,-380,69,17337,416,-972,-3476,80,580,16684,222,189,-3861
6683,36,313,17420,544,-1000,-3726,212,1128,16800,166,185,-3586
6693,-340,1379,17204,562,-960,-3627,-196,704,18648,-28,175,-2892
6704,-307,1024,17498,717,-950,-3170,-308,924,16900,342,282,-3016
6713,-140,571,17363,589,-976,-2959,-220,36,17196,-424,157,-4046
6723,-274,-115,17321,570,-910,-3505,-208,152,16608,51,207,-5228
6733,51,80,17185,399,-966,-4522,40,1012,17248,235,280,-5608
6763,-390,719,17388,918,-890,-5025,-36,-172,16204,-521,100,-4905
6773,-289,-116,17386,388,-966,-4860,304,-196,16832,765,567,-4948
6783,-48,-506,17255,736,-900,-4562,8,248,16848,450,619,-5059
6793,-235,288,17374,484,-1051,-4594,-84,876,16800,-185,-475,-5074
6803,-432,150,17486,598,-934,-4787,-80,292,16840,-179,285,-5738
6813,-210,-261,17132,292,-783,-4998,92,-304,16228,-428,-283,-5108
6823,-250,-296,17438,362,-761,-4353,228,-320,17216,-1968,-539,-4974
6853,-261,941,17263,347,-775,-3112,96,1176,17036,1453,755,-5047
6863,-221,598,17577,588,-1056,-3651,-44,592,17644,893,1114,-5707
6873,-135,-35,16988,-211,-1001,-3895,-28,-212,16092,-563,-18,-5172
6883,-240,-741,17519,435,-753,-4215,-132,-1396,17776,-1851,-793,-4474
6893,-169,-567,17226,290,-1089,-4332,192,-276,16976,-50,82,-4511
6904,-136,159,17297,510,-897,-4327,52,452,17504,-369,35,-4410
6913,-40,1166,17331,467,-958,-4256,108,1428,15932,-840,-756,-3732
6923,-172,1109,17478,1194,-922,-4136,84,676,16900,-158,-132,-4277
6933,-375,271,17200,1168,-1213,-4367,-128,-260,16568,-1526,-637,-4492
6943,-185,-200,17248,1024,-1065,-4777,4,-468,16964,-763,344,-5140
6953,-169,-4,17229,584,-609,-4849,-108,148,16440,-630,-149,-4888
6963,-356,430,17633,511,-873,-4778,-52,704,17268,125,168,-4823
6973,-192,756,17198,476,-972,-4595,84,872,17120,596,502,-4933
6983,-231,171,17277,177,-1005,-4540,-76,-104,17412,-113,477,-4683
6993,-255,-152,17117,615,-923,-4348,88,-376,16420,-315,120,-4140
7043,-61,-125,17140,579,-1105,-3938,60,32,16960,38,179,-3800
7053,-202,-84,17331,679,-1034,-3825,80,-152,17156,-235,26,-4032
7063,-434,380,17231,717,-914,-3966,-168,-24,16972,44,240,-4307
7073,-324,163,17363,261,-879,-4098,-140,20,17300,-631,-165,-4177
7083,-68,-3,17224,519,-890,-4200,76,584,17124,818,453,-4262
7093,-281,448,17370,412,-1044,-4094,40,556,17108,-625,-116,-3785
7103,-415,502,17241,599,-910,-3910,276,316,17100,-519,84,-3697
7113,-68,43,17306,605,-999,-3773,156,-220,17040,316,481,-3841
7123,-263,-246,17148,304,-987,-3663,92,-200,16900,674,533,-3611
7133,-149,-461,17529,598,-912,-3461,-16,-496,17164,183,338,-3241
7143,-379,-330,17434,470,-1029,-3235,104,-144,16696,-211,135,-3059
7153,-168,-100,17141,422,-962,-3023,-40,76,17180,90,130,-2902
7163,-229,42,17374,623,-905,-2912,-288,360,16984,-311,141,-2806
7173,-360,518,17327,530,-899,-2933,-48,208,17424,-50,244,-3092
7183,-148,276,17479,350,-1006,-3097,152,552,16820,-54,317,-3461
7213,-553,1100,17566,582,-875,-3556,-228,4,17656,-70,38,-3141
7223,-268,-72,17349,5,-838,-3317,152,-288,17180,34,245,-3065
7233,-3,-420,17115,278,-927,-3129,-120,-328,17336,21,370,-3137
7243,-340,-559,17273,514,-803,-3134,-52,-132,17344,-325,72,-2998
7253,-68,-480,17462,670,-904,-3112,-188,-32,16800,-374,121,-3141
7263,-304,-50,17226,448,-880,-3174,-44,620,16644,-165,83,-3111
7273,-231,386,17197,298,-988,-3255,-56,608,17364,-152,211,-3019
7283,-102,137,17705,675,-880,-3128,-92,372,16764,67,213,-2803
7313,-182,-42,17396,463,-974,-2729,-156,104,16972,-330,107,-2385
7323,-277,14,17331,570,-953,-2580,-76,244,16648,-13,151,-2384
7333,-205,67,17233,278,-970,-2472,-104,248,17212,123,237,-2382
7343,-224,13,17443,428,-985,-2441,-64,324,16692,177,254,-2461
7353,-207,219,17256,140,-991,-2470,48,292,16980,84,220,-2403
7363,-203,251,17403,435,-936,-2492,-56,668,16796,56,211,-2322
7373,-217,486,17387,489,-968,-2485,-40,696,16968,107,141,-2138
7403,-225,262,17369,512,-969,-2036,-48,228,17140,-121,222,-1970
7413,-286,69,17354,588,-973,-2194,-164,168,17000,111,247,-2169
7423,-227,-184,17332,470,-944,-2344,-84,-152,17128,-72,207,-2301
7433,-234,-415,17325,442,-952,-2467,0,-468,16948,-113,200,-2554
7443,-211,-666,17325,358,-964,-2703,-48,-776,16844,-225,236,-2909
7453,-192,-101,17350,460,-950,-2996,20,-140,17160,170,228,-2982
7463,-346,372,17436,531,-965,-2929,-132,660,17192,-227,160,-2537
7473,-266,606,17324,389,-976,-2591,-48,696,17008,125,224,-2290
7503,-185,375,17431,557,-949,-2409,32,404,17124,-103,228,-2206
7513,-225,444,17233,417,-937,-2263,72,460,16664,111,224,-1884
7523,-163,371,17453,555,-972,-1964,72,260,17252,26,149,-1436
7533,-291,308,17282,474,-981,-1598,-112,332,16728,-79,169,-945
7543,-257,224,17372,520,-980,-1212,-52,192,17112,98,207,-717
7553,-239,92,17333,510,-978,-1017,-56,188,16836,-85,262,-778
7563,-243,78,17302,501,-940,-1096,-84,76,16920,122,94,-952
7593,-191,263,17406,539,-978,-1670,52,436,17036,320,310,-1686
7603,-235,501,17309,501,-947,-1771,-28,632,16916,80,186,-1653
7613,-248,191,17361,447,-971,-1885,-96,1292,17900,70,120,-1943
7623,-170,978,17330,652,-966,-2010,-180,192,17216,152,155,-1787
7633,-323,614,17354,596,-978,-1934,-68,560,16388,-40,302,-1931
7643,-124,438,17318,441,-966,-1998,-280,-88,18056,228,170,-1748
7653,-240,75,17510,661,-966,-1972,188,-44,16700,-267,258,-1811
7663,-214,40,17125,380,-931,-1938,40,-192,17340,-25,71,-1491
7693,-167,-175,17438,643,-960,-1093,-64,-148,17124,-325,216,-413
7703,-252,163,17224,409,-952,-810,80,68,16844,224,171,-179
7713,-180,111,17526,572,-985,-595,68,-8,17284,-272,232,-28
7723,-277,172,17285,434,-962,-428,12,104,16848,14,193,48
7733,-221,93,17350,466,-967,-353,76,288,17116,-137,210,72
7743,-220,236,17404,456,-960,-345,-64,196,16796,-155,255,79
7753,-264,137,17292,402,-960,-347,68,184,16856,-33,234,59
7763,-248,134,17340,445,-949,-336,-12,268,16944,-14,233,70
7773,-244,170,17382,480,-948,-327,-48,132,16828,30,215,45
7783,-293,109,17273,497,-960,-332,24,164,16900,198,203,43
7793,-201,109,17424,616,-959,-347,20,156,17096,195,193,6
7803,-240,86,17458,632,-969,-345,-4,160,16972,226,193,26
7813,-196,157,17311,678,-983,-351,-8,264,16972,166,156,21
7823,-250,168,17375,616,-998,-351,-116,84,16908,-52,194,-64
7833,-217,0,17372,527,-979,-406,36,116,16884,-6,182,-153
7843,-215,17,17328,475,-986,-490,0,208,16944,-28,179,-229
7883,-259,178,17306,437,-958,-373,4,180,16952,52,194,39
7893,-201,118,17303,484,-947,-362,-88,324,16992,7,212,64
7903,-249,177,17349,523,-955,-361,-12,248,16876,9,184,12
7913,-247,211,17315,503,-959,-366,-192,220,16900,98,238,-34
7923,-237,227,17314,535,-954,-379,-20,356,17036,-11,215,-55
7933,-187,294,17422,536,-942,-419,-72,416,16868,70,211,-177
7943,-245,345,17348,533,-945,-492,44,352,16884,59,253,-251
7953,-211,335,17375,561,-944,-582,-4,356,17124,18,215,-338
7963,-239,40,17366,515,-950,-653,-72,276,16880,32,194,-407
7973,-223,159,17382,503,-949,-701,-12,168,16980,-88,200,-368
7983,-246,175,17347,478,-935,-724,-16,232,16816,55,200,-407
7993,-210,194,17355,470,-960,-734,24,308,17064,26,204,-416
8003,-238,172,17380,262,-949,-776,-16,276,17088,-6,232,-453
8013,-210,92,17363,494,-956,-815,-16,92,16948,16,199,-540
8023,-200,4,17373,485,-943,-853,-16,100,17012,-65,228,-509
8033,-245,-47,17352,455,-945,-817,-72,32,17000,5,202,-403
8043,-220,-100,17338,483,-936,-697,12,-20,16920,-25,195,-255
8053,-216,-72,17281,479,-949,-616,24,-12,16888,62,206,-282
8063,-243,-80,17330,507,-965,-647,-68,-52,16956,10,211,-350
8073,-253,-103,17304,536,-955,-730,-8,-68,17072,76,237,-436
8083,-184,63,17388,532,-959,-769,-44,236,16948,87,195,-378
8093,-261,172,17341,536,-957,-735,-44,300,17104,74,203,-384
8103,-174,237,17374,544,-961,-707,-36,216,16988,63,176,-345
8113,-250,279,17405,534,-971,-685,4,248,17048,63,213,-292
8173,-226,240,17354,424,-965,-1146,-32,396,16972,2,174,-1085
8183,-170,312,17362,471,-964,-1317,-60,368,17004,-206,208,-1178
8193,-283,296,17332,447,-959,-1433,-36,308,16904,-187,31,-1066
8203,-228,190,17386,514,-954,-1412,48,232,17008,131,341,-1102
8213,-213,115,17292,480,-966,-1266,68,36,16904,222,270,-874
8223,-235,54,17346,488,-962,-1100,48,128,17120,49,181,-608
8233,-233,153,17370,474,-972,-919,-32,268,16920,1,182,-421
8243,-219,352,17320,500,-979,-721,-28,488,16924,55,195,-209
8253,-227,367,17383,542,-963,-588,-56,408,16948,18,198,-78
8263,-215,336,17391,505,-966,-482,-44,412,16932,30,227,28
8273,-210,264,17415,524,-963,-389,-64,360,17016,-93,209,68
8283,-250,202,17411,450,-944,-343,-36,240,17124,-175,196,73
8293,-221,159,17439,356,-961,-334,-56,48,16972,-193,172,141
8303,-373,-54,17304,327,-960,-252,-48,148,16456,-72,175,321
8313,-190,-122,17056,411,-975,-126,328,-172,16892,325,181,181
8323,-118,30,17401,681,-962,-163,-208,456,17048,-113,215,351
8333,-368,305,17380,485,-972,-120,48,268,16752,88,223,224
8343,-117,243,17379,503,-957,-155,-32,324,17108,11,183,149
8353,-267,275,17318,533,-956,-221,-192,396,16896,-13,182,111
8363,-268,291,17362,477,-942,-279,52,312,17036,65,210,35
8373,-191,167,17402,508,-956,-326,-120,232,16820,-30,216,36
8383,-270,141,17274,467,-957,-333,32,212,17008,70,205,35
8394,-200,148,17409,516,-976,-347,-56,248,16908,43,200,7
8434,-246,146,17379,503,-961,-344,-24,172,16912,44,167,30
8444,-238,122,17339,513,-960,-354,-16,176,16984,56,210,73
8454,-226,140,17370,501,-974,-343,-40,180,17004,-12,182,23
8464,-236,136,17372,524,-955,-363,-8,224,16916,19,243,25
8474,-226,153,17314,509,-947,-355,24,140,16992,29,179,9
8484,-244,143,17368,512,-947,-352,-40,112,17060,12,196,29
8494,-233,140,17347,523,-955,-354,-76,232,16896,17,207,48
8504,-234,149,17392,501,-961,-355,52,208,17032,9,199,27
8514,-241,138,17364,511,-948,-354,-80,204,16984,32,208,43
8524,-233,136,17343,503,-949,-354,-36,204,16896,-2,217,22
8534,-244,150,17386,502,-972,-341,-68,204,16872,7,211,41
8544,-238,145,17344,489,-976,-342,-20,180,17080,10,192,33
8554,-239,142,17353,495,-960,-357,-36,204,16964,30,216,57
8564,-236,147,17382,504,-958,-346,-44,204,16988,25,173,37
8574,-231,135,17360,508,-952,-358,-16,164,16968,24,204,20
8614,-238,138,17373,513,-957,-348,-52,176,16884,6,200,20
8624,-247,152,17365,525,-956,-351,8,244,16956,2,173,36
8634,-240,143,17345,525,-944,-363,36,196,16976,7,196,28
8644,-239,146,17370,501,-958,-354,-72,220,16984,37,180,11
8654,-244,143,17372,501,-962,-347,-76,184,17020,49,182,52
8664,-233,148,17367,507,-955,-346,-32,184,17000,14,190,13
8674,-233,139,17359,496,-962,-340,-8,188,16948,17,187,15
8684,-243,144,17384,503,-962,-346,28,276,16996,21,198,37
8694,-230,141,17361,500,-969,-345,-20,184,16936,47,224,39
8704,-256,162,17361,506,-968,-347,-20,220,16876,12,193,35
8714,-239,136,17376,504,-968,-349,-48,244,17016,11,225,28
8724,-235,129,17347,509,-961,-358,-60,236,16960,22,216,21
8734,-238,149,17369,520,-946,-363,8,176,16972,3,208,34
8744,-235,127,17341,510,-951,-352,20,200,17000,24,211,20
8754,-225,139,17368,513,-949,-357,-52,228,17020,24,219,12
8764,-248,140,17366,510,-949,-359,-80,184,17016,36,230,24
8804,-228,141,17361,513,-956,-360,-40,200,16944,34,202,23
8814,-227,135,17360,507,-951,-357,-60,212,16840,27,205,50
8824,-243,134,17371,494,-955,-350,-76,216,16952,21,195,39
8834,-224,126,17374,501,-970,-343,-44,96,17048,-23,216,67
8844,-273,179,17322,475,-978,-335,76,164,16916,143,200,40
8854,-111,127,17470,523,-966,-353,-108,320,16896,-72,204,45
8864,-363,96,17294,468,-946,-349,156,268,17072,79,234,-3
8874,-81,171,17387,551,-949,-363,-148,112,16740,15,178,-14
8884,-353,159,17339,479,-967,-345,-96,212,17232,7,184,41
8894,-232,128,17391,526,-949,-357,-16,280,16916,59,199,43
8904,-241,153,17319,504,-972,-345,-36,268,16976,23,216,14
8914,-194,158,17397,518,-962,-349,-68,172,16908,-7,177,34
8924,-310,134,17351,479,-958,-350,-48,228,16884,27,190,39
8934,-238,99,17358,502,-960,-340,-100,-156,16884,39,213,93
8944,-265,-74,17385,495,-968,-323,208,-104,17192,11,232,268
8954,-110,-33,17391,562,-954,-229,-244,76,16624,78,196,285
8964,-366,65,17306,490,-950,-149,100,148,17056,115,208,309
8974,-141,105,17480,556,-962,-122,-148,280,16880,32,221,300
8984,-307,203,17235,523,-953,-103,40,280,16944,42,158,265
8994,-196,237,17390,546,-959,-129,-20,280,17072,59,206,235
9004,-258,230,17409,527,-947,-160,-68,256,16860,77,220,173
9014,-226,182,17322,561,-967,-194,-20,188,16904,94,215,192
9024,-212,143,17348,553,-942,-218,-152,316,16880,475,201,140
9034,-255,203,17403,661,-947,-236,-24,388,17012,619,214,77
9074,-250,145,17309,1383,-946,-382,-36,284,16836,1514,214,-12
9084,-3,218,17453,1644,-934,-377,-116,276,16904,1731,228,-10
9094,-250,219,17355,1894,-926,-389,-28,312,16884,2057,203,18
9104,-224,257,17332,2106,-938,-367,-56,320,16804,2505,186,14
9114,-245,367,17433,2423,-932,-357,-36,476,16964,2837,203,61
9124,-253,467,17373,3053,-940,-331,-48,496,16720,3080,184,111
9134,-250,511,17329,3279,-920,-318,44,588,16880,3289,210,92
9164,-244,752,17352,3923,-930,-329,-124,884,16980,4084,210,67
9174,-265,793,17389,4175,-929,-343,-32,792,16868,4400,170,89
9184,-266,888,17317,4453,-917,-337,12,1028,16872,4755,183,73
9194,-251,986,17362,4767,-919,-330,20,1080,16888,5127,208,81
9204,-264,1121,17375,5117,-916,-337,-12,1168,16876,5484,187,148
9214,-273,1251,17294,5380,-924,-325,-96,1372,16832,5736,189,132
9224,-245,1411,17301,5550,-911,-312,-84,1544,16912,5793,179,118
9234,-219,1517,17321,5628,-921,-303,-44,1564,16856,5922,150,133
9244,-219,1561,17304,5733,-921,-316,-40,1688,16828,6078,188,77
9254,-232,1768,17295,5891,-926,-341,-108,1860,16920,6250,142,74
9264,-238,1858,17255,6030,-925,-349,28,1972,16896,6485,210,58
9274,-256,1967,17253,6237,-918,-362,4,2044,16708,6760,200,50
9284,-261,2064,17300,6497,-895,-402,-84,2196,16820,7065,138,-29
9294,-231,2268,17298,6750,-906,-436,28,2548,16820,7392,175,9
9304,-271,2593,17178,6985,-903,-426,-192,2712,16864,7462,206,52
9354,-213,3186,17127,7614,-985,-669,44,3528,16772,8168,65,-326
9364,-258,3588,17069,7714,-986,-706,0,3832,16456,8192,64,-296
9374,-220,3845,16860,7760,-988,-701,40,4064,16476,8331,95,-194
9384,-261,4098,16905,7838,-980,-618,-56,4160,16532,8288,92,-69
9394,-283,4198,16866,7889,-952,-532,4,4288,16504,8360,156,-20
9404,-254,4256,16796,7907,-919,-453,-68,4448,16364,8374,199,-15
9414,-282,4386,16807,7916,-926,-426,-36,4592,16304,8358,131,31
9424,-248,4509,16759,7894,-918,-420,20,4684,16356,8396,136,-12
9434,-252,4672,16722,7894,-930,-419,-44,4872,16288,8475,100,-6
9444,-235,4860,16687,7969,-924,-442,76,5128,16348,8454,151,-5
9454,-316,5088,17729,7970,-925,-464,2584,6948,15956,6955,-144,58
9464,-308,5723,16994,7281,-1022,-459,808,5312,15868,7539,-30,-104
9474,-151,5311,16248,7193,-900,-523,20,5884,15916,7140,154,-187
9484,-250,5763,16475,6935,-960,-533,-104,5716,15920,7377,63,-183
9494,-276,5798,16267,7020,-937,-570,-192,6164,15720,7241,9,-327
9524,-431,6077,16205,6789,-1311,-786,-164,6156,15784,7010,-711,-34
9534,-440,6131,16143,6757,-1608,-524,-120,6548,15432,6579,-177,170
9544,-274,6405,15899,6541,-1419,-270,8,6632,15680,6450,235,126
9554,-236,6465,16244,6221,-944,-218,-80,6712,15444,6324,618,119
9564,-288,6615,15846,6213,-628,-276,-148,6832,15372,6149,484,183
9574,-316,6727,15908,6041,-621,-265,-128,6928,15324,6124,493,212
9584,-323,6845,15862,5946,-642,-222,-168,7004,15336,6027,583,310
9614,-310,7292,15661,5990,-886,-168,-56,7504,15592,5869,204,152
9624,-178,7409,15954,5752,-889,-182,-136,7500,15088,6036,115,50
9634,-287,7438,15522,5791,-896,-315,-12,7692,15044,5960,182,48
9644,-285,7557,15487,5810,-953,-347,-28,7752,14976,5855,170,45
9654,-294,7665,15415,5729,-912,-359,-68,7888,14968,5806,213,52
9664,-278,7883,15271,5675,-942,-347,-52,7984,14772,5703,143,37
9674,-294,7981,15275,5594,-935,-346,-64,8144,14724,5580,170,32
9684,-279,8126,15145,5476,-915,-364,-4,8240,14724,5533,132,10
9694,-260,8229,15087,5418,-955,-414,4,8364,14744,5390,115,-91
9705,-268,8302,15042,5214,-1001,-466,-40,8424,14536,5254,53,-105
9714,-264,8400,15027,5153,-1005,-487,-40,8540,14544,5239,85,-136
9724,-297,8492,14993,5128,-1028,-504,12,8520,14528,5278,85,-175
9754,-260,8814,14832,5263,-1062,-594,-12,8920,14184,5430,-35,-258
9764,-258,8909,14761,5345,-1111,-655,-20,9052,14252,5463,-90,-362
9774,-261,8982,14691,5396,-1159,-710,-44,9116,14216,5560,-122,-418
9805,-271,9286,14510,5650,-1206,-788,-44,9416,14028,5887,-164,-465
9814,-278,9382,14432,5693,-1221,-800,-52,9584,14052,5973,-199,-510
9824,-302,9462,14377,5783,-1238,-809,-40,9600,13724,6011,-180,-460
9834,-296,9572,14307,5833,-1231,-794,20,9720,13828,6081,-170,-411
9844,-269,9697,14195,5879,-1222,-777,-52,9852,13796,6162,-206,-450
9854,-245,9799,14117,5975,-1270,-818,-8,9876,13724,6225,-265,-560
9864,-224,9857,14073,6026,-1326,-881,60,10052,13584,6285,-366,-608
9894,-293,10338,13716,6258,-1422,-1008,-112,10536,13148,6644,-492,-731
9904,-268,10361,13685,6371,-1447,-1026,32,10556,13292,6685,-504,-769
9914,-268,10456,13590,6443,-1482,-1065,4,10576,13056,6750,-538,-818
9924,-285,10575,13478,6486,-1532,-1101,-44,10804,12968,6843,-592,-850
9934,-289,10661,13396,6548,-1572,-1134,12,10848,13004,6811,-635,-857
9944,-287,10757,13291,6582,-1579,-1145,8,10976,12756,6858,-630,-822
9954,-312,10871,13210,6569,-1592,-1124,16,10996,12664,6833,-583,-780
9984,-284,11186,12900,6443,-1547,-1013,8,11400,12388,6712,-550,-705
9994,-311,11293,12824,6436,-1544,-1000,0,11520,12376,6739,-488,-659
10004,-317,11373,12743,6467,-1501,-974,-8,11536,12180,6815,-442,-551
10014,-329,11454,12647,6526,-1440,-907,-36,11680,12124,6810,-313,-469
10024,-315,11594,12503,6533,-1377,-820,4,11876,11920,6741,-326,-386
10034,-277,11736,12332,6487,-1351,-766,20,12004,11900,6654,-339,-456
10044,-271,11844,12202,6407,-1349,-776,-12,12100,11684,6512,-399,-478
10074,-293,12084,11929,6104,-1396,-789,-36,12280,11364,6102,-302,-380
10084,-320,12155,11840,5970,-1325,-747,-20,12320,11356,5940,-180,-261
10094,-335,12248,11753,5829,-1266,-663,-40,12436,11288,5778,-117,-168
10104,-322,12344,11620,5682,-1177,-585,-4,12472,11148,5588,-26,-101
10114,-328,12431,11539,5502,-1112,-517,28,12624,11100,5463,20,-41
10124,-295,12502,11490,5375,-1055,-464,-16,12676,11012,5436,81,-23
10134,-278,12588,11390,5311,-1040,-425,40,12796,10760,5363,91,25
10184,-269,12973,10900,4790,-951,-378,64,13152,10436,4661,153,48
10194,-276,13022,10838,4682,-962,-384,108,13236,10304,4508,176,26
10204,-304,13073,10756,4580,-948,-384,-20,13264,10212,4473,147,33
10214,-278,13121,10694,4473,-951,-357,24,13320,10176,4396,161,27
10224,-281,13198,10621,4442,-956,-361,8,13348,10164,4365,188,69
10234,-262,13244,10477,4405,-939,-360,44,13472,10080,4343,149,25
10244,-283,13367,10375,4354,-960,-349,16,13440,10012,4240,174,28
10254,-289,13415,10305,4304,-934,-350,60,13560,9872,4156,169,30
10264,-269,13469,10248,4220,-923,-353,36,13548,9804,4065,196,62
10274,-265,13502,10173,4148,-927,-356,36,13640,9684,3992,185,19
10284,-269,13562,10112,4075,-931,-362,64,13692,9660,3926,201,39
10294,-281,13608,10029,3959,-925,-359,80,13728,9620,3876,193,49
10304,-280,13650,9947,3888,-921,-356,80,13840,9480,3789,196,36
10314,-280,13699,9883,3825,-945,-359,84,13796,9404,3701,165,11
10384,-286,13976,9455,3602,-952,-344,40,14192,9024,3544,167,45
10395,-275,14019,9374,3597,-937,-356,108,14232,8892,3465,176,28
10405,-275,14058,9302,3551,-950,-349,144,14216,8860,3449,176,39
10415,-295,14091,9285,3565,-948,-355,92,14212,8764,3523,207,25
10445,-271,14216,9071,3585,-958,-353,28,14416,8636,3482,195,51
10455,-275,14245,8971,3567,-943,-345,68,14380,8364,3397,169,33
10465,-277,14296,8904,3496,-948,-348,116,14456,8388,3247,195,34
10475,-274,14327,8857,3409,-941,-363,108,14452,8320,3241,214,48
10485,-261,14349,8813,3370,-960,-353,-12,14516,8280,3187,182,23
10495,-267,14374,8737,3337,-963,-348,60,14540,8340,3208,209,35
10505,-252,14405,8730,3303,-950,-350,-8,14548,8172,3280,158,61
10515,-277,14446,8702,3360,-953,-349,20,14576,8340,3351,156,25
10525,-293,14476,8604,3468,-927,-361,80,14744,8148,3447,196,32
10535,-273,14514,8525,3536,-910,-371,60,14704,8028,3486,190,52
10545,-274,14550,8420,3564,-935,-367,84,14728,7976,3452,195,45
10575,-280,14658,8216,3510,-945,-358,128,14836,7680,3304,172,27
10585,-263,14690,8144,3457,-958,-351,120,14904,7656,3256,183,48
10595,-278,14713,8095,3384,-952,-352,28,14828,7576,3214,210,63
10605,-276,14743,8041,3348,-950,-357,60,14928,7556,3171,185,37
10615,-264,14782,7981,3318,-950,-353,96,14944,7452,3159,219,33
10625,-279,14811,7935,3301,-937,-350,124,14988,7448,3199,202,37
10635,-261,14837,7853,3301,-925,-362,60,15032,7324,3158,161,47
10645,-269,14866,7798,3308,-941,-360,76,15080,7248,3135,208,45
10655,-270,14883,7758,3291,-931,-358,64,15040,7148,3147,215,7
10665,-272,14910,7662,3310,-925,-373,64,15128,7216,3119,205,2
10675,-280,14936,7625,3281,-924,-368,108,15084,7132,3167,162,44
10685,-278,14972,7567,3296,-943,-356,40,15124,7024,3193,189,15
10735,-287,15100,7261,3284,-948,-351,140,15276,6684,3187,170,16
10745,-271,15126,7190,3324,-933,-360,60,15276,6576,3261,190,45
10755,-281,15153,7071,3347,-942,-364,148,15308,6592,3264,216,34
10765,-272,15171,7001,3375,-918,-350,116,15324,6588,3339,260,62
10775,-281,15225,6931,3404,-888,-337,92,15412,6368,3328,276,82
10785,-260,15257,6829,3417,-872,-326,116,15452,6340,3285,259,69
10795,-275,15287,6806,3409,-881,-347,68,15464,6268,3380,173,32
10805,-276,15311,6726,3446,-945,-350,168,15396,6344,3395,202,34
10815,-266,15330,6629,3468,-946,-356,112,15468,6128,3366,175,28
10825,-282,15364,6586,3445,-957,-361,148,15484,6180,3319,188,16
10835,-276,15383,6549,3450,-938,-357,148,15548,6008,3376,171,37
10845,-269,15404,6476,3471,-961,-350,112,15656,6056,3425,214,39
10855,-273,15444,6388,3480,-949,-351,56,15572,5960,3361,203,19
10865,-278,15455,6324,3490,-940,-350,124,15516,5776,3434,201,38
10875,-267,15474,6245,3515,-937,-362,160,15668,5632,3383,192,-4
10905,-262,15534,6053,3500,-932,-353,96,15744,5408,3460,221,43
10915,-275,15562,5976,3500,-942,-353,124,15772,5472,3436,178,38
10925,-281,15595,5895,3564,-944,-359,116,15728,5384,3500,204,43
10935,-268,15609,5835,3590,-941,-358,108,15708,5288,3537,189,48
10945,-287,15624,5771,3582,-938,-353,136,15792,5264,3533,223,30
10955,-275,15638,5657,3585,-949,-351,84,15872,5128,3428,199,43
10965,-267,15679,5582,3550,-911,-345,124,15820,5100,3378,299,49
10995,-264,15740,5393,3526,-915,-351,132,15936,4844,3397,184,55
11005,-267,15746,5328,3519,-933,-352,156,15992,4844,3414,188,46
11015,-242,15772,5256,3550,-935,-365,64,16052,4620,3431,229,39
11025,-285,15791,5143,3526,-935,-350,128,16016,4740,3377,199,76
11035,-275,15801,5110,3488,-915,-347,160,16052,4644,3382,262,33
11045,-276,15835,5078,3518,-892,-338,136,16032,4452,3482,292,74
11055,-272,15848,4984,3564,-870,-328,80,16000,4496,3516,317,80
11085,-266,15917,4716,3571,-840,-337,116,16064,4228,3384,384,77
11095,-273,15936,4661,3502,-814,-325,132,16016,4100,3364,426,106
11105,-291,15947,4613,3469,-762,-311,108,16148,4220,3477,495,128
11115,-279,15967,4585,3541,-678,-307,136,16124,4060,3508,585,132
11125,-281,15985,4462,3592,-582,-288,140,16124,4004,3497,718,137
11135,-269,15999,4348,3594,-537,-273,88,16088,3904,3480,711,148
11145,-269,16005,4321,3584,-513,-271,124,16120,3800,3531,720,165
11155,-259,16035,4251,3600,-539,-270,148,16260,3692,3485,677,143
11165,-270,16042,4185,3608,-513,-289,128,16296,3668,3589,726,153
11175,-257,16058,4071,3632,-502,-275,136,16244,3516,3478,780,153
11185,-264,16076,3997,3624,-450,-274,140,16192,3572,3548,917,167
11195,-266,16089,3994,3596,-359,-271,116,16268,3480,3684,945,157
11205,-262,16082,3920,3676,-311,-257,128,16288,3396,3672,972,179
11215,-259,16103,3754,3751,-289,-251,144,16284,3256,3572,1125,219
11225,-270,16121,3702,3694,-225,-241,160,16300,3128,3657,1307,244
11275,-260,16194,3293,3581,553,-129,100,16424,2760,3441,2260,406
11285,-302,16212,3221,3538,722,-110,96,16388,2728,3365,2323,434
11295,-275,16215,3143,3488,828,-73,144,16324,2568,3359,2257,501
11305,-279,16236,3087,3451,847,-18,68,16464,2660,3409,1995,351
11315,-187,16230,3003,3470,721,-90,44,16420,2416,3381,1552,254
11325,-260,16248,2969,3447,426,-171,16,16444,2188,3403,1251,209
11335,-360,16258,2558,3508,117,-220,-4,16424,2396,3331,1069,218
11345,-582,16275,2333,3474,-147,-250,-244,16428,2124,2150,994,198
11355,-389,16286,2679,2857,-257,-222,24,16576,1932,2401,1288,168
11365,-355,16285,2903,2475,-199,-247,-64,16360,3100,1964,1700,-193
11375,-555,16940,3027,2489,304,-683,484,19004,1980,2372,2208,-367
11385,-207,16750,2805,2411,872,-868,236,16980,2132,2191,2694,-536
11395,-249,15864,2525,2430,1308,-839,56,15696,2232,2168,3052,-329
11405,-477,16430,2356,2357,1519,-709,-64,16536,1604,2139,3090,-238
11415,-28,16424,2566,2198,1396,-624,320,16412,2696,1852,2699,-63
11465,-434,16150,2034,1929,-652,-471,-236,16156,1936,1411,484,-132
11475,-348,16432,2234,1727,-682,-490,60,16616,1924,1396,603,-53
11485,-350,16382,2287,1741,-619,-442,60,16688,1912,1418,638,-49
11495,-440,16450,2210,1777,-562,-461,4,16560,1576,1472,710,-89
11505,-389,16193,2087,1766,-484,-465,36,16436,1596,1286,854,-24
11515,-408,16234,2157,1674,-351,-446,-8,16696,1172,1417,1102,-28
11525,-403,16498,2108,1704,-222,-483,160,16980,1820,1230,1140,-137
11555,-232,16382,1913,1805,-501,-486,248,16744,1636,1259,430,-118
11565,-142,16375,1985,1765,-762,-523,200,16532,1456,1552,195,-79
11575,-372,16372,1933,1846,-937,-476,-20,16488,1476,1546,156,-124
11585,-411,16455,1935,1881,-996,-517,116,16636,1436,1568,230,-170
11595,-371,16367,1950,1900,-935,-551,12,16524,1480,1735,334,-215
11605,-394,16359,1833,2032,-869,-588,224,16932,1052,1883,327,-331
11615,-289,16557,1888,2130,-841,-670,104,16684,1412,2020,298,-254
11645,-443,16327,1763,2340,-851,-671,-60,16728,1072,2160,352,-327
11655,-520,16328,1587,2438,-797,-677,-56,16456,1052,2115,503,-365
11665,-463,16333,1528,2390,-687,-703,-28,16584,1036,2115,598,-313
11675,-501,16369,1544,2375,-636,-699,100,16660,768,2152,586,-337
11685,-471,16422,1474,2401,-620,-703,68,16488,776,2219,479,-259
11695,-404,16354,1384,2428,-685,-666,36,16524,772,2155,329,-226
11705,-452,16324,1301,2396,-787,-599,40,16548,864,2051,223,-165
11735,-554,16449,1285,2366,-895,-526,-40,16640,844,2164,417,-111
11745,-565,16433,1257,2387,-822,-500,-188,16688,644,2187,553,-115
11755,-643,16373,1182,2429,-683,-494,-148,16720,612,2244,731,-119
11765,-589,16450,1160,2439,-538,-488,-44,16608,576,2245,829,-99
11775,-490,16362,1045,2478,-444,-494,76,16544,492,2238,733,-80
11785,-384,16358,969,2493,-456,-481,100,16604,384,2197,579,-20
11795,-404,16344,896,2453,-592,-437,36,16536,332,2111,370,34
11805,-435,16313,815,2414,-748,-404,-28,16424,304,2036,273,73
11835,-587,16317,753,2169,-914,-319,-80,16520,252,1798,359,83
11845,-569,16349,728,2109,-846,-321,-20,16612,140,1748,481,97
11855,-561,16388,732,2072,-773,-326,-44,16504,148,1776,424,59
11865,-515,16339,651,2067,-728,-323,44,16504,48,1727,389,88
11875,-421,16335,557,2020,-782,-308,76,16496,-32,1642,276,117
11885,-432,16349,572,1968,-843,-291,-24,16512,-20,1567,181,112
11895,-498,16311,503,1930,-927,-277,-28,16480,-36,1434,173,134
11905,-539,16268,442,1836,-976,-270,-32,16516,64,1314,295,96
11915,-559,16292,460,1712,-944,-269,-96,16492,-48,1203,430,37
11925,-554,16574,522,1612,-856,-306,40,16736,-44,1237,496,9
11935,-459,16359,451,1571,-754,-366,48,16532,-16,1419,396,-37
11945,-411,16295,236,1690,-731,-392,100,16516,-212,1326,207,21
11955,-393,16217,255,1716,-829,-351,192,16444,-284,1130,74,110
11965,-508,16420,332,1582,-1108,-276,-48,16664,-264,1030,-22,164
11975,-528,16321,316,1458,-1177,-232,-32,16420,-76,1039,-9,170
12025,-440,16344,167,1371,-1036,-339,52,16484,-348,967,126,-23
12035,-471,16320,158,1320,-1016,-385,56,16524,-392,880,182,-55
12045,-505,16316,113,1270,-998,-428,40,16548,-252,815,201,-73
12055,-493,16278,104,1206,-952,-437,12,16500,-456,683,210,-64
12065,-460,16344,124,1123,-963,-416,32,16644,-340,678,191,-32
12075,-458,16336,115,1105,-994,-428,0,16516,-344,652,119,-29
12085,-462,16322,77,1076,-1033,-409,-4,16564,-432,597,106,-47
12095,-501,16349,85,1030,-1048,-409,44,16556,-412,595,118,-46
12105,-523,16364,97,1023,-1030,-412,4,16556,-580,623,177,-57
12115,-529,16340,88,1023,-992,-425,-68,16632,-472,651,256,-85
12125,-481,16368,78,1036,-929,-457,-64,16608,-488,621,301,-129
12135,-481,16363,39,1036,-883,-480,64,16464,-600,609,295,-126
12145,-460,16329,10,1047,-889,-491,8,16556,-424,566,258,-81
12155,-441,16322,-23,1029,-936,-466,56,16508,-596,562,125,-59
12165,-450,16304,-39,996,-1018,-435,80,16508,-520,513,45,-31
12175,-466,16301,-55,948,-1089,-397,24,16584,-540,459,-60,23
12185,-532,16301,-56,886,-1181,-353,-76,16560,-752,386,-92,29
12195,-484,16282,-84,827,-1216,-341,36,16472,-496,315,-173,63
12205,-512,16288,-76,756,-1293,-307,28,16460,-636,233,-239,93
12215,-481,16302,-63,695,-1350,-266,-24,16508,-628,152,-228,118
12225,-503,16269,-91,650,-1353,-264,-12,16532,-548,50,-208,72
12235,-483,16346,-38,560,-1354,-277,52,16548,-516,46,-192,71
12245,-483,16353,-33,544,-1318,-316,-20,16500,-488,33,-150,15
12295,-468,16283,-78,377,-1317,-324,8,16556,-532,-198,-200,66
12305,-467,16365,-15,312,-1349,-314,24,16608,-548,-159,-196,-13
12315,-491,16372,7,315,-1336,-350,-20,16608,-512,-226,-198,-42
12325,-531,16347,-14,326,-1305,-382,-112,16500,-476,-211,-83,-88
12335,-521,16352,23,315,-1247,-437,-28,16632,-444,-229,50,-129
12345,-529,16373,32,297,-1142,-476,-108,16604,-464,-161,129,-123
12355,-518,16384,45,321,-1083,-480,-60,16536,-516,-57,134,-150
12365,-521,16360,34,366,-1030,-493,16,16540,-576,-123,154,-133
12375,-530,16337,5,389,-1014,-501,-4,16496,-512,-125,198,-105
12385,-535,16307,2,385,-1009,-484,-52,16500,-432,-192,240,-95
12396,-564,16312,17,354,-974,-466,-80,16544,-508,-195,241,-107
12406,-555,16315,24,323,-929,-460,-92,16560,-568,-226,296,-41
12416,-555,16349,33,304,-883,-439,-68,16500,-464,-280,318,14
12426,-522,16308,-5,266,-870,-392,12,16468,-648,-333,243,51
12436,-483,16287,-31,228,-907,-351,12,16544,-532,-407,134,86
12446,-430,16306,8,139,-988,-307,8,16500,-484,-554,35,105
12476,-566,16308,105,-156,-1113,-276,-108,16580,-404,-930,198,27
12486,-551,16272,82,-280,-791,-304,-24,16540,-428,-1014,294,36
12496,-528,16286,93,-385,-884,-338,-20,16460,-408,-1213,381,-6
12506,-514,16278,104,-597,-835,-367,-40,16508,-276,-1320,416,2
12516,-484,16246,122,-744,-814,-373,-4,16448,-332,-1525,414,-8
12526,-447,16236,128,-888,-834,-375,68,16532,-320,-1670,319,-25
12536,-413,16264,161,-1066,-913,-357,76,16400,-308,-1902,242,13
12566,-455,16280,342,-1512,-1237,-301,-20,16536,-80,-2410,-155,48
12576,-510,16324,418,-1656,-1314,-297,-16,16576,-32,-2536,-197,71
12586,-534,16290,484,-1780,-1356,-276,-96,16476,76,-2670,-169,107
12596,-496,16300,535,-1923,-1316,-282,-40,16520,40,-2814,-66,57
12606,-460,16321,609,-2026,-1238,-338,-48,16572,180,-2998,-1,-58
12616,-442,16306,652,-2137,-1195,-376,36,16552,320,-3073,1,-66
12626,-400,16273,706,-2258,-1208,-393,44,16464,296,-3270,-65,-74
12636,-367,16303,775,-2395,-1290,-399,44,16532,452,-3391,-234,-65
12646,-384,16307,865,-2506,-1403,-394,52,16496,368,-3526,-370,-33
12656,-438,16281,944,-2614,-1502,-386,-4,16448,584,-3664,-455,-45
12666,-511,16388,1060,-2720,-1554,-373,-156,16676,656,-3829,-370,80
12676,-627,16349,1216,-2841,-1503,-291,-196,16460,784,-3829,-270,205
12686,-610,16397,1273,-2889,-1442,-170,-172,16508,828,-3847,-364,300
12696,-474,16228,1193,-2926,-1515,-107,-92,16472,876,-3983,-500,335
12706,-413,16359,1431,-3031,-1614,-50,-12,16604,1128,-4056,-569,397
12776,-365,16214,2060,-3537,-1239,81,120,16524,1680,-4632,-11,526
12786,-209,16941,2161,-3587,-1200,107,-944,17160,2672,-4805,-337,1009
12796,-161,16359,2377,-3406,-1364,452,572,15836,3368,-4637,-567,1324
12806,150,15994,2563,-3376,-1603,724,364,16444,2192,-4707,-1258,1403
12816,-407,16434,2288,-3621,-2081,864,-88,16576,2160,-4899,-1687,1285
12826,-784,17414,2587,-3704,-2508,812,-1728,18464,-880,-4132,-1648,630
12836,-148,17138,2799,-3395,-2592,399,404,16716,1764,-3951,-2110,-437
12846,-479,16246,2736,-3287,-2850,-552,-164,16492,2436,-4788,-1936,334
12856,-575,16301,2611,-3457,-2890,-274,340,16180,3068,-4727,-941,-210
12866,-351,16234,3054,-3828,-2344,-421,120,16548,1748,-5194,171,-14
12876,-123,16275,2765,-3829,-1340,-463,276,16396,2956,-4870,794,-17
12886,-235,16236,3185,-3974,-690,-364,268,16364,3056,-4931,912,91
12896,-78,16174,3443,-3790,-455,-324,464,16284,3156,-5016,581,-2
12926,-250,16154,3517,-3831,-1101,-382,124,16296,3248,-5119,262,-48
12936,-246,16122,3714,-3958,-1015,-388,156,16344,3428,-5093,212,-59
12946,-243,16098,3867,-4022,-981,-387,80,16204,3388,-4946,-37,-89
12956,-232,16086,3943,-3985,-1120,-384,64,16320,3452,-5163,-124,-111
12966,-260,16076,4033,-4006,-1249,-417,128,16212,3684,-5134,-157,-115
12976,-261,16038,4186,-4081,-1296,-425,76,16184,3892,-5186,7,-44
12986,-246,16019,4269,-4074,-1240,-412,124,16152,3884,-5244,221,-31
13036,-251,15903,4905,-4389,-1036,-363,148,16072,4436,-5669,202,-11
13046,-236,15836,5044,-4449,-1026,-378,56,15984,4552,-5707,121,-43
13056,-252,15802,5161,-4558,-1053,-381,108,15984,4668,-5810,98,-51
13066,-252,15776,5273,-4595,-1079,-405,148,15956,4832,-5933,87,-45
13076,-229,15727,5474,-4675,-1119,-403,92,15920,4976,-5902,58,-38
13086,-250,15679,5586,-4755,-1095,-407,76,15928,5140,-5934,128,-83
13096,-261,15647,5710,-4804,-1084,-392,72,15872,5164,-5975,163,-39
13106,-249,15603,5810,-4831,-1047,-388,64,15748,5316,-5976,188,-48
13116,-251,15597,5873,-4893,-1061,-377,100,15768,5384,-6156,136,-64
13126,-242,15543,6035,-4982,-1102,-394,168,15700,5672,-6188,89,-80
13136,-250,15498,6158,-5031,-1141,-417,140,15660,5640,-6296,42,-96
13146,-239,15436,6327,-5133,-1162,-409,68,15616,5880,-6373,91,-85
13156,-261,15372,6483,-5209,-1105,-399,92,15596,6212,-6492,217,-39
13166,-265,15334,6598,-5261,-1025,-381,128,15460,6352,-6528,219,-54
13216,-264,15072,7285,-5298,-996,-378,96,15232,6908,-6488,237,-65
13226,-270,15017,7414,-5262,-1013,-381,124,15176,6864,-6458,244,-65
13236,-265,14955,7541,-5228,-1006,-389,60,15100,7176,-6445,221,-46
13246,-251,14911,7655,-5236,-1008,-382,144,15048,7296,-6465,235,-33
13256,-254,14851,7784,-5260,-985,-389,108,14896,7428,-6532,225,-67
13266,-267,14785,7916,-5297,-996,-386,76,14912,7540,-6560,225,-69
13276,-256,14722,8053,-5330,-1012,-381,104,14848,7680,-6585,259,-48
13286,-277,14646,8203,-5343,-997,-384,68,14772,7876,-6576,261,-56
13296,-284,14561,8369,-5350,-973,-360,68,14740,7952,-6563,388,21
13306,-293,14494,8519,-5331,-897,-310,44,14608,8212,-6560,560,137
13316,-305,14432,8650,-5345,-760,-240,124,14576,8264,-6519,661,166
13326,-278,14401,8746,-5316,-659,-187,28,14496,8200,-6520,653,177
13336,-258,14358,8773,-5291,-639,-173,100,14472,8356,-6502,571,128
13346,-253,14304,8961,-5288,-727,-201,76,14396,8564,-6319,465,46
13356,-242,14236,9031,-5162,-834,-250,80,14312,8516,-6272,361,12
13406,-274,13861,9608,-5003,-1031,-364,56,13956,9244,-6209,221,-53
13416,-279,13792,9732,-5057,-1051,-366,44,13940,9380,-6315,191,-54
13426,-274,13716,9845,-5097,-1039,-370,36,13792,9508,-6364,225,-42
13436,-250,13650,9973,-5160,-1037,-369,12,13720,9700,-6479,214,-23
13446,-263,13574,9978,-5235,-1024,-367,24,13620,9884,-6784,241,-70
13456,-261,13463,10279,-5431,-1014,-378,0,13524,9992,-6631,231,-74
13466,-275,13382,10414,-5460,-1019,-367,44,13392,9956,-6631,240,-47
13476,-264,13307,10485,-5382,-1031,-369,52,13396,10140,-6464,215,-26
13486,-252,13212,10677,-5325,-1013,-374,92,13320,10332,-6340,226,-73
13496,-265,13155,10673,-5163,-1020,-378,32,13268,10296,-6542,227,-52
13506,-275,13071,10760,-5219,-1001,-376,120,13100,10564,-6476,215,-46
13516,-263,12999,10983,-5291,-1018,-382,32,13048,10504,-6317,140,-115
13526,-242,12916,11007,-5177,-1071,-419,-44,12992,10628,-6366,97,-186
13536,-260,12814,11148,-5153,-1128,-468,60,12768,10780,-6409,128,-166
13586,-269,12375,11661,-4950,-1017,-373,32,12436,11376,-6128,258,-49
13596,-267,12287,11747,-4960,-1009,-373,52,12300,11432,-6263,242,-34
13606,-278,12193,12001,-5004,-995,-371,-32,12208,11584,-6204,197,-41
13616,-269,11831,12105,-5025,-1004,-376,80,12160,11664,-6145,261,-26
13626,-279,11919,12185,-4995,-1006,-379,24,12084,11724,-6112,241,-56
13636,-258,11844,12246,-4962,-1010,-381,32,11928,11948,-6151,234,-54
13666,-279,11555,12518,-5095,-998,-376,56,11648,12136,-6345,254,-61
13676,-264,11443,12628,-5145,-1002,-381,36,11568,12260,-6424,246,-51
13686,-264,11342,12766,-5205,-1009,-377,-16,11432,12352,-6417,233,-48
13696,-279,11244,12885,-5200,-1008,-377,-16,11272,12436,-6423,221,-29
13706,-270,11133,12988,-5166,-1018,-372,8,11232,12496,-6332,231,-71
13716,-268,11038,13075,-5114,-1038,-376,0,11128,12648,-6283,196,-27
13726,-273,10948,13190,-5075,-1024,-379,20,11048,12720,-6193,245,-90
13756,-284,10648,13406,-4917,-1011,-377,-32,10720,13012,-6142,219,-53
13766,-271,10536,13480,-4934,-992,-391,-4,10572,13032,-6157,245,-57
13776,-290,10439,13593,-4969,-1014,-371,48,10544,13196,-6134,256,-47
13786,-266,10331,13663,-4972,-1009,-371,-20,10452,13316,-6106,258,-68
13796,-276,10242,13771,-4945,-1005,-379,-104,10324,13388,-6061,220,-96
13806,-290,10129,13881,-4870,-1000,-376,32,10176,13424,-5958,227,-55
13816,-267,10034,13943,-4767,-1010,-383,-12,10132,13560,-5860,234,-78
13846,-270,9741,14192,-4627,-1015,-373,-16,9804,13848,-5681,228,-112
13856,-269,9638,14260,-4523,-997,-380,4,9704,13808,-5608,246,-73
13866,-271,9523,14273,-4477,-991,-376,28,9616,13816,-5617,251,-66
13876,-287,9444,14384,-4501,-989,-378,12,9472,13920,-5561,242,-45
13886,-292,9326,14482,-4452,-1001,-379,40,9360,14096,-5452,233,-57
13896,-280,9235,14541,-4364,-996,-381,-8,9260,14044,-5377,211,-59
13906,-277,9138,14589,-4290,-1006,-376,-44,9200,14144,-5337,196,-51
13956,-284,8676,14892,-4122,-1000,-377,-60,8668,14608,-5161,219,-59
13966,-277,8581,14935,-4073,-1000,-379,20,8584,14560,-5178,241,-62
13976,-280,8481,15012,-4085,-993,-381,-92,8456,14496,-5162,202,-46
13986,-281,8388,15066,-4090,-991,-383,-44,8408,14688,-5161,263,-62
13996,-272,8283,15103,-4083,-994,-382,-40,8300,14708,-5217,224,-54
14006,-277,8172,15144,-4121,-986,-378,-20,8168,14656,-5246,230,-77
14016,-285,8088,15203,-4167,-984,-386,-96,8140,14804,-5366,236,-45
14026,-297,7983,15263,-4232,-1006,-378,-76,7968,14920,-5410,214,-108
14036,-270,7873,15300,-4283,-1018,-373,-60,7908,14832,-5461,213,-42
14046,-289,7775,15377,-4351,-1017,-375,-36,7764,15052,-5482,217,-35
14076,-285,7454,15539,-4365,-1012,-375,0,7464,15092,-5577,231,-71
14086,-280,7362,15577,-4434,-1005,-373,-12,7296,15856,-5952,357,-41
14096,-281,7240,16074,-4604,-979,-372,-40,7244,15340,-5739,259,-56
14126,-343,6982,15718,-4832,-1075,-369,-120,6820,15324,-6173,-215,-26
14136,-261,6731,15899,-4955,-1299,-318,-32,6776,15492,-6503,101,-50
14146,-253,6657,15870,-5135,-1238,-326,-60,6668,15500,-6715,47,21
14156,-312,6583,16022,-5401,-1126,-319,-180,6304,15748,-6599,308,-51
14166,-257,6236,16280,-5478,-1098,-291,52,6308,15556,-6537,1214,-190
14176,-179,6260,16154,-5371,-527,-448,-248,5960,15872,-6517,410,179
14186,-499,6187,16241,-5368,-386,-378,-532,5564,15896,-6485,310,-23
14216,-169,5776,16320,-5230,-859,-340,100,5728,15884,-6141,204,34
14226,-67,5636,16384,-5104,-683,-309,120,5748,16036,-6074,320,15
14236,-235,5520,16453,-4959,-961,-267,-148,5428,16092,-5860,224,76
14246,-195,5508,16802,-4637,-987,-259,140,5552,16196,-5603,293,133
14256,-305,5593,17934,-4824,-992,-266,-16,5688,18016,-6642,208,74
14266,-287,4987,16413,-5260,-962,-293,-8,4792,15520,-6239,327,50
14276,-220,4610,15887,-4982,-969,-301,-16,4784,15768,-5854,182,52
14306,-218,4398,16249,-4612,-992,-306,44,4476,16156,-5648,215,60
14316,-250,4468,17243,-4496,-998,-289,-8,4500,17012,-5679,253,49
14326,-218,4213,16836,-4514,-987,-312,0,4192,16200,-5560,250,-2
14336,-222,4031,16532,-4368,-993,-348,8,4144,16312,-5337,197,-27
14346,-226,4103,17114,-4259,-1010,-390,68,4168,16860,-5355,199,-63
14356,-256,3916,16948,-4270,-1021,-390,16,3880,16252,-5325,205,-75
14366,-242,3764,16736,-4219,-997,-398,-24,3852,16364,-5231,214,-34
14376,-249,3711,17121,-4176,-1027,-393,-28,3752,16804,-5282,193,-93
14386,-256,3574,17009,-4187,-1004,-407,-8,3608,16456,-5334,240,-61
14397,-245,3464,16840,-4200,-1000,-412,-48,3600,16616,-5293,210,-47
14407,-254,3415,17116,-4186,-1008,-409,8,3384,16840,-5239,198,-75
14417,-272,3246,17098,-4147,-1019,-398,-20,3192,16544,-5134,224,-78
14427,-239,3091,16972,-4063,-1000,-393,-32,3096,16672,-5044,221,-73
14437,-231,3028,17123,-3978,-1018,-398,24,2984,16828,-4914,203,-106
14447,-236,2929,17157,-3880,-1020,-411,16,2940,16552,-4785,227,-91
14517,-258,2259,17196,-3163,-1015,-467,-76,2244,16668,-3940,225,-106
14527,-230,2200,17228,-3016,-1004,-457,32,2180,16772,-3717,227,-64
14537,-246,2168,17269,-2848,-1012,-435,-64,2168,16924,-3569,213,-30
14547,-253,2059,17232,-2704,-990,-416,36,2020,16840,-3479,240,-26
14557,-222,1955,17263,-2580,-989,-396,16,1860,17032,-3421,213,-23
14567,-230,1855,17275,-2550,-1007,-395,-40,1836,16844,-3553,244,-40
14577,-251,1750,17237,-2599,-1010,-405,0,1704,16908,-3624,204,-74
14587,-246,1647,17259,-2696,-1003,-409,-44,1572,16820,-3749,204,-88
14597,-244,1551,17286,-2774,-1012,-424,4,1680,16708,-3675,215,-60
14607,-245,1637,17257,-2766,-1000,-446,-12,1700,16916,-3512,211,-28
14617,-235,1573,17345,-2656,-993,-409,0,1564,16908,-3308,212,-16
14627,-228,1454,17329,-2518,-1004,-398,-116,1384,16832,-2893,165,-31
14637,-242,1291,17312,-2255,-998,-390,-4,1300,16936,-2674,230,-20
14667,-255,1155,17293,-1812,-1008,-382,-20,1128,17008,-2582,196,-1
14677,-234,1064,17351,-1807,-998,-368,-44,1040,16844,-2532,214,5
14687,-244,1009,17340,-1783,-1002,-361,-32,1060,16952,-2546,204,3
14697,-256,991,17305,-1752,-984,-353,12,1020,16976,-2520,237,24
14707,-239,911,17367,-1744,-981,-357,-52,892,16864,-2483,220,16
14717,-231,837,17327,-1730,-974,-349,44,856,17036,-2455,225,84
14727,-219,766,17349,-1695,-991,-323,-60,808,16876,-2293,215,92
14737,-211,716,17343,-1602,-978,-315,8,652,16996,-2290,244,133
14767,-208,389,17339,-1502,-972,-76,-16,364,16864,-2264,200,393
14777,-265,471,17360,-1530,-968,-24,-104,580,16852,-2333,200,449
14787,-238,509,17359,-1636,-965,11,-40,544,16960,-2585,223,454
14797,-235,557,17337,-1749,-990,14,-144,632,17100,-2582,244,393
14807,-257,535,17367,-1826,-991,0,-12,592,16952,-2667,188,394
14817,-222,541,17351,-1805,-980,-55,-72,596,16956,-2415,212,269
14827,-230,428,17402,-1677,-992,-167,-48,476,16996,-2403,221,127
14857,-284,-451,17590,-404,-931,-333,-100,-1276,17076,952,162,-17
14867,-115,630,17569,913,-961,-362,80,956,16692,-421,347,68
14877,-434,84,16777,271,-936,-329,-56,-156,16096,19,226,18
14887,-63,97,17827,525,-993,-353,176,288,17536,51,160,65
14897,-388,141,17444,505,-972,-349,-68,148,16628,10,190,4
14907,-152,99,16960,513,-966,-363,-20,100,17000,51,190,50
14917,-293,174,17609,550,-985,-361,-148,216,17352,75,223,29
14927,-223,162,17465,537,-968,-364,20,128,16732,-43,234,34
14937,-245,114,17046,492,-955,-356,-104,240,16876,132,167,45
14947,-251,176,17613,590,-988,-360,8,180,17400,65,195,84
14957,-239,178,17396,576,-969,-371,-12,244,16684,180,238,14
14967,-61,276,17212,691,-965,-423,-84,252,17412,275,170,-69
14977,-478,71,17330,599,-966,-444,-260,276,16928,-360,169,31
14987,-143,67,17363,304,-981,-363,332,-376,17592,329,280,9
14997,-285,135,17455,655,-967,-374,-212,420,16344,-70,244,7
