0,23,260,17135,554,-440,-412,36,204,16848,27,213,47
10,16,248,17129,550,-443,-407,-56,192,16876,-10,198,0
20,15,242,17132,569,-442,-414,56,168,16928,-2,184,38
30,15,236,17129,562,-454,-409,80,208,16884,5,229,40
40,21,251,17132,562,-450,-411,88,224,16856,30,207,20
50,20,240,17142,579,-426,-408,64,208,16904,31,168,39
60,23,247,17139,553,-471,-404,-20,212,16824,34,204,24
70,25,248,17148,568,-457,-410,100,208,16924,33,167,27
80,14,243,17146,549,-450,-410,-24,200,16848,49,200,23
90,8,258,17147,551,-464,-408,16,124,16904,29,181,51
100,18,255,17133,562,-450,-411,40,136,16804,48,187,32
110,-5,269,17126,565,-439,-416,68,176,16876,22,181,5
120,27,257,17142,563,-444,-404,0,184,16916,22,190,27
130,6,246,17146,553,-442,-404,-24,164,16860,11,222,30
140,26,253,17133,573,-452,-410,-24,212,16988,56,193,20
150,14,250,17145,562,-446,-414,36,168,16888,-14,195,32
160,21,255,17147,558,-438,-415,-12,172,16908,5,230,-14
170,2,245,17129,572,-444,-421,36,172,16940,-8,199,33
180,7,261,17160,579,-449,-416,-28,172,16912,-8,257,12
190,3,261,17147,575,-460,-408,28,188,16916,44,213,44
200,8,245,17134,567,-458,-409,32,164,16932,-33,224,8
210,1,247,17125,566,-441,-416,32,180,16948,42,224,34
220,12,251,17127,559,-447,-408,40,176,16880,28,186,46
230,17,252,17141,552,-449,-410,60,188,16984,4,172,35
240,19,233,17149,566,-453,-416,-4,140,16944,17,210,38
250,9,237,17129,568,-430,-424,36,212,16888,13,198,18
260,35,245,17146,552,-446,-407,68,188,16928,39,200,28
270,14,245,17141,558,-446,-409,36,172,16780,20,196,24
280,24,242,17142,559,-439,-411,132,164,16916,2,199,25
290,13,253,17162,544,-441,-403,0,160,16948,21,201,32
300,5,260,17155,556,-450,-402,40,208,16952,9,204,32
310,18,258,17149,565,-443,-408,36,208,16892,20,191,40
320,10,242,17136,564,-430,-416,56,168,16880,31,220,18
330,6,235,17146,555,-441,-410,52,200,16832,-6,196,18
340,15,248,17135,551,-451,-409,-40,244,16912,35,194,1
350,19,241,17127,555,-449,-413,-4,216,16876,21,186,32
360,12,245,17156,564,-447,-406,28,172,16916,-3,185,23
370,23,243,17142,568,-444,-410,20,176,16864,8,222,29
380,9,249,17148,557,-447,-405,76,108,16836,17,205,7
390,21,262,17144,555,-455,-403,4,252,16824,23,199,35
400,17,254,17143,566,-448,-412,52,212,16912,18,199,52
410,13,242,17139,568,-449,-413,60,152,16872,9,202,19
420,13,255,17133,574,-444,-416,56,160,16852,8,184,-4
430,25,236,17124,553,-447,-406,56,216,16936,29,206,13
440,32,254,17131,558,-440,-415,36,192,16964,19,216,34
450,19,254,17131,563,-443,-417,-24,204,16896,19,221,10
460,20,248,17140,574,-444,-425,100,160,16840,41,169,15
470,20,250,17143,568,-453,-414,88,200,16984,9,188,16
480,16,250,17148,551,-447,-406,84,216,16944,21,198,5
490,6,246,17139,565,-449,-415,44,136,16932,13,216,52
500,15,250,17131,563,-456,-418,-12,224,16980,30,171,58
510,4,252,17144,555,-451,-412,68,196,16912,26,205,18
520,19,256,17144,565,-451,-421,16,144,17004,24,179,15
530,6,246,17134,560,-432,-412,20,216,16912,11,227,22
540,15,265,17146,567,-433,-412,-56,132,16952,-4,226,17
550,22,247,17148,559,-449,-410,60,172,16940,48,188,55
560,4,263,17148,559,-445,-411,28,184,16896,45,198,32
570,24,236,17134,568,-447,-419,-8,148,16912,31,228,13
580,16,257,17124,571,-441,-421,36,132,16876,22,186,-4
590,12,258,17159,580,-435,-423,20,176,17056,-3,160,23
600,16,263,17138,574,-440,-422,80,148,16780,53,202,49
610,23,256,17142,566,-454,-419,104,176,16888,35,202,10
620,12,257,17134,567,-443,-412,-36,84,16868,22,214,16
630,13,262,17131,551,-445,-408,44,104,16860,12,236,29
640,-9,247,17145,560,-463,-402,-36,168,16952,34,234,34
650,19,249,17133,571,-448,-416,-4,176,16896,55,197,14
660,24,247,17124,579,-442,-415,20,168,16956,6,214,23
670,0,253,17133,565,-445,-411,-8,260,17008,23,192,18
680,34,258,17157,583,-443,-419,-8,172,16904,1,209,35
690,62,251,17111,559,-436,-409,40,200,16900,7,207,-8
700,-65,249,17130,570,-439,-410,140,224,16808,56,186,51
710,111,267,17203,603,-449,-412,-188,264,16880,-6,244,9
720,-67,249,17085,543,-453,-406,20,248,16904,-1,210,18
730,29,257,17255,548,-451,-410,-12,224,17040,-3,216,8
740,19,246,17153,539,-431,-427,-64,156,16964,-26,203,-25
750,41,233,17003,536,-431,-416,72,200,16884,23,179,27
760,25,274,17207,556,-444,-417,28,180,17036,-10,205,11
770,21,253,17080,566,-453,-418,40,164,16788,81,193,22
780,15,244,17124,565,-454,-417,-36,136,16804,7,210,4
790,9,262,17210,567,-451,-413,76,200,17044,61,231,-9
800,-155,208,16905,585,-463,-417,-148,152,16412,111,202,-7
810,194,275,17273,651,-464,-433,224,180,17348,17,171,9
820,-53,250,17217,530,-462,-411,-88,348,17296,36,177,-5
830,84,224,17098,640,-470,-421,-40,32,17148,64,140,50
840,-32,264,16996,590,-466,-428,-60,220,17204,58,143,42
850,278,226,17156,675,-462,-411,696,224,16976,113,95,77
860,-268,343,17349,629,-465,-401,-228,328,16872,-92,173,47
870,290,257,16981,540,-467,-410,228,304,17592,-17,138,56
880,-73,304,17190,544,-467,-400,-36,260,16992,-89,177,74
890,25,289,17380,487,-464,-406,108,268,17028,-30,203,11
900,20,270,16854,492,-442,-432,-68,184,16680,-83,164,-26
910,-39,219,16947,541,-447,-458,-104,128,16728,93,209,-34
920,101,340,17096,821,-481,-592,192,284,16912,524,171,-420
930,66,503,17164,683,-455,-835,80,612,16908,-178,251,-506
940,-78,136,17248,613,-415,-847,-4,-28,17264,357,220,-348
950,106,6,17163,666,-405,-669,200,-36,16992,-117,306,-83
960,29,235,17095,575,-389,-475,92,140,16952,334,210,-3
970,173,105,17220,744,-428,-480,280,32,16976,3,273,-178
980,-333,-298,16847,651,-390,-665,-948,-692,17828,415,320,-695
990,579,-239,17635,786,-358,-1060,800,-308,16760,3,232,-859
1000,17,770,17066,654,-341,-1329,56,860,16896,394,284,-1271
1010,3,1341,17417,734,-339,-1599,24,1416,17544,165,423,-1485
1020,21,1481,17509,697,-231,-1824,-84,1312,17712,288,683,-1951
1030,267,849,18287,494,54,-2111,256,820,18440,-592,1239,-1990
1040,227,256,18551,34,566,-2176,352,-112,18600,-485,2118,-1840
1070,-203,-914,17194,-780,1997,-1107,4,-1124,17332,-1177,3551,-264
1080,-213,-1109,17997,-678,2324,-713,-272,-1336,17596,-1362,3753,-109
1090,-352,-997,17967,-809,2611,-558,-200,-796,18000,-2014,4259,-53
1100,-364,-109,17926,-1165,3009,-543,-308,-4,18076,-1668,4690,-113
1110,-529,435,17917,-1193,3352,-664,-380,756,17432,-2381,5089,-529
1120,-448,1107,17970,-1502,3676,-960,-376,848,18292,-2107,5312,-609
1130,-486,841,17771,-1497,3907,-1086,-252,756,17356,-2515,5810,-607
1140,-437,523,18066,-1756,4244,-1055,-416,60,17972,-2746,5993,-466
1150,-646,-31,17442,-1893,4456,-942,-440,-88,17264,-2692,6440,-311
1160,-978,-451,17909,-2033,4751,-860,-1104,-468,17848,-3148,6620,-313
1170,-1276,-459,17772,-2287,5005,-824,-1124,-464,17808,-3265,7076,-299
1200,-1582,-389,17333,-2427,5826,-644,-1136,-1464,16384,-1759,7811,68
1210,-1578,-258,17276,-966,6019,-498,-1404,-1092,18040,-92,8105,69
1220,-1729,-404,17572,452,6235,-525,-1588,-720,17976,-343,8343,-91
1250,-2381,-521,17492,-194,6882,-774,-2200,-592,16584,-777,9430,-173
1260,-2653,-174,16763,-363,7178,-780,-2572,-272,17128,-1141,9288,-267
1270,-2795,-184,17267,-429,7334,-853,-2596,-296,16844,-844,9714,-536
1280,-3024,-333,16570,-330,7499,-1303,-2892,-356,16652,-880,9547,-853
1290,-3153,-799,17270,-249,7511,-1418,-2828,-740,17188,-446,9804,-921
1300,-3529,-1092,16804,91,7711,-1297,-3300,-1180,16560,-382,9913,-694
1310,-3771,-1188,17086,213,7857,-1003,-3472,-1216,17096,-259,9980,-311
1340,-4386,-647,16775,627,8263,-431,-4236,-796,16460,330,10543,254
1350,-4447,-572,16808,825,8426,-487,-4296,-604,16616,478,10733,141
1360,-4589,-494,16969,999,8663,-556,-4380,-708,16752,690,11062,67
1370,-4814,-367,16610,1163,8889,-666,-4728,-432,16380,881,11306,-47
1380,-4840,-410,16359,1390,9069,-790,-4676,-480,16200,1207,11445,-201
1390,-5073,-840,16041,1674,9167,-884,-4856,-864,15716,1569,11598,-278
1440,-6460,-516,15663,2483,9259,-733,-6180,-572,15316,2342,11667,-62
1450,-6591,-718,15826,2428,9319,-712,-6396,-800,15704,2162,11737,-1
1460,-6856,-688,15745,2236,9425,-637,-6544,-804,15416,1872,11954,184
1470,-7033,-553,15352,1940,9526,-533,-6852,-760,15400,1534,11981,216
1480,-7131,-481,15391,1744,9604,-462,-7000,-616,15256,1341,12071,320
1490,-7441,-469,15461,1542,9681,-392,-7300,-420,15060,1169,12204,380
1500,-7839,-530,15493,1371,9837,-329,-7668,-572,15340,946,12508,459
1510,-8155,-423,15382,1178,10085,-240,-7948,-408,15228,656,12852,565
1520,-8241,-301,14915,926,10314,-183,-8056,-284,14692,420,13004,600
1530,-8238,-339,14127,733,10385,-156,-8028,-368,13756,281,12934,657
1540,-8442,-486,13775,678,10271,-103,-8276,-528,13388,307,12678,728
1550,-8866,-438,13654,731,10054,-42,-8712,-528,13380,403,12380,836
1560,-9106,-435,13657,837,9853,57,-8964,-468,13384,606,12203,949
1570,-9365,-448,13929,963,9743,162,-9252,-440,13680,608,12212,1091
1620,-10324,-421,12988,173,9878,747,-10184,-360,12688,-556,12368,1782
1630,-10549,-164,12476,-102,9802,877,-10496,-28,12016,-799,12144,1778
1640,-10782,183,11907,-243,9616,846,-10724,328,11556,-775,11803,1581
1650,-11013,360,11609,-235,9312,703,-10944,324,11236,-650,11317,1400
1660,-11224,194,11524,-81,8954,554,-11152,144,11284,-429,11046,1306
1670,-11489,45,11783,91,8701,487,-11372,-12,11608,-330,10820,1287
1680,-11610,-16,11640,201,8503,454,-11544,-12,11088,-143,10595,1213
1710,-12044,-98,11329,513,8052,504,-11968,-52,10928,-37,10163,1398
1720,-12239,-153,11366,425,8005,561,-12108,-128,11076,-265,10173,1453
1730,-12365,-137,11292,222,7973,639,-12140,-104,10732,-492,10171,1550
1740,-12356,-34,11074,27,7984,707,-12276,144,10460,-601,10094,1589
1750,-12506,39,10692,-110,7934,751,-12536,136,10288,-666,10020,1590
1760,-12790,123,10307,-136,7847,750,-12676,244,10020,-616,9748,1497
1770,-12774,256,9804,-35,7635,700,-12692,308,8956,-185,9400,1422
1801,-13692,295,9710,853,6825,323,-13268,328,9400,556,8559,1071
1811,-13872,322,9593,924,6538,285,-13736,452,9188,456,8450,1069
1821,-13719,150,9461,577,6465,328,-13628,376,9008,248,8334,1093
1831,-13715,74,9194,577,6359,406,-13656,220,9180,44,8213,1153
1841,-13872,83,9184,556,6244,446,-13436,88,8796,121,8099,1197
1851,-13935,207,8720,543,6057,425,-13684,256,8488,152,7875,1125
1861,-14025,413,8207,567,5938,393,-13820,492,7588,208,7769,1082
1891,-14181,923,7232,512,4616,81,-14000,1008,6916,-8,5996,663
1901,-14244,914,7035,440,4021,-145,-14056,972,6664,-91,5260,336
1911,-14315,852,7062,339,3401,-386,-14132,980,6516,-189,4528,44
1921,-14372,691,7266,253,2846,-594,-14108,816,6860,-323,3873,-158
1931,-14396,519,7452,80,2379,-733,-14268,628,7028,-506,3346,-327
1941,-14412,449,7395,-97,1971,-828,-14208,548,7112,-723,2920,-414
1951,-14428,432,7238,-200,1538,-904,-14172,508,6884,-820,2368,-518
1961,-14493,355,7240,-191,1080,-954,-14288,488,6820,-763,1835,-576
1971,-14488,321,7268,-119,636,-984,-14284,328,6892,-675,1271,-635
1981,-14535,315,7376,-1,181,-1010,-14292,428,7012,-524,752,-696
1991,-14546,242,7491,175,-232,-1020,-14332,344,7040,-303,274,-705
2001,-14564,127,7605,328,-547,-1026,-14416,224,7200,-164,-74,-658
2031,-14555,64,7576,317,-1399,-875,-14408,120,7116,-250,-1042,-519
2041,-14527,102,7564,287,-1677,-854,-14364,212,7152,-322,-1421,-524
2051,-14491,124,7580,292,-2014,-875,-14312,184,7244,-292,-1836,-576
2101,-14384,46,8359,1263,-3263,-1040,-14184,60,7912,951,-3213,-753
2111,-14288,-38,8289,1471,-3394,-1000,-13988,40,7784,1195,-3348,-631
2121,-14243,-177,8123,1754,-3593,-847,-14080,-188,7580,1620,-3691,-405
2131,-14449,-96,8123,2084,-3857,-696,-14248,124,7552,1946,-3996,-316
2141,-14356,60,8308,2287,-4071,-625,-14152,184,7872,1981,-4205,-310
2151,-14250,102,8443,2316,-4234,-616,-14100,168,8040,1871,-4452,-322
2181,-13986,396,8351,2116,-4992,-702,-13852,584,7904,1792,-5469,-519
2191,-13937,461,8300,2177,-5364,-769,-13704,568,7840,1921,-5957,-613
2201,-13841,443,8476,2325,-5743,-853,-13636,668,8104,2119,-6435,-705
2211,-13748,386,8675,2510,-6115,-914,-13472,364,8272,2367,-6850,-723
2221,-13651,297,8968,2705,-6498,-918,-13412,296,8684,2588,-7256,-717
2231,-13595,222,9110,2927,-6829,-871,-13320,380,8616,2830,-7690,-549
2241,-13431,195,9192,3127,-7171,-721,-13012,204,8848,3054,-7952,-323
2271,-12848,346,9853,3285,-7958,-457,-12500,372,9716,2845,-8993,-240
2281,-12672,226,10046,3159,-8239,-430,-12436,328,9712,2619,-9384,-106
2291,-12639,201,10234,2940,-8558,-332,-12392,356,9864,2351,-9689,-111
2301,-12541,433,10276,2719,-8837,-316,-12336,604,9892,2199,-10054,-199
2311,-12526,592,10257,2576,-9177,-374,-12272,732,9896,2248,-10471,-351
2321,-12381,712,10237,2635,-9520,-472,-12100,796,9812,2593,-10938,-421
2331,-12217,592,10440,2902,-9884,-559,-11924,596,10280,2985,-11406,-449
2361,-11674,656,12029,3858,-10646,-531,-11280,600,11644,3870,-11913,-285
2371,-10992,649,12471,4040,-10724,-457,-10736,728,12028,3763,-11973,-92
2381,-10889,539,12594,3970,-10759,-46,-10684,672,12308,3194,-11942,92
2391,-10667,398,12840,3562,-10504,122,-10500,492,12492,2533,-11838,394
2401,-10187,506,12973,2202,-10701,360,-10228,392,12712,1673,-11864,618
2411,-9977,655,12864,1454,-10829,655,-9416,740,12576,702,-11991,1027
2461,-8938,1002,14282,-676,-11262,798,-8580,1004,13844,-1396,-12389,1056
2471,-8745,947,14802,-450,-11092,780,-8620,884,14736,-1158,-12196,1027
2481,-8734,1105,14928,-25,-10918,742,-8532,964,14816,-599,-11986,965
2491,-8481,1411,14756,717,-10798,584,-8468,1276,14584,489,-11912,702
2501,-8450,1740,14277,1938,-10740,289,-8260,1908,13740,2096,-11848,403
2511,-8568,1610,14264,3417,-10687,44,-8408,1740,13692,3735,-11860,166
2521,-8186,1472,14404,4676,-10780,-224,-8020,1500,13788,4974,-12010,-92
2531,-7815,1434,14723,5480,-10864,-333,-7608,1404,14320,5681,-12142,-166
2541,-7390,1423,14958,5800,-10969,-360,-7236,1364,14800,5829,-12231,-232
2551,-7276,1259,15420,5794,-10930,-299,-6960,1204,15176,5729,-12064,-65
2581,-6466,1782,15765,4646,-10431,235,-6164,1792,15604,4247,-11508,557
2591,-6433,1838,15727,4101,-10304,339,-6132,1816,15572,3616,-11296,652
2601,-6257,1776,16149,3436,-10124,472,-6084,1692,16152,2704,-11101,846
2631,-5701,2259,15950,922,-9681,517,-5528,2240,15944,-109,-10550,737
2641,-5467,2022,16089,382,-9584,458,-5232,2032,15952,-521,-10454,706
2651,-5052,1615,16136,96,-9489,473,-4784,1584,16016,-685,-10302,860
2661,-4590,1308,16533,25,-9351,661,-4224,1144,16460,-747,-10090,1195
2671,-4557,1600,16975,-37,-9168,920,-4520,1592,16796,-923,-9848,1379
2681,-4467,2132,17319,-346,-8956,1087,-4224,1984,17300,-1436,-9462,1547
2691,-4467,2446,17459,-819,-8561,1094,-4352,2392,17556,-2087,-8941,1373
2721,-3852,1985,16914,-1609,-7564,686,-3664,1956,16640,-2353,-7942,929
2731,-3627,1953,16641,-1340,-7401,569,-3328,1928,16340,-1781,-7748,808
2741,-3330,1834,16992,-767,-7219,447,-3116,1736,16752,-1031,-7598,738
2751,-3187,1889,17057,-153,-7125,397,-2972,1884,16876,-330,-7444,707
2761,-3077,1855,17045,447,-6982,375,-2800,1732,16848,275,-7290,675
2771,-3046,1792,17322,904,-6799,348,-2888,1676,17304,507,-7069,703
2821,-2456,1977,17117,-124,-5295,-25,-2196,1832,16780,-696,-5239,241
2831,-2151,1865,17009,6,-5097,-98,-1940,1816,16628,-286,-5183,129
2841,-1989,1828,16898,399,-5015,-186,-1832,1700,16608,383,-5103,43
2851,-2016,1826,17071,969,-4961,-263,-1752,1716,16800,1151,-4864,42
2861,-2160,1915,17126,1582,-4865,-319,-1884,1888,17344,1674,-4920,-109
2871,-2086,1931,17379,2066,-4828,-409,-1804,1876,16948,1954,-4758,-160
2881,-1928,2066,17435,2327,-4666,-474,-1784,1964,17516,2008,-4417,-261
2911,-1538,1940,17170,1760,-4122,-516,-1256,1796,17108,913,-3945,-119
2921,-1352,1794,16994,1406,-4007,-463,-1036,1612,17052,623,-3872,26
2931,-1263,1694,17635,1131,-3939,-347,-1028,1668,17120,378,-3751,171
2941,-1255,1810,17675,942,-3850,-203,-1092,1792,17472,229,-3547,298
2951,-1137,2174,17925,795,-3667,-98,-952,2080,17824,104,-3124,313
2961,-1075,2264,17748,668,-3355,-82,-884,2188,17880,5,-2694,294
2971,-1032,2278,17684,589,-3006,-227,-872,2184,17560,58,-2316,168
3001,-956,1746,16986,959,-2288,-270,-728,1668,16776,500,-1909,150
3011,-905,1767,16842,952,-2304,-116,-688,1620,16780,456,-1959,328
3021,-852,1786,17074,812,-2320,35,-620,1740,16916,167,-1944,528
3031,-825,1781,17163,496,-2262,206,-636,1644,17160,-213,-1855,715
3041,-825,1910,17101,169,-2182,356,-688,1808,16840,-516,-1786,858
3051,-677,2029,17371,-42,-2108,448,-484,1908,17360,-751,-1655,954
3061,-565,2169,17237,-216,-2001,468,-408,2116,17108,-885,-1550,976
3091,-528,1998,16959,281,-1790,249,-388,1936,16592,-109,-1315,743
3101,-596,1974,16953,756,-1794,199,-424,1916,16736,421,-1321,688
3111,-557,1988,17004,1211,-1796,170,-468,1868,16800,903,-1401,674
3121,-510,1907,17028,1573,-1822,184,-364,1904,16756,1289,-1386,701
3131,-482,1896,17140,1852,-1835,233,-332,1708,17072,1601,-1347,724
3141,-416,2051,17163,1993,-1810,289,-268,2016,17112,1663,-1322,845
3151,-358,2225,17207,2042,-1745,326,-200,2196,17128,1702,-1254,820
3181,-191,2298,17036,1988,-1551,54,-8,2248,16872,1707,-1065,475
3191,-329,2367,17024,2120,-1523,-5,-208,2284,16836,1897,-1020,428
3201,-268,2430,17050,2310,-1494,-50,-108,2368,16872,2064,-1034,408
3211,-217,2458,17113,2466,-1470,-96,-92,2332,17020,2243,-923,342
3221,-283,2483,17122,2582,-1428,-132,-112,2436,16920,2374,-946,294
3231,-190,2486,17048,2709,-1422,-167,-8,2436,16908,2529,-928,305
3241,-156,2580,17109,2775,-1407,-137,24,2496,16904,2496,-883,359
3291,347,2469,16846,1487,-1253,-272,460,2340,16796,634,-703,154
3301,401,2331,16963,987,-1259,-317,604,2216,16888,-46,-805,90
3311,202,2379,16936,430,-1391,-321,240,2248,16932,-635,-983,109
3321,-548,3600,17863,-69,-1314,-481,-664,3856,18564,-1114,-96,-763
3331,98,3000,17539,-480,-713,-1210,528,2372,17212,-1243,-3,-1138
3341,163,2379,17305,-487,-823,-1352,260,2372,17356,-955,-613,-879
3351,50,2764,17765,-259,-1216,-1230,256,2680,17764,-773,-902,-1064
3361,259,2743,17643,-171,-1525,-1355,456,2640,17496,-707,-1419,-1161
3371,191,2972,17577,-148,-1921,-1376,360,3016,17576,-796,-1877,-951
3381,100,3249,17673,-140,-2310,-1201,292,3192,17700,-843,-2271,-723
3391,236,3175,17766,-200,-2657,-947,528,3020,17540,-973,-2749,-444
3401,436,2970,17827,-282,-3049,-731,608,2852,17688,-1081,-3254,-276
3411,529,2847,17987,-376,-3470,-594,796,2728,17976,-1187,-3767,-230
3421,648,2962,17961,-421,-3911,-536,892,2960,17788,-1136,-4294,-85
3431,744,3060,17755,-367,-4333,-383,936,2996,17448,-846,-4710,166
3461,894,2625,17742,699,-5254,258,1040,2592,17592,511,-5718,753
3471,1004,2655,17749,1032,-5521,381,1160,2596,17688,781,-5915,789
3481,880,2741,17869,1240,-5658,399,940,2704,17872,730,-5881,746
3491,824,2871,17908,1222,-5661,372,1120,2800,17848,582,-5850,788
3501,1117,2897,17815,1128,-5617,371,1468,2748,17556,517,-5839,814
3511,1509,2789,17639,1095,-5598,402,1824,2684,17408,678,-5809,801
3521,1799,3062,17381,1200,-5571,396,2060,2756,17336,951,-5805,739
3551,2151,2837,17425,1653,-5860,372,2244,2796,17316,1221,-6073,782
3561,2409,2639,17531,1703,-6138,377,2504,2596,17524,1173,-6498,767
3571,2467,2611,17391,1557,-6548,318,2620,2456,17312,1001,-7076,697
3581,2373,2619,17261,1426,-6961,345,2512,2528,17232,861,-7535,747
3591,2361,2663,17051,1308,-7366,424,2464,2640,16984,704,-8030,820
3601,2521,2716,16963,1138,-7748,495,2632,2604,16924,553,-8426,885
3611,2808,2906,16746,980,-7984,520,2940,2696,16752,313,-8693,887
3641,3450,3203,16483,687,-8324,569,3568,3160,16424,60,-9108,945
3651,3857,2937,16318,852,-8625,762,3912,2900,16160,349,-9511,1206
3661,4406,2664,16117,1229,-8933,1021,4376,2620,15876,782,-9890,1533
3671,4917,2523,16188,1673,-9205,1276,4960,2368,15920,1324,-10188,1827
3681,5374,2589,16247,2037,-9434,1616,5548,2484,15976,1656,-10442,2235
3691,5640,2693,16448,2246,-9688,2015,5812,2464,16256,1799,-10762,2722
3701,5617,2925,16692,2150,-9910,2279,5800,2736,16696,1484,-10979,2872
3731,5249,3191,16205,145,-9866,1834,5304,3132,16176,-929,-10760,2180
3741,5600,2868,15704,-311,-9726,1603,5624,2856,15704,-1238,-10632,1936
3751,6038,2449,15427,-420,-9701,1443,6124,2372,15152,-1171,-10641,1799
3761,6402,2335,15278,-325,-9711,1379,6448,2184,15120,-1007,-10704,1772
3771,6769,2337,15012,-156,-9828,1391,6920,2228,14852,-819,-10923,1866
3781,7050,2386,14996,27,-10013,1542,7172,2252,14872,-606,-11163,2142
3792,7306,2571,14770,144,-10268,1784,7428,2400,14616,-550,-11531,2410
3842,8130,1732,14869,-2010,-11319,1559,8172,1684,14708,-3523,-12737,1625
3852,8511,1148,14435,-2430,-11630,1167,8512,868,14784,-3570,-13165,1036
3862,9052,1068,14414,-2558,-12047,721,9072,1032,14224,-3720,-13698,716
3872,9283,1319,13859,-2624,-12393,493,9260,1344,13500,-3651,-14051,585
3882,9588,1472,13566,-2556,-12694,453,9768,1352,13304,-3553,-14299,740
3892,9937,1464,13514,-2489,-12936,576,10064,1332,13220,-3574,-14680,849
3922,10975,2812,12640,-1626,-13113,2930,10748,2800,10800,-1576,-14839,3981
3932,10566,1735,13580,-940,-13317,3351,10396,1520,13236,-1570,-15067,3428
3942,10130,993,14171,-687,-13331,2715,9980,788,14728,-1962,-14250,2216
3952,9557,1391,15230,-1062,-12661,1562,9460,1232,15364,-3019,-13439,650
3962,9926,1764,14047,-1829,-12113,384,10060,1260,13936,-3409,-13354,3
3972,10433,1526,12635,-2167,-11946,-98,10708,1220,12276,-2998,-12980,153
4022,12415,933,12033,95,-11271,1067,12564,540,11612,-422,-12754,1092
4032,13133,568,10544,371,-11507,785,13412,320,10760,107,-13179,758
4042,13643,481,10744,769,-11863,517,13744,420,10572,535,-13810,494
4052,13741,488,10577,1117,-12358,301,13832,388,10624,628,-14439,362
4062,13108,689,10021,1228,-12904,481,13468,440,10212,619,-15062,513
4072,12673,672,9870,1244,-13386,364,12896,620,9700,693,-15417,537
4082,12312,694,9676,1327,-13703,542,12616,480,9552,828,-15364,738
4092,12315,1245,9260,1737,-13559,916,12320,732,9160,1190,-15220,1219
4102,12504,1907,9413,2043,-13214,1191,12500,1468,9060,1588,-14757,1551
4112,12880,2322,10058,2075,-12629,1041,12600,2020,9692,1566,-14052,1323
4122,13361,2380,9866,1678,-11939,611,13176,2392,10072,1041,-13193,761
4132,13503,2051,8657,1243,-11307,235,13516,2148,9100,558,-12478,384
4142,13617,1526,8047,1110,-10741,77,13536,1628,7760,514,-11765,257
4152,13820,641,7984,955,-10203,-8,13728,888,7724,344,-11141,151
4202,14912,1246,7030,1578,-7308,-235,14988,1044,7264,1111,-7664,70
4212,14810,1311,6494,1764,-6832,-283,14820,1160,6536,1320,-7148,-49
4222,14865,1398,6353,1950,-6265,-384,14792,1244,6200,1588,-6401,-139
4232,15034,1423,6269,1966,-5680,-487,14996,1392,6164,1570,-5727,-222
4242,15126,1351,6030,1923,-5173,-515,15148,1212,5812,1450,-5159,-205
4252,15336,1274,5856,1918,-4717,-412,15312,1180,5576,1509,-4672,3
4262,15354,1211,5831,1950,-4265,-305,15384,1160,5448,1573,-4092,99
4292,15538,858,5738,2362,-3155,18,15552,712,5448,2127,-2844,545
4302,15508,959,5718,2572,-2832,30,15560,796,5316,2316,-2466,489
4312,15534,1084,5741,2539,-2538,-37,15548,928,5404,2166,-2120,371
4322,15528,1137,5660,2327,-2233,-125,15564,1076,5432,1841,-1753,288
4332,15636,1070,5565,2051,-1962,-215,15636,1028,5356,1538,-1422,183
4342,15645,1056,5434,1860,-1722,-266,15588,848,5112,1328,-1132,184
4352,15727,1147,5273,1741,-1470,-210,15728,992,5008,1283,-815,290
4382,15663,1024,5439,1370,-747,-98,15604,888,5320,744,27,307
4392,15599,978,5488,1098,-481,-214,15560,852,5392,418,410,174
4402,15605,970,5323,754,-167,-347,15592,832,5028,59,823,-6
4412,15686,1014,5230,462,155,-455,15632,908,4996,-272,1238,-77
4422,15631,1122,5265,221,488,-527,15568,924,4984,-550,1586,-110
4432,15546,1203,5148,-25,866,-592,15492,1100,4776,-762,2144,-193
4442,15583,1139,5383,-254,1305,-671,15512,1016,5204,-1067,2658,-303
4472,15477,1249,5053,-923,2694,-716,15536,1152,4580,-1611,4393,-352
4482,15378,1268,5212,-1004,3201,-843,15348,1192,5152,-1744,5026,-506
4492,15356,1270,5585,-1147,3690,-958,15408,1200,5244,-2039,5577,-521
4502,15185,1286,5830,-1349,4184,-1016,15060,1228,5624,-2248,6299,-633
4512,15018,1330,5759,-1488,4783,-1134,14996,1192,5660,-2229,7067,-697
4522,14987,1502,5956,-1471,5438,-1199,15088,1364,5772,-2115,7787,-680
4532,15103,1556,6209,-1371,6041,-1122,15172,1380,6008,-1856,8442,-381
4562,14635,1775,6721,-375,7871,-369,14668,1588,6548,-638,10757,555
4572,14421,1667,6844,-99,8565,-183,14388,1520,6640,-382,11734,719
4582,14153,1636,6820,133,9397,-47,14092,1488,6512,-85,12719,882
4592,14042,1657,6856,360,10177,56,14168,1540,6644,139,13545,1033
4602,13941,1377,7137,564,10885,144,14020,1032,7168,248,14433,1067
4612,13846,1010,7978,644,11654,187,13868,960,7436,311,15431,1176
4622,13538,926,8890,679,12421,220,13500,780,8168,316,16158,1144
4652,12752,910,9246,-95,14283,-478,12820,832,8860,-1054,18430,467
4662,12733,539,10028,-508,15470,-615,12832,660,9376,-1443,19106,262
4672,12404,205,10694,-1361,15942,-769,12612,248,10320,-1986,19599,104
4682,12017,121,11290,-1839,16137,-1082,12188,48,10804,-2512,19752,-317
4692,11649,155,11817,-2382,16081,-1484,11824,4,11584,-3121,19759,-755
4702,11392,246,12077,-2902,15901,-1852,11512,148,11948,-3715,19493,-1214
4712,11288,424,11999,-3248,15708,-2109,11328,236,11876,-4135,19314,-1485
4742,9886,705,11279,-2068,16121,-2398,10148,544,10448,-2509,19999,-1766
4752,9511,771,12517,-1224,16546,-2421,9756,576,11992,-1647,20295,-1725
4762,9086,631,13680,-736,16578,-2481,9304,548,13428,-1152,20281,-1808
4772,8858,468,14382,-588,16342,-2672,8924,336,14136,-1061,19967,-2142
4782,8934,550,14901,-636,16039,-2992,8912,360,14752,-1133,19573,-2515
4792,9064,776,15092,-862,15660,-3193,9180,588,15040,-1456,19070,-2670
4802,8913,943,15027,-1195,15203,-3091,9140,764,14952,-1856,18507,-2480
4852,7526,1258,15505,152,13755,-2090,7752,1048,15396,0,16914,-1386
4862,7073,1624,14993,856,13816,-1984,7280,1492,14668,959,17145,-1250
4872,6309,1751,15503,1716,14029,-1792,6568,1608,14856,1972,17359,-944
4882,5286,1755,15420,2509,14130,-1454,5264,2372,13244,3034,17001,-543
4892,4834,1194,16360,3095,13801,-1053,5224,1504,15504,3539,16753,16
4902,5015,1029,17072,3365,13224,-652,5164,988,16728,3570,15936,432
4932,5741,1097,18315,2990,10933,219,5788,864,18472,2709,13108,1167
4942,5605,1135,17614,2925,10323,216,5684,968,17444,2883,12633,1030
4952,5141,1159,17194,3190,10162,44,5164,1036,17004,3362,12722,731
4962,4458,1498,17173,3604,10216,-182,4592,1428,17004,3890,12706,594
4972,3757,1693,17324,3853,9986,-221,3804,1576,17168,3900,12128,650
4982,3154,1581,17514,3764,9448,-74,3308,1504,17508,3493,11386,851
4992,2687,1451,17628,3342,8808,61,2724,1372,17656,2795,10569,929
5022,2447,1542,17700,1068,7398,45,2692,1416,17756,-71,9341,840
5032,2706,1386,17549,133,7235,80,2868,1224,17904,-975,9304,848
5042,2729,1343,17393,-581,7197,65,2796,1260,17464,-1618,9139,753
5052,2440,1329,17235,-1152,7029,7,2500,1240,17196,-2290,8664,692
5062,1999,1203,17491,-1727,6570,-41,2072,1044,17408,-3071,8028,613
5072,1570,1087,17668,-2459,5982,-71,1644,1004,17744,-4091,7289,578
5082,1330,1101,17626,-3338,5337,-95,1388,1068,17728,-5117,6516,406
5112,1522,1056,17333,-5080,3476,-510,1620,972,17064,-6219,4333,-33
5122,1442,1079,17186,-4944,2875,-508,1620,976,16856,-5682,3653,44
5132,1396,1038,17147,-4421,2348,-427,1600,904,16868,-4827,3074,228
5142,1374,985,16980,-3627,1910,-264,1536,900,16664,-3753,2813,453
5152,1247,997,17081,-2677,1698,-75,1264,836,16876,-2663,2765,604
5162,882,1080,17336,-1781,1636,11,860,964,17192,-1829,2710,497
5172,574,1036,17635,-1058,1622,-98,584,864,17556,-1215,2685,177
5182,483,828,17753,-537,1626,-333,532,700,17564,-736,2745,-158
5212,724,294,17342,863,1869,-957,948,280,17252,947,2969,-499
5222,1037,241,17558,1316,1858,-941,1188,80,17392,1243,2855,-415
5232,1020,333,17559,1604,1792,-878,1192,112,17548,1230,2723,-322
5242,942,454,17378,1614,1681,-820,1152,340,17344,1047,2598,-374
5252,800,417,17457,1175,1489,-874,888,368,17328,662,2517,-449
5262,754,328,17586,661,1398,-907,836,268,17392,107,2416,-487
5272,733,336,17349,184,1250,-872,848,372,16988,-396,2282,-413
5302,638,232,17113,-520,858,-374,828,216,16868,-1257,1767,156
5312,924,149,17862,-570,647,-134,772,68,16956,-1281,1603,420
5322,899,87,18567,-758,-145,259,1468,188,18356,-1421,354,943
5332,503,-105,18149,-1011,-853,562,480,-156,18600,-1902,-461,1134
5342,268,371,17551,-1093,-1169,437,428,68,17468,-1943,-654,921
5352,-43,430,17340,-1023,-1329,347,96,384,17132,-1849,-802,884
5362,-106,111,17395,-933,-1484,326,-24,0,17516,-1768,-1024,808
5372,-157,183,17213,-962,-1695,274,8,-156,17112,-1746,-1296,734
5382,106,1683,18945,-898,-1346,66,-492,1168,17280,-1250,-401,369
5392,769,56,19318,2,-323,-388,48,1716,20336,407,560,-46
5402,428,-343,15761,607,-565,-382,56,-416,14840,-712,-162,40
5412,784,683,15880,253,-576,-491,1000,128,15480,-809,352,-27
5422,486,-358,17517,780,-219,-382,852,-1032,17420,492,552,128
5432,287,482,17729,555,-173,-397,436,472,17160,25,464,24
5442,341,63,17480,510,-381,-435,408,-304,17800,-369,391,14
5452,403,183,16709,322,-373,-434,484,260,16476,-141,290,14
5492,761,39,17024,317,-514,-468,856,24,16752,-228,176,-17
5502,635,5,17100,421,-503,-522,612,-56,17036,-148,217,-100
5512,205,164,16814,429,-450,-532,96,160,16560,-146,231,-110
5522,-40,260,17196,344,-477,-510,680,100,15768,-255,157,-72
5532,-25,243,16660,430,-404,-439,-172,176,16572,-55,326,29
5542,827,44,17529,397,-393,-396,828,76,17288,-96,262,87
5552,555,30,17366,522,-434,-368,532,24,17080,-88,168,69
5562,16,70,16716,469,-479,-377,-268,-712,18404,120,223,48
5572,415,93,17309,563,-517,-393,600,-316,17112,72,265,46
5582,488,75,17226,556,-465,-400,424,-48,17092,-6,143,16
5592,336,77,17030,614,-485,-428,456,0,16680,-26,199,48
5602,369,142,17079,567,-472,-419,352,76,16948,44,226,52
5612,483,85,17259,598,-478,-418,488,-32,17036,-20,205,18
5622,433,87,17051,559,-478,-409,404,16,16764,41,183,39
5632,377,106,17109,590,-480,-418,392,52,17000,8,225,21
5642,387,89,17203,567,-484,-419,404,12,17032,44,171,31
5652,311,140,17168,567,-488,-417,248,48,16976,-74,188,8
5662,486,59,16999,538,-476,-421,500,-60,16752,141,168,37
5672,409,111,17123,643,-481,-414,336,44,16960,34,191,32
5682,292,80,17210,595,-482,-418,284,-48,17008,148,185,49
5692,411,112,17155,640,-484,-420,484,-60,16932,21,173,48
5702,413,98,16988,577,-482,-414,388,28,16888,153,175,17
5712,351,105,17200,646,-484,-408,300,-4,17100,56,192,50
5722,347,99,17249,607,-497,-416,312,28,16976,35,177,39
5782,345,204,17077,587,-445,-406,324,76,17128,-66,243,36
5793,282,143,17070,546,-483,-414,392,104,16968,-64,207,9
5803,429,164,17165,500,-514,-420,432,28,16908,-61,154,8
5813,458,125,17110,504,-515,-435,404,16,16892,5,181,-34
5823,336,128,17116,529,-504,-459,392,-4,16948,68,213,-54
5833,349,166,17236,576,-506,-475,292,172,17092,-91,198,-28
5843,203,333,17221,505,-484,-499,64,344,16996,-52,228,-161
5853,134,392,17151,487,-493,-580,268,248,16936,-20,202,-315
5863,282,157,17085,515,-495,-693,248,-12,16716,-28,203,-312
5873,241,2,17042,514,-496,-727,244,-80,16852,7,192,-284
5883,309,22,17114,554,-491,-701,460,28,16944,12,202,-246
5893,522,49,17109,568,-475,-674,564,-52,16948,-28,236,-178
5903,-253,-1033,16708,299,-479,-573,3344,14804,24004,4480,1178,755
5913,-165,1697,9238,-989,-355,-281,3204,864,13744,-11464,618,996
5923,550,1382,17609,-1073,-299,-83,248,-4348,20032,2061,557,864
5933,740,-1957,18577,765,-348,-6,812,-1908,19052,133,-192,185
5943,354,-927,18069,1617,-663,-117,-88,464,13592,-287,352,5
5953,110,555,14537,515,-494,-448,704,-808,18268,499,222,143
5963,747,-105,18349,862,-497,-360,952,-160,18300,-200,110,5
5973,937,118,18163,709,-470,-347,600,-588,15900,385,100,-83
5983,578,-155,15897,714,-583,-449,744,-284,16804,631,244,-14
5993,726,-115,17059,1183,-519,-465,824,-32,18064,220,176,-20
6003,739,376,17731,997,-508,-457,1164,-2116,18640,2057,-71,208
6053,-34,-48,16341,370,-490,-494,208,264,16724,-252,428,-75
6063,240,223,16851,510,-543,-477,436,324,17656,39,36,-28
6073,480,223,17733,431,-458,-483,376,156,16716,-331,322,-122
6083,382,39,17013,495,-520,-523,288,204,16200,191,108,-125
6093,373,122,16605,454,-521,-544,888,24,17252,-124,256,-96
6103,781,-14,17436,615,-464,-552,608,-240,16900,282,176,2
6113,645,-149,17206,554,-514,-467,332,84,16612,218,183,21
6123,433,61,16936,719,-487,-435,216,-112,17188,235,297,138
6133,297,-44,17306,717,-497,-389,164,-156,17076,142,188,211
6143,150,-110,17331,679,-479,-299,200,-24,16780,49,209,264
6153,141,-1,17030,622,-474,-231,172,160,16860,30,251,248
6163,149,215,17090,560,-479,-179,252,272,17148,-5,216,96
6173,250,336,17286,576,-473,-255,296,4,16804,-74,205,2
6183,267,209,17101,528,-478,-362,292,-8,16692,-16,203,34
6193,312,65,16936,476,-490,-416,480,48,16908,7,182,0
6203,440,112,17151,555,-478,-430,536,84,17000,-69,195,-68
6213,529,154,17234,545,-491,-452,420,24,16804,-3,188,-30
6223,440,129,17110,503,-499,-458,228,-24,16912,-11,206,34
6233,302,84,17159,546,-497,-465,88,48,17032,-34,253,56
6243,120,110,17241,552,-460,-434,-468,-232,16956,-110,211,-20
6253,-222,-81,17252,507,-465,-430,-664,-72,16708,-9,201,-92
6263,-589,-90,17093,481,-484,-473,-596,-68,16960,-65,170,-112
6273,-715,42,17121,528,-485,-529,-372,0,16868,-13,163,-217
6283,-473,67,17128,503,-503,-571,76,-108,16928,-39,190,-252
6293,-47,8,17114,532,-540,-621,592,84,16700,30,186,-300
6323,1307,638,17284,598,-512,-747,1436,32,17484,-262,136,-548
6333,1233,163,17093,843,-442,-836,920,420,15980,100,418,-560
6343,651,-55,17228,373,-501,-926,616,-176,17100,296,88,-337
6353,277,563,17250,497,-496,-769,128,488,17160,661,292,-160
6363,-208,752,17223,1074,-419,-567,56,376,16180,-2166,341,651
6373,-352,1196,16281,-555,-445,14,-516,1896,14928,-80,165,572
6383,212,64,18022,51,-407,165,1108,-1896,19160,-1264,151,549
6393,840,299,16989,629,-383,55,1020,304,14964,290,235,492
6403,1282,-167,16375,377,-519,6,1768,-1056,18068,-446,108,472
6413,2025,-216,17545,684,-458,-30,1928,-604,17128,421,219,267
6423,1551,-524,17366,617,-498,-190,1012,-732,16664,114,79,284
6433,632,-298,16661,666,-593,-171,-148,-412,16684,427,151,412
6443,-294,-476,17485,691,-539,-88,-296,-244,17144,328,291,473
6453,-286,347,17838,669,-476,-23,-476,776,18264,9,146,376
6463,-295,843,16999,599,-506,-106,-100,404,16160,-153,202,253
6473,-29,318,16646,406,-479,-212,116,60,16880,66,248,115
6513,502,137,17491,364,-318,-499,-152,136,16120,-89,243,-70
6523,173,135,16606,323,-437,-517,1036,-292,17380,-194,379,-86
6533,1236,-135,17423,494,-348,-512,616,-184,16836,55,118,225
6543,642,-214,16781,395,-560,-349,220,-236,17164,-66,170,160
6553,308,-35,17357,637,-506,-268,416,164,17164,-214,198,87
6563,380,291,17449,425,-505,-370,104,200,16976,-191,110,9
6573,355,221,17213,388,-539,-402,392,228,16588,-142,110,-70
6583,486,254,16798,396,-606,-466,980,272,16496,-1,137,-250
6593,1057,258,16812,538,-560,-589,524,84,16460,77,145,-391
6603,516,111,16832,570,-531,-737,40,108,17032,146,209,-530
6613,213,115,17281,671,-497,-884,352,-4,17200,41,126,-413
6623,373,21,17431,637,-479,-906,60,-248,16692,322,212,-322
6633,124,-193,17064,739,-495,-808,152,-476,17028,499,245,-262
6643,247,-368,17282,932,-471,-726,384,-252,16992,670,217,-205
6653,397,-197,17327,1076,-485,-678,156,-172,16804,873,149,-11
6693,556,329,16970,1710,-563,-402,508,308,16720,1463,202,95
6703,610,377,16932,1755,-527,-417,408,252,16736,1420,213,139
6713,580,313,16982,1841,-472,-412,404,188,17248,1331,182,208
6723,502,247,17390,1812,-479,-362,152,132,17056,1315,132,213
6733,300,172,17416,1775,-473,-302,228,236,16996,1237,181,230
6743,302,330,17164,1733,-506,-261,312,232,16880,1151,205,191
6753,309,356,17221,1657,-474,-267,152,280,16928,942,167,141
6793,468,621,16971,1315,-495,-354,472,600,16764,637,209,275
6803,523,727,17046,1218,-496,-294,356,668,16764,551,141,225
6813,490,760,17060,1152,-485,-258,168,676,17084,284,197,215
6823,392,807,17191,1005,-493,-262,-112,688,17028,220,199,158
6833,77,801,17299,848,-506,-250,-68,620,17068,-123,144,11
6843,22,684,17355,703,-481,-333,40,116,16956,-341,168,-125
6853,100,374,17198,443,-528,-466,-116,-160,16800,-441,181,-112
6863,53,4,17107,264,-520,-536,104,-24,17064,-732,169,-206
6873,51,-17,17244,145,-514,-590,328,76,16644,-866,79,-202
6883,369,16,16870,-62,-532,-645,536,384,16524,-813,201,-224
6893,570,539,16769,-166,-562,-654,636,576,16604,-819,254,-133
6903,759,661,17103,-155,-497,-644,656,524,17036,-854,280,-13
6913,562,573,17334,-154,-420,-329,208,432,16976,-793,278,111
6923,158,286,17295,-164,-405,-358,8,104,17024,-620,243,113
6933,157,166,17506,-137,-439,-358,44,76,17356,-602,233,58
6973,333,455,17230,262,-510,-300,240,396,16824,-156,180,270
6983,302,369,17067,395,-499,-225,312,344,16768,23,175,348
6993,359,329,17029,554,-498,-168,324,232,16732,83,164,364
7003,413,190,17022,613,-489,-154,276,48,16904,3,185,249
7013,292,6,17179,583,-480,-215,176,-152,16916,238,185,129
7023,262,-11,17298,688,-487,-307,308,100,17248,374,104,3
7033,444,290,17476,869,-536,-427,536,300,17004,238,35,-119
7043,677,397,17431,824,-600,-520,672,188,17132,663,-51,-55
7053,713,333,17280,1052,-675,-510,660,396,16800,940,-33,116
7063,720,518,17145,1346,-686,-433,712,636,16420,1232,26,235
7073,623,674,16995,1552,-677,-325,300,608,16656,1265,84,312
7083,436,529,17009,1630,-605,-218,404,76,16740,1214,46,277
7093,495,68,17035,1654,-576,-214,272,-116,16712,1427,60,193
7103,439,50,17073,1777,-589,-286,380,268,17396,979,189,58
7113,534,328,17612,1595,-551,-378,320,260,17872,526,-89,-106
7143,358,1211,18225,676,-1433,-519,384,1404,18400,-112,-2081,315
7153,530,1393,18707,554,-2088,-300,-32,1200,18688,-1121,-3002,453
7163,418,1196,18486,64,-2862,-66,204,752,17592,-1384,-3817,503
7173,502,893,18123,-433,-3555,10,-4,264,18596,-1762,-3888,594
7183,405,384,17127,-785,-3928,51,0,-396,17272,-1789,-3763,636
7193,306,-253,16875,-871,-3855,158,-148,-836,15888,-1715,-3365,315
7203,-53,-756,16369,-817,-3607,33,-760,-1228,15524,-1994,-3082,-223
7213,-562,-1128,16013,-1048,-3406,-334,-764,-460,15344,-1837,-2347,-670
7223,-585,-476,16077,-1166,-3047,-764,-1052,636,15652,-1362,-1673,-873
7233,-433,427,15680,-918,-2436,-1081,152,736,15496,-640,-643,-849
7243,-27,894,16097,-310,-1728,-1230,-272,1052,15088,405,222,-659
7253,-179,1090,15662,433,-881,-1164,80,688,16176,1051,826,-507
7263,140,794,16222,1137,-290,-1044,152,440,16240,1718,1430,-456
7273,342,524,16427,1714,277,-934,652,216,16420,1966,1580,-385
7283,721,340,16631,2166,614,-899,1076,84,16464,2055,1799,-300
7353,2212,1539,16862,2230,1691,52,1804,1220,16696,1861,3003,1198
7363,2046,1404,16815,2301,1810,337,1664,792,16568,2011,3156,1236
7373,1812,962,16848,2291,1930,471,1384,456,16544,1811,3325,1181
7383,1568,588,16901,2306,2054,486,1064,352,16888,1655,3482,1085
7393,1326,412,17033,2138,2196,444,380,412,16788,1436,3559,885
7403,795,490,17051,2003,2341,325,104,444,16868,1009,3497,652
7413,399,528,17057,1790,2366,182,-40,392,17136,795,3458,323
7423,221,494,17347,1447,2329,-36,48,560,17256,471,3227,14
7433,250,630,17374,1255,2243,-324,128,760,17100,298,3005,-60
7443,291,730,17474,990,2071,-529,-108,892,17184,417,2906,-44
7453,96,987,17403,853,1931,-605,240,836,16520,699,2408,39
7463,66,994,23099,932,1817,-589,608,960,22344,-1484,-399,25
7473,-493,837,17760,723,877,-526,308,1468,11984,-802,-67,14
7483,-202,608,14811,-502,-730,-513,-528,488,16892,-991,-7,44
7493,27,663,17241,-469,-815,-448,128,416,16844,-624,625,-76
7503,99,464,17290,-142,-78,-557,420,664,16388,-568,277,-240
7513,254,897,17502,104,-429,-660,16,912,16620,-820,219,-293
7523,18,925,16890,-231,-477,-702,-180,1024,16812,-516,245,-116
7533,-71,1077,17130,51,-482,-581,-112,1004,17008,-527,165,-2
7543,-29,959,17351,130,-444,-474,-48,728,16952,-429,233,126
7553,16,809,17062,206,-474,-397,-16,688,16812,-307,203,93
7563,33,795,17053,272,-503,-362,-20,728,16868,-300,232,130
7573,63,755,17257,319,-456,-359,-64,612,16960,-248,193,131
7613,10,715,17230,303,-462,-255,-4,592,16932,-161,264,302
7623,17,720,17080,383,-446,-229,-12,612,16760,-106,209,314
7633,41,640,17145,439,-452,-194,-108,444,16936,-84,182,301
7643,-27,560,17208,511,-456,-208,-100,540,16904,-202,213,188
7653,-13,608,17107,434,-457,-278,12,564,16888,-285,192,97
7663,72,665,17095,292,-474,-344,-4,672,16868,-413,209,90
7673,73,683,17140,211,-471,-371,48,656,16824,-523,205,53
7683,56,694,17123,147,-474,-385,16,588,16816,-612,197,17
7693,99,663,17104,69,-493,-401,-28,480,16908,-660,238,36
7703,61,605,17195,-4,-476,-427,-4,496,16884,-623,188,-2
7713,38,600,17184,-37,-497,-416,-28,520,16728,-829,165,28
7723,10,650,17059,-101,-490,-413,36,436,16936,-928,208,65
7733,9,569,17244,-245,-493,-391,-80,444,17092,-1020,209,70
7743,-62,526,17268,-332,-479,-387,-72,432,16848,-1193,176,16
7753,-44,556,17062,-432,-471,-408,0,464,16920,-1363,216,7
7763,26,495,17182,-569,-481,-431,-88,340,17012,-1344,231,-15
7794,48,-123,17109,-794,-502,-496,56,-200,16936,-1637,206,-344
7804,103,-93,17248,-940,-502,-657,292,324,16836,-1947,235,-244
7814,146,284,17150,-1039,-522,-714,-4,324,16684,-2055,135,-74
7824,-41,675,16955,-1206,-528,-627,-60,948,17164,281,213,256
7834,-138,1157,17505,-477,-545,-424,-192,124,17304,-94,269,175
7844,-96,266,17401,731,-460,-256,164,68,16064,-721,197,324
7854,61,138,16439,260,-465,-277,8,80,17512,-152,167,365
7864,118,16,17557,119,-487,-141,-28,232,17080,154,173,296
7874,-35,202,17440,553,-500,-141,-236,608,15964,-85,200,369
7884,-79,451,16502,513,-476,-147,172,128,17552,54,164,270
7894,84,207,17615,512,-482,-167,52,252,16556,-22,212,231
7904,73,268,17210,535,-490,-214,60,348,16824,119,182,68
7914,40,391,16872,564,-493,-280,-60,392,17164,-36,213,87
7924,-16,390,17407,580,-499,-344,40,0,16864,49,204,29
7934,-3,267,17140,597,-487,-369,96,200,16824,-6,182,11
7944,87,298,16989,586,-482,-400,-84,52,17132,14,200,82
7984,-35,264,17225,564,-488,-389,44,176,16924,-21,202,48
7994,-6,264,17095,568,-483,-398,48,128,16868,21,162,20
8004,21,218,17165,571,-489,-414,-16,172,16800,18,168,4
8014,96,103,17141,552,-493,-408,68,28,16924,52,167,127
8024,-63,256,17236,568,-515,-394,-16,196,17080,9,172,101
8034,48,329,17182,600,-502,-358,48,260,16728,3,203,74
8044,-10,285,17051,568,-495,-366,-76,204,16852,27,197,18
8054,-30,312,17262,554,-484,-399,28,272,17032,-56,200,32
8064,39,248,17158,530,-463,-420,28,156,16712,20,212,46
8074,5,246,17063,561,-499,-419,0,128,16872,6,190,26
8084,105,233,17245,572,-489,-429,120,176,16912,29,197,11
8094,54,193,17123,588,-488,-435,4,176,16792,147,208,-3
8104,88,245,17131,641,-490,-449,68,148,16896,76,212,-23
8114,-25,376,17103,659,-502,-457,0,308,16596,834,187,18
8124,-36,104,17247,1129,-473,-453,68,20,16960,1631,216,6
8134,12,145,17153,1866,-497,-440,-16,236,16716,2165,192,110
8144,-8,330,17098,2366,-470,-383,-24,340,16964,2296,177,188
8154,14,398,17228,2596,-468,-318,48,240,17028,2725,190,204
8164,35,287,17177,2876,-454,-310,-96,132,16780,3233,196,147
8174,-17,302,17130,3272,-467,-330,20,260,16728,3788,161,127
8184,64,489,17204,3796,-457,-374,60,572,16804,4491,181,94
8194,57,619,17200,4372,-463,-383,4,672,16812,5280,211,125
8204,-5,771,17118,4996,-444,-369,76,840,16808,5873,190,240
8214,1,1032,17168,5598,-434,-314,88,1132,16684,6353,187,458
8244,75,1968,17110,7027,-387,344,148,1816,16808,8333,278,1298
8254,25,1930,17097,7651,-365,565,-80,1760,16784,9008,283,1369
8264,-57,1816,17098,8300,-332,672,-52,1620,16868,9599,294,1441
8274,-127,1717,17185,8876,-304,728,20,1712,16808,10133,327,1477
8284,-44,1771,17160,9342,-291,766,56,1804,16780,10349,357,1470
8294,-22,1882,17151,9671,-259,764,-40,2100,16836,10551,367,1394
8304,-73,2187,17144,9831,-233,748,-40,2376,16796,10797,325,1218
8314,-11,2475,17040,10039,-226,629,176,2728,16628,10980,357,1057
8344,48,3590,16867,10581,-246,352,20,3940,16472,11801,408,1117
8354,-29,3937,16806,10867,-211,389,40,4168,16524,12144,436,1149
8364,-34,4197,16716,11149,-199,446,-4,4532,16172,12523,400,1217
8374,-14,4423,16633,11425,-179,490,-96,4736,16376,12997,468,1125
8384,-84,4738,16634,11832,-148,499,160,4900,16280,13225,439,1126
8394,12,4884,16550,12163,-140,440,-692,5108,30648,12047,474,1113
8404,266,4992,18212,12227,-140,441,-716,5404,15564,12369,781,1053
8414,-213,4886,16704,11095,-201,525,-512,4800,16468,11593,194,884
8424,-23,4706,16601,11074,-195,427,-124,5876,15448,10834,-175,719
8434,-120,5091,16040,10826,-363,290,-124,5944,15740,11948,-545,814
8444,-101,5881,16520,10607,-778,184,-68,6220,15672,11259,-1516,791
8474,574,6915,16049,10530,336,-258,-312,6828,15024,11210,141,512
8484,-231,6876,15449,10607,402,-184,564,7072,15476,11140,550,-76
8494,325,7083,15762,10520,-404,-141,-276,8260,16880,9939,355,-48
8504,-126,7619,15447,10322,-20,-557,36,7140,14876,10786,-291,67
8514,37,7284,15655,9939,-397,-463,80,7892,15604,9805,379,-327
8524,168,7391,15589,9794,-708,-523,-56,8056,14180,10594,-264,68
8534,-171,8220,14759,9542,-285,-717,180,7780,15416,9599,167,-278
8544,143,7660,15349,9723,-711,-532,-116,8744,14408,9893,-72,-130
8554,-92,8488,14699,9127,-457,-756,136,8248,14772,9555,-60,-177
8564,29,8334,14840,9269,-605,-627,-100,9028,14268,9682,165,-121
8574,-44,8750,14483,9041,-576,-662,64,8744,14428,9757,-37,69
8624,6,9598,14029,9187,-440,-436,68,9596,13880,9295,150,22
8634,-23,9841,13904,8824,-440,-456,40,9940,13472,9207,109,78
8644,0,9963,13773,8729,-432,-440,56,9960,13600,9106,113,75
8654,-14,10148,13715,8628,-463,-430,4,10180,13428,9091,154,96
8664,-22,10265,13690,8621,-417,-417,-24,10280,13296,9324,134,111
8674,-19,10420,13554,8789,-422,-401,56,10504,13240,9446,192,105
8684,-3,10556,13426,8928,-415,-410,32,10624,13032,9600,161,90
8694,-15,10722,13296,9059,-403,-417,52,10764,12824,9726,171,120
8704,-53,10849,13157,9140,-418,-389,-32,10928,12756,9750,302,269
8714,-93,10981,13026,9189,-341,-301,12,11100,12596,9809,446,469
8724,-77,11238,12851,9248,-204,-146,-4,11388,12452,9936,641,618
8734,-97,11394,12558,9341,-46,1,12,11556,12216,9812,792,771
8744,-66,11627,12339,9298,60,130,0,11868,11816,9756,809,761
8754,-27,11822,12145,9207,128,162,128,11876,11880,9628,793,740
8764,8,11934,11995,9107,127,136,104,11988,11652,9492,756,690
8774,36,12050,11952,9012,108,91,76,12144,11636,9532,763,703
8804,26,12388,11573,9025,187,144,16,12576,10996,9639,951,837
8814,-23,12549,11440,9059,247,183,36,12692,10912,9776,935,781
8824,-34,12679,11254,9169,253,176,100,12812,10784,9783,949,773
8834,-21,12824,10992,9223,247,164,144,12952,10620,9641,1012,775
8844,-3,12940,10853,9118,256,172,128,13108,10424,9568,1003,792
8854,-14,13064,10736,9020,275,183,92,13128,10320,9532,1031,824
8864,7,13145,10597,9037,310,177,64,13344,10128,9433,1069,795
8894,-16,13560,9933,8656,339,161,84,13748,9448,8611,1101,758
8904,11,13657,9792,8399,414,150,148,13692,9596,8229,1056,740
8914,58,13667,9765,8058,400,135,188,13780,9620,7861,954,621
8924,58,13686,9736,7689,290,63,176,13740,9364,7397,692,437
8934,69,13760,9635,7361,120,-47,232,13880,9360,6964,457,289
8944,61,13829,9535,6951,-85,-180,180,13936,9228,6577,213,143
8954,52,13971,9387,6597,-278,-317,128,14208,8780,6469,102,54
8964,30,14197,9072,6358,-450,-406,164,14292,8612,6384,64,1
8974,32,14265,8978,6261,-516,-449,84,14388,8648,6424,-34,6
8984,4,14315,8954,6246,-556,-464,80,14380,8536,6495,97,27
8994,-14,14373,8846,6304,-564,-472,116,14508,8312,6507,280,132
9004,-47,14479,8638,6321,-455,-421,120,14668,8056,6533,392,212
9014,-25,14586,8394,6347,-343,-357,144,14752,7912,6525,478,266
9024,2,14674,8231,6354,-226,-300,148,14756,7732,6446,595,320
9034,60,14754,8078,6310,-122,-243,176,14960,7612,6312,659,362
9044,33,14797,7924,6257,-51,-216,88,14848,7540,6163,728,330
9074,-27,14885,7717,5758,70,-148,156,14976,7428,5244,842,420
9084,-13,14898,7653,5482,148,-136,160,14992,7272,4869,810,384
9094,5,14955,7558,5147,138,-139,108,15036,7208,4391,727,311
9104,16,14988,7445,4813,76,-173,136,15056,7100,3933,614,255
9114,22,15039,7352,4412,6,-199,76,15200,7032,3542,575,236
9124,-4,15083,7300,4013,-75,-236,120,15192,6876,3122,509,183
9134,3,15111,7175,3672,-132,-282,196,15196,6944,2623,372,182
9144,13,15146,7109,3321,-192,-320,120,15172,6828,2158,310,104
9154,3,15173,7032,2882,-279,-344,136,15216,6844,1828,261,72
9164,1,15217,6971,2460,-360,-368,140,15260,6740,1440,220,78
9174,3,15250,6888,2129,-409,-388,128,15316,6580,988,182,44
9184,-3,15258,6869,1827,-443,-411,112,15332,6628,628,188,36
9194,4,15271,6956,1457,-457,-420,140,15300,6680,410,183,54
9204,-5,15265,6882,934,-483,-413,120,15284,6660,80,190,56
9214,9,15280,6809,648,-475,-422,132,15332,6344,-385,220,13
9224,-7,15286,6799,250,-476,-423,172,15276,6600,-830,161,9
9274,-1,15202,6940,-1770,-584,-486,172,15232,6848,-3269,30,-90
9284,6,15189,7012,-2263,-632,-485,164,15188,6808,-3798,-36,-132
9294,16,15152,7097,-2751,-709,-518,172,15128,6900,-4322,-199,-230
9304,51,15110,7170,-3189,-809,-572,156,15100,7032,-4787,-324,-296
9314,23,15054,7227,-3600,-922,-626,284,15148,7212,-5354,-462,-341
9324,34,15046,7305,-4083,-1040,-677,192,15068,7116,-5839,-591,-437
9334,33,15016,7443,-4493,-1163,-732,96,14976,7284,-6027,-693,-471
9344,-13,14919,7605,-4751,-1254,-784,80,14916,7464,-6399,-693,-537
9354,-12,14847,7756,-5037,-1304,-801,136,14804,7624,-6795,-717,-522
9364,2,14765,7899,-5398,-1321,-809,200,14724,7796,-7185,-729,-566
9374,16,14711,8007,-5732,-1332,-836,140,14692,7860,-7631,-815,-641
9384,8,14631,8146,-6074,-1413,-891,196,14632,7980,-8110,-939,-719
9394,49,14572,8182,-6471,-1481,-952,136,14500,8164,-8602,-1101,-830
9404,50,14470,8398,-6914,-1643,-1033,184,14392,8384,-9029,-1279,-937
9414,39,14352,8659,-7332,-1738,-1121,60,14324,8560,-9309,-1323,-992
9444,30,13987,9374,-7779,-1925,-1275,156,13880,9208,-9426,-1343,-1101
9454,3,13876,9595,-7833,-1902,-1290,152,13796,9448,-9420,-1221,-1067
9464,0,13755,9754,-7815,-1852,-1282,128,13684,9548,-9522,-1121,-1048
9474,4,13640,9848,-7854,-1763,-1261,60,13536,9732,-9783,-1037,-976
9484,-32,13494,10005,-8031,-1667,-1222,108,13456,9944,-10166,-896,-905
9494,5,13387,10135,-8319,-1537,-1154,92,13304,10120,-10570,-779,-873
9544,39,12435,11488,-9748,-1518,-1250,80,12352,11288,-11608,-987,-1210
9554,6,12351,11583,-9765,-1617,-1327,128,12404,11192,-11488,-940,-1191
9564,-6,12401,11597,-9728,-1582,-1356,128,12412,11412,-11314,-870,-1102
9574,-32,12358,11622,-9590,-1514,-1340,88,12100,11608,-11397,-686,-997
9584,-41,12138,11774,-9503,-1419,-1271,156,11844,11800,-11512,-507,-883
9594,-30,11959,11986,-9600,-1286,-1155,104,11716,12048,-11596,-431,-805
9604,-9,11702,12227,-9661,-1170,-1080,160,11436,12304,-11545,-405,-844
9614,1,11514,12472,-9720,-1143,-1053,76,11272,12452,-11493,-431,-868
9624,-10,11303,12698,-9697,-1131,-1069,36,11160,12556,-11365,-423,-857
9634,-38,11125,12898,-9624,-1120,-1070,48,10832,12736,-11362,-343,-773
9664,-36,10537,13327,-9732,-965,-961,80,10208,13336,-11683,-150,-661
9674,-37,10367,13517,-9796,-926,-920,36,10100,13384,-11826,-47,-529
9684,-55,10093,13624,-9822,-897,-884,52,9928,13572,-12089,42,-399
9714,-18,9510,13982,-10469,-708,-664,120,9036,14068,-13210,66,-544
9724,75,9128,14188,-10786,-697,-683,128,8616,14300,-13718,-78,-801
9734,116,8765,14645,-11205,-772,-784,68,8192,14480,-14248,-251,-1065
9744,107,8107,14801,-11659,-893,-1001,28,8120,14748,-14681,-320,-1249
9754,-220,7970,15006,-12117,-997,-1220,-4,7868,14840,-14816,-369,-1315
9764,-59,7857,15188,-12475,-1108,-1369,-28,7832,14936,-14736,-312,-1230
9774,-122,7889,15272,-12616,-1092,-1368,-88,7748,15068,-14428,-176,-1063
9807,-25,7317,15736,-11947,-41,-866,-152,6720,15452,-13510,1065,-246
9817,-65,6638,15513,-11728,52,-602,300,7160,15552,-14098,1079,-369
9827,44,6593,15900,-11908,148,-665,-428,6276,15196,-13690,477,-579
9837,-129,5862,16048,-11585,-377,-822,-48,5592,16068,-13492,-791,-921
9847,-549,5251,16201,-11530,-1401,-1067,-456,5364,16140,-14046,-1264,-1288
9857,-55,4960,16898,-11999,-1587,-1378,748,4840,16632,-12931,406,-1470
9867,188,4762,17066,-11141,-798,-1612,24,4352,16504,-11326,-257,-1319
9917,209,4810,17279,-8979,-591,-375,392,3864,15904,-9723,286,112
9927,90,3605,16198,-8255,-491,-297,-208,3336,16392,-9677,269,128
9937,-248,3315,16904,-7931,-496,-283,-4,3124,17268,-9561,204,-145
9947,85,3096,17340,-7917,-558,-426,68,2832,16568,-9101,226,-246
9957,-24,2846,16778,-7605,-553,-584,-124,2844,16336,-8690,192,-318
9967,-135,2943,16846,-7272,-576,-633,80,2936,16936,-8261,192,-279
9977,96,3037,17196,-6905,-593,-637,128,2896,16672,-7756,228,-192
10007,62,2467,17141,-5873,-523,-492,-8,2136,16736,-6991,216,-108
10017,10,2178,17013,-5723,-532,-490,36,1944,16740,-6921,205,-279
10027,10,1931,17016,-5583,-541,-570,56,1692,16900,-6923,170,-441
10037,46,1672,17132,-5590,-580,-705,-24,1436,16876,-6800,136,-654
10047,18,1447,17094,-5554,-585,-896,-44,1220,16884,-6442,177,-725
10057,-89,1369,17137,-5284,-568,-1026,-68,1424,16928,-5869,163,-711
10067,-65,1530,17192,-4859,-547,-1022,196,1468,16848,-5079,191,-518
10117,30,1028,17074,-2398,-477,-398,12,784,16888,-3155,219,-41
10127,-5,900,17155,-2309,-509,-432,72,816,16932,-3133,203,-90
10137,35,899,16908,-2232,-499,-492,16,800,16892,-3188,176,-190
10147,14,859,17173,-2250,-495,-540,40,640,16988,-3193,194,-292
10157,36,496,17180,-2275,-505,-612,-28,436,16880,-3166,213,-415
10167,-34,385,17126,-2271,-510,-714,-16,292,16908,-3219,187,-573
10177,51,328,17151,-2297,-496,-964,32,320,16892,-3143,204,-698
10187,42,301,17175,-2287,-498,-1091,100,216,16876,-3000,186,-833
10197,-3,339,17125,-2048,-509,-1178,72,316,16752,-2791,215,-896
10207,12,474,17216,-1838,-508,-1183,112,364,16984,-2475,195,-860
10217,6,503,17203,-1638,-514,-1147,60,456,16868,-2307,204,-801
10227,20,472,17093,-1477,-491,-1095,68,400,16812,-2181,179,-726
10237,60,354,17180,-1346,-490,-1025,116,228,16908,-1997,210,-650
10247,-57,1014,16779,-930,-449,-937,124,572,16704,985,326,-132
10257,93,-187,17945,1121,-441,-482,-172,204,16908,-990,230,213
10297,106,-61,16790,624,-469,-396,88,24,16376,75,193,112
10307,-75,73,17408,615,-480,-309,-12,12,17412,77,182,330
10317,-58,-16,17307,612,-457,-158,8,-8,16640,78,232,492
10327,56,21,16837,663,-435,16,112,24,16656,203,198,817
10337,130,191,17353,673,-442,234,84,120,17588,-233,135,868
10347,128,414,16890,311,-466,290,-32,632,16140,-62,291,613
10357,94,480,17250,510,-437,35,-56,392,17620,52,227,51
10367,-109,640,17227,585,-460,-374,-108,820,16356,-79,228,-109
10377,4,526,17031,535,-457,-517,160,256,16968,-10,165,-1
10387,41,282,17183,595,-475,-441,32,196,16876,28,180,28
10397,-18,246,17240,580,-456,-429,68,252,16972,30,225,9
10407,23,268,17064,585,-454,-430,124,228,16680,49,189,14
10417,23,254,17145,593,-467,-432,-20,164,17124,39,224,13
10427,29,278,17238,595,-475,-432,120,260,16872,14,171,64
10437,36,277,17052,571,-461,-429,4,156,16968,48,158,23
10477,11,613,17155,561,-477,-141,4,540,17064,-7,175,524
10487,-92,543,17239,552,-471,-26,220,412,16464,136,211,509
10497,123,510,17049,581,-446,16,180,484,16884,-10,138,591
10507,79,575,17147,574,-500,67,16,576,16940,65,144,619
10517,-82,613,17111,601,-490,95,-152,588,16800,38,206,567
10527,-82,596,17174,580,-449,74,228,572,16940,38,144,559
10537,162,748,17224,566,-514,36,284,892,16676,9,243,678
10547,155,769,16943,599,-471,97,284,920,16944,-1,6,658
10557,-60,1126,17143,609,-546,108,-112,1224,17528,175,82,707
10567,45,1250,17306,634,-496,147,-212,1408,16812,-50,277,760
10577,-103,1231,17134,606,-498,212,-52,1200,16800,39,202,855
10587,-47,1276,17204,560,-471,294,56,1428,16824,-7,131,862
10597,-108,1854,17069,613,-475,332,-32,2168,17100,239,226,550
10607,77,1527,17369,659,-442,155,284,1892,15960,-381,320,1145
10617,37,1382,16980,258,-421,359,-400,724,17124,72,95,731
10627,-357,654,17085,666,-399,380,-92,2044,17004,334,293,168
10657,10,2511,16656,328,-392,-107,408,3412,17008,687,156,1057
10667,97,3355,17509,956,-425,249,-344,1848,17044,-1140,297,791
10677,-309,1757,17154,262,-395,429,108,1464,16980,1162,241,374
10687,-6,1648,16915,428,-420,13,156,904,17192,-1212,266,369
10697,-58,1064,17177,748,-492,-116,-84,1944,16476,960,80,234
10707,-37,1977,16816,281,-439,-143,404,3560,18456,-343,142,724
10717,222,3682,17116,1225,-529,-60,-696,1328,16864,-1395,192,-35
10727,-647,2045,18141,-4,-444,-44,284,388,18912,716,546,242
10737,1144,2434,16165,422,-267,-359,1124,3300,16220,-179,128,505
10747,-828,1503,16931,770,-383,-156,-1320,828,17024,-674,462,-330
10757,-502,956,18382,386,-378,-792,-316,736,18784,481,657,-400
10767,218,1276,15835,276,-223,-818,160,2440,14300,-98,557,-220
10777,566,1777,16451,768,-391,-597,256,1572,17096,191,99,-313
10787,-247,727,17738,-26,-384,-509,-1084,1600,17264,-354,174,-29
10797,396,844,18320,1336,-310,-464,524,1008,18988,309,341,36
10827,-69,3449,16596,379,-472,-808,-112,4780,15048,1040,93,-221
10837,-370,-436,17789,574,-591,-519,-340,-552,18964,-2088,57,126
10847,-21,1607,16241,229,-379,-440,892,2660,15148,2080,-132,-233
10857,231,-195,17893,1085,-440,-537,384,-612,15340,-2566,-307,-399
10867,-607,-494,16915,-296,-466,-699,-632,-1744,18772,1784,6,-602
10877,696,468,16687,1303,-611,-789,440,828,14936,-405,-6,126
10887,-407,-781,16939,-90,-622,-426,612,288,16848,759,5,356
10897,597,881,18396,1267,-630,-194,120,564,20268,198,307,125
10927,36,1252,17235,935,-557,-776,-84,-884,17560,-856,-61,-72
10937,-195,-49,17360,128,-601,-508,256,-232,16944,694,44,142
10947,388,946,16996,1014,-719,-332,104,200,17560,-391,-387,80
10957,-311,2,16463,253,-928,-465,-400,1472,15512,85,-713,-411
10967,10,-442,17661,667,-1053,-792,632,-580,18068,110,-566,-185
10977,183,1265,16913,991,-1103,-580,424,-556,18472,-585,-429,-143
10987,405,-1166,17463,132,-1055,-422,404,280,16532,1434,-112,753
11017,-50,-1405,17943,390,-810,-255,-1136,-672,18984,175,481,-210
11027,-544,657,16441,1007,-332,-584,1036,-796,16512,-425,326,174
11037,979,-967,17394,237,-337,-356,-272,404,15308,1113,457,-41
11047,-558,-17,17432,820,-404,-330,-236,1144,16072,332,385,-62
11057,-22,-216,17779,763,-354,-597,236,-476,14436,-382,270,-950
11067,117,-738,16705,-115,-536,-959,48,-2760,17988,299,240,-899
11077,76,-426,16775,872,-356,-1247,452,2032,15844,1280,272,-492
11087,79,-337,17553,745,-454,-934,328,-3196,17324,-1622,804,382
11097,113,-964,17414,-105,-320,-403,0,-548,16948,2156,-102,-530
11107,644,-736,16881,1267,-455,-606,1044,-244,15928,-1791,362,95
11117,-147,-983,16213,-8,-360,-614,-372,-536,18504,1387,378,-642
11127,-62,-1543,18950,655,-355,-824,832,-1972,16700,-1423,379,-135
11137,237,-810,15911,371,-362,-719,756,184,15864,1697,53,-299
11147,409,223,17127,986,-434,-632,-180,-1720,18120,-2010,767,-42
11157,-838,-1818,18129,96,-359,-522,112,-1176,16136,1944,208,39
11207,187,-1599,16272,829,-445,-730,164,-1928,16312,-1271,245,-507
11217,89,-1282,17034,308,-467,-820,-196,-1504,18760,1071,164,-870
11227,-3,-1215,18128,826,-444,-1090,244,-740,15564,-838,309,-903
11237,160,-649,16322,441,-464,-1237,1176,-1048,16880,901,110,603
11247,714,-1382,17338,719,-474,-573,-280,-2464,17488,-729,238,1018
11257,-251,-2048,17451,472,-495,325,-504,-1940,16796,884,124,-109
11267,-200,-1782,16885,798,-480,-16,244,-968,16540,-446,189,-811
11277,289,-978,16866,640,-487,-863,316,-1220,17852,351,162,-381
11287,230,-1214,17643,633,-476,-998,-132,-1292,16320,-36,172,160
11297,-154,-1419,17012,618,-504,-537,56,-1668,17080,251,132,149
11307,55,-1599,17357,735,-496,-300,56,-1508,17176,-238,168,-76
11337,-100,141,16910,512,-468,-451,-460,-216,19784,-244,172,58
11347,-175,-159,17096,718,-472,-431,96,-220,15256,-98,327,15
11357,-13,-589,17156,757,-448,-494,-148,-972,17612,72,98,-139
11367,-213,-455,17565,533,-452,-579,-144,-448,16848,-244,212,-342
11377,142,-572,16882,512,-470,-817,20,-1012,17340,-175,172,-632
11387,211,-694,17023,464,-466,-1025,236,-984,16636,-154,165,-788
11397,338,-865,17365,547,-479,-1169,300,-864,17068,43,239,-966
11407,365,-978,16928,494,-468,-1295,280,-976,16464,-96,226,-1053
11417,-101,-1084,17074,552,-439,-1361,-356,-1220,17148,-31,130,-1175
11427,-126,-1325,17617,517,-460,-1606,-72,-1780,18220,-771,-9,-1486
11437,937,-2308,15798,340,-609,-1588,408,-1988,16160,243,303,-938
11467,574,-3656,16088,204,-530,-1096,1040,-3564,16288,-195,10,-152
11477,790,-830,17636,742,-648,-490,832,1220,18508,1550,183,932
11487,-682,-1546,17791,1150,-500,84,-1104,-1032,17672,-1585,342,-40
11497,149,-1772,15740,-90,-448,-497,1028,-3012,15892,1556,89,-518
11507,701,-3443,17726,1175,-522,-703,744,-4072,18344,-773,143,609
11517,281,-4932,17062,164,-505,136,644,-3444,15248,721,-32,1614
11527,92,-3609,16781,1164,-595,941,292,-4520,19116,-494,-251,1873
11577,80,91,18042,994,-558,195,-372,-1796,18680,-891,493,863
11587,315,-168,16387,74,-454,481,240,1208,15676,2848,185,1544
11597,307,-91,18036,1560,-446,726,1520,-384,16812,-2364,351,1414
11607,681,1295,16263,-93,-416,742,-24,320,19232,2138,-121,1601
11617,127,-733,18474,1165,-609,879,840,1092,15348,-844,-202,1137
11627,118,-222,16207,171,-723,684,-860,-2080,14180,705,442,1116
11637,-553,776,17711,737,-378,721,-940,-2080,21120,-306,703,437
11647,484,-672,17538,636,-189,124,496,-552,15732,-246,503,822
11657,-226,-366,16217,24,-97,-73,-452,-880,19156,-14,614,167
11667,141,-1369,17711,830,105,-221,1036,744,15568,-584,1047,842
11677,-146,-685,16724,133,142,38,-864,-828,21008,-349,399,-20
11687,-433,-836,17752,987,131,-89,484,-744,15548,-472,1083,421
11697,256,-725,16493,-5,64,-155,-1316,-540,16276,784,600,860
11707,254,-1520,17948,1041,-201,366,-232,-1496,15256,-2006,168,1512
11717,-74,-297,15847,-34,-241,649,-160,-1244,19480,633,-701,665
11747,672,-1455,18883,1172,-301,788,-448,556,14564,-48,584,2022
11757,91,13,16285,258,-268,1224,-668,-432,15480,-863,235,1976
11767,354,-583,17240,1036,-422,1387,712,1636,9728,1096,61,1885
11777,-94,72,16886,404,-546,1344,-160,-268,18320,-456,70,2220
11787,-216,102,16915,886,-578,1258,-460,-368,16940,112,-415,1538
11798,30,-579,17569,704,-548,1120,120,1804,16676,1405,186,1746
11808,-93,1027,16929,369,-803,1086,632,-800,18040,-1563,-143,2310
11818,178,101,18339,649,-633,1253,-356,1124,16644,1030,-713,1519
11848,-480,1211,15562,1026,-642,468,-1848,2304,12724,581,581,854
11858,565,-549,17254,-85,-405,177,176,-1984,17604,-2206,-515,670
11868,-499,1991,16928,1189,-378,222,-712,952,14948,2034,250,877
11878,253,156,18366,38,-614,295,-852,-312,18276,-2077,102,959
11888,-317,2644,17440,235,-319,137,-44,2176,18944,1566,227,-88
11898,238,408,16670,321,-456,-453,-492,1012,18852,-2186,914,146
11908,367,2336,16848,44,-350,-603,208,4256,17260,2931,187,-239
11938,77,-637,16256,317,-927,-784,352,-204,13792,-1460,394,-1176
11948,344,564,17265,675,-622,-1346,204,-760,19632,1427,-503,-1225
11958,-14,-804,17078,630,-864,-1273,-360,-184,14584,-1946,229,-168
11968,-577,248,16956,741,-523,-923,-276,-596,20536,1557,-281,-1235
11978,482,109,17412,814,-634,-1285,924,1432,14664,-1505,403,-676
11988,-96,1979,17216,478,-454,-952,-336,1152,19368,1944,161,-245
11998,467,19,17419,850,-520,-683,984,868,15092,-2674,56,324
12028,272,2090,15679,-164,-451,-830,-720,1268,16460,2369,-169,103
12038,-648,1940,18897,1529,-549,-474,176,3148,18136,-2253,68,113
12048,684,2844,17464,-292,-572,-385,576,2476,16124,1468,-30,413
12058,-850,2261,16848,1120,-409,-259,-1072,2864,16992,-1475,677,-765
12068,158,2619,16669,-215,-254,-819,-640,1380,16224,477,572,-621
12078,601,2199,17448,901,-254,-781,1060,2532,16820,-329,97,390
12088,-350,2447,16960,449,-230,-247,-304,2356,17952,-112,605,290
12098,350,1939,17376,462,-84,-85,1412,216,17524,-507,583,1202
12108,193,1748,16796,259,-148,497,-476,2656,16800,1494,625,1248
12118,-471,1703,17206,922,-92,569,-88,2188,16648,-985,636,245
12128,198,3163,16792,166,-180,-97,568,2804,16748,1074,420,870
12138,256,2212,17713,789,-236,279,76,1596,17364,-928,614,1469
12148,-16,1719,16927,-5,-218,768,-140,3172,16584,973,314,1455
12158,282,3596,17328,896,-262,789,716,2568,19484,-982,116,1338
12168,-102,3352,17065,574,-454,742,-640,3544,14372,126,215,1147
12218,-398,2472,17214,624,-523,429,-128,2476,18332,200,186,265
12228,-144,2721,17825,956,-509,-26,216,3116,16168,-197,326,433
12238,184,2474,16522,352,-428,-137,-68,552,17204,-646,220,51
12248,17,383,17205,288,-474,-303,-36,-124,16900,507,201,110
12258,-45,-390,17553,533,-512,-343,-368,-164,16768,-346,241,39
12268,-303,214,16696,554,-444,-384,312,112,16584,435,121,-56
12278,216,160,17041,747,-497,-473,0,356,17012,63,166,37
12288,-72,356,17569,555,-520,-423,-128,-16,17232,-73,240,0
12298,-74,122,17125,598,-451,-442,84,112,16084,236,163,-1
12308,71,194,16668,558,-467,-434,-36,192,17256,11,146,52
12318,-87,270,17458,641,-515,-428,12,160,17456,69,213,-52
12328,-24,264,17415,605,-486,-435,-44,364,16476,24,221,2
12338,-42,387,16776,541,-452,-439,-44,164,17132,-71,210,-62
12348,-20,361,17271,563,-479,-460,28,444,17140,104,226,-95
12358,-1,520,17326,502,-481,-487,48,452,16780,-64,223,-166
12368,-22,554,16890,561,-450,-545,20,428,16780,61,198,-237
12378,-49,535,17118,527,-487,-622,-80,536,17000,86,158,-481
12388,-37,596,17269,584,-494,-746,24,508,16632,29,164,-805
12398,10,570,16963,558,-485,-987,-4,360,16932,109,196,-946
12408,13,180,17003,556,-485,-1205,-124,140,16372,150,216,-614
12418,-76,-246,17170,503,-500,-1114,184,-556,16816,6,184,-326
12428,-13,-202,17120,674,-503,-896,48,-396,16828,188,166,-122
12438,-113,-305,17280,521,-484,-690,-4,-424,17124,63,170,8
12448,-61,-161,17144,621,-493,-447,-44,-328,16856,117,233,8
12508,13,223,17035,617,-489,-419,-28,236,16728,83,199,15
12518,-61,251,17268,651,-486,-429,-44,156,17016,118,189,20
12528,-37,243,17194,635,-470,-430,-60,236,16928,24,189,67
12538,-55,223,17082,588,-463,-413,-64,168,16796,61,178,21
12548,-19,234,17322,600,-457,-420,-20,128,17104,24,246,38
12558,-20,229,17132,581,-433,-438,8,152,16820,-26,285,35
12568,-34,246,17049,543,-439,-418,-120,232,16992,-21,251,11
12578,-72,250,17336,521,-454,-430,-12,152,17060,-7,254,5
12588,-33,212,17075,508,-439,-435,-52,176,16680,-69,222,-6
12598,-43,217,17020,513,-456,-437,-24,196,16848,9,211,4
12608,-257,232,17024,568,-453,-453,-384,184,16576,64,288,-106
12618,-71,543,17211,611,-414,-514,440,768,17636,117,149,-106
12628,264,743,17432,610,-479,-572,-380,736,16652,-309,317,-315
12638,-415,736,16586,337,-442,-727,-12,584,16524,45,146,-547
12648,252,573,17558,493,-520,-903,304,492,17488,-440,201,-496
12658,-165,946,17156,315,-482,-860,-292,1036,16880,-31,274,-256
12668,-245,1021,17308,484,-388,-697,-28,992,16940,-154,325,-156
12678,-63,1055,17354,482,-382,-609,436,976,16332,11,401,-190
12688,538,29,16938,665,-308,-662,224,-984,17320,261,245,-722
12698,93,-745,16709,787,-399,-1058,-200,-368,16292,-2,100,-1453
12708,-147,54,16861,612,-551,-1616,-196,460,17008,723,45,-1829
12718,-160,719,17483,1034,-627,-2011,16,576,17532,123,393,-1924
12728,92,127,17402,681,-471,-2099,112,-612,16620,170,134,-1522
12778,302,478,17781,771,-502,-422,568,772,17560,-228,209,354
12788,166,430,17317,488,-488,-201,-372,-276,16492,223,117,377
12798,-463,-422,16787,637,-456,-91,-220,-864,17148,-18,197,94
12808,-85,-743,17352,508,-442,-272,-256,-832,17464,173,294,-163
12818,-173,-519,17312,651,-420,-505,132,-352,16764,292,286,-373
12828,107,-78,17026,686,-404,-699,500,164,16928,123,202,-98
12838,320,235,17318,661,-441,-606,164,460,17160,-65,233,96
12848,139,694,17317,516,-427,-409,116,776,17028,-54,226,293
12858,172,1022,17178,513,-450,-221,588,1040,16564,-231,139,718
12868,490,1231,17062,387,-488,71,784,1072,17316,-61,123,894
12878,863,1176,17332,468,-532,312,1168,968,16828,-208,199,869
12888,1044,1006,17220,398,-500,327,896,372,16992,-227,184,763
12898,1103,591,17189,384,-474,285,2716,252,16776,-55,298,873
12908,2772,243,17099,498,-423,308,3444,-528,18020,-514,317,947
12918,3544,-387,17881,342,-397,385,4396,-408,18592,-65,589,814
12928,4198,-658,17922,258,-340,345,4156,-916,19524,-1243,-174,522
12938,4241,-541,19120,21,-408,142,3396,376,19588,-951,-842,557
12948,3169,452,19796,-366,-1064,11,2564,1296,17996,-1671,-1720,520
12958,2537,1472,18532,-673,-1742,53,2476,2040,17812,-1682,-2284,678
12968,2469,2099,17958,-1034,-2350,122,2748,2208,15916,-1621,-2053,989
12978,2464,2046,17237,-1047,-2536,344,2772,1340,17184,-1180,-1467,1273
12988,2877,1531,17106,-688,-2195,624,3168,720,16612,-430,-684,1445
12998,3026,434,16612,-95,-1633,808,2028,192,17812,-257,-108,1385
13028,2426,-139,17072,724,463,-956,2160,-24,17016,685,2197,-1025
13038,2223,89,17483,952,1184,-1566,2148,160,16912,1113,2050,-1611
13048,1939,280,17591,1694,1021,-1978,1948,260,17064,1628,1791,-1896
13058,1563,591,17239,2177,783,-2245,1372,528,16944,2214,1438,-2185
13068,1269,835,16841,2563,546,-2512,1184,744,16456,2528,1249,-2596
13078,1349,796,16518,2820,444,-2849,1316,680,16356,2683,1284,-2895
13088,1778,683,16186,2856,497,-3072,1860,508,15760,2595,1477,-3018
13138,-2990,3317,17857,-693,-1594,-2896,-1988,3204,17376,-1930,-3554,-2047
13148,-1066,2840,16556,-849,-3722,-1918,-480,2568,16008,-103,-4779,-384
13158,387,1781,16648,704,-4541,-571,1308,1336,15428,2261,-3968,871
13168,1380,-716,15473,2970,-3859,307,1004,-2108,14780,5158,-2030,231
13178,805,-2628,14207,5414,-2019,-648,96,-2224,13968,7278,667,-2902
13188,259,-1428,17036,6878,-126,-3143,-308,-1140,17132,6447,1337,-4952
13198,-395,117,16290,6133,426,-4750,-136,684,16660,4421,1146,-4981
13208,-142,1419,16355,4270,457,-4690,356,1596,15912,2019,1401,-3071
13218,220,1710,16384,2220,519,-3120,528,1532,16816,-231,1416,-816
13228,24,1159,16538,321,588,-1269,-4,764,16664,-2087,1573,380
13238,-419,386,16866,-1265,664,-226,-728,96,16700,-3408,1865,294
13248,-682,-182,16659,-2366,891,-236,-836,-320,16196,-3505,2468,-497
13258,-690,-452,16259,-2535,1444,-888,-840,-560,15572,-2378,3674,-1501
13268,-629,-281,16113,-1663,2366,-1726,-696,40,15856,-779,4657,-2090
13338,-2187,498,18542,1176,-160,-953,-1920,228,17984,124,-538,-574
13348,-1601,135,18329,712,-935,-900,-1408,-136,18476,-516,-1090,-825
13358,-1169,-114,18108,268,-1443,-1080,-904,-204,17584,-851,-1332,-1056
13368,-880,-227,17914,-131,-1725,-1328,-852,-612,17696,-1216,-1575,-1259
13378,-936,-649,17591,-425,-1946,-1484,-1116,-912,17240,-1404,-1977,-1390
13388,-1238,-1001,17382,-613,-2241,-1570,-1232,-1236,16444,-1410,-2459,-1242
13398,-1324,-1226,17080,-705,-2644,-1491,-1392,-1428,17040,-1403,-3167,-1083
13408,-1555,-1307,17065,-696,-3175,-1337,-1300,-1096,15928,-1103,-3714,-979
13418,-1394,-1072,16717,-595,-3672,-1226,-1528,-952,17260,-928,-3900,-928
13428,-1218,-798,16896,-286,-3900,-1164,-900,-680,16684,-472,-3776,-884
13438,-908,-367,16946,91,-3848,-1143,-692,24,16192,-50,-3231,-716
13448,-731,218,16578,408,-3547,-1068,-540,672,16104,246,-2422,-554
13458,-737,835,16164,689,-2990,-941,-732,960,15860,271,-1567,-200
13508,-1112,149,16920,-1017,-1991,278,-712,-100,17132,-1904,-1710,1016
13518,-633,15,17314,-1091,-2070,438,4,-92,17212,-1916,-1676,1141
13528,-4,55,17565,-1103,-2092,534,356,40,17532,-1919,-1506,1351
13538,283,249,17699,-1110,-2010,686,328,336,17488,-1978,-1310,1669
13548,220,439,17783,-1148,-1854,921,-64,404,17588,-2072,-1341,1914
13558,-398,447,17769,-1210,-1766,1156,-796,432,18804,-2021,-828,1644
13568,-1034,515,17512,-1226,-1597,1180,-1352,76,18088,-1846,-469,1124
13578,-1063,242,17656,-1114,-1204,851,-940,-96,16848,-997,-63,484
13588,-720,-358,17041,-699,-841,334,-792,-428,16728,-35,70,-83
13598,-558,-450,16958,-8,-632,-229,-532,-596,16656,774,75,-483
13608,-624,-85,16821,794,-587,-951,-712,-100,16472,1073,170,-730
13618,-741,165,16907,1324,-494,-1214,-820,116,16804,990,102,-1023
13628,-926,275,17131,1266,-554,-1428,-924,236,17016,436,76,-1253
13638,-1131,273,17198,737,-612,-1564,-1188,236,17080,-153,-13,-1410
13688,-1201,473,17085,490,-390,-1569,-1232,468,16920,144,311,-1096
13698,-1079,413,17304,692,-364,-1375,-1008,328,17024,241,269,-911
13708,-766,389,17486,720,-407,-1183,-552,408,17260,98,247,-608
13718,-264,365,17477,578,-407,-971,-148,236,17452,-152,277,-414
13728,-264,325,17282,390,-407,-794,-420,188,17024,-303,350,-387
13738,-1065,207,17018,294,-385,-835,-1272,208,16624,-274,178,-667
13748,-1159,-28,17282,228,-510,-1036,-1016,-140,17116,-454,16,-836
13758,-880,-97,17371,96,-602,-1144,-520,-196,17064,-602,-61,-703
13768,-847,89,17267,15,-676,-1028,-880,80,16980,-483,30,-485
13778,-1021,271,17281,101,-632,-833,-1008,152,17016,-321,12,-253
13788,-1421,314,17466,296,-645,-646,-1696,228,17216,-236,-127,-98
13819,-2546,285,17789,134,-1276,-661,-2500,292,17420,-496,-1046,-385
13829,-2650,225,17802,101,-1492,-741,-2792,188,17536,-390,-1225,-384
13839,-2933,162,17584,156,-1634,-750,-3088,-24,17348,-186,-1447,-319
13869,-3099,-101,17278,696,-2004,-498,-2896,-72,16928,73,-1772,112
13879,-3007,60,17342,676,-2099,-356,-2892,108,17220,-187,-1931,330
13889,-2944,250,17389,489,-2204,-159,-2956,236,17288,-347,-2102,641
13899,-3082,392,17479,299,-2330,97,-3004,480,17124,-359,-2148,983
13909,-3042,481,17483,238,-2459,375,-2932,372,17204,-235,-2262,1228
13919,-2923,411,17536,304,-2547,633,-2748,292,17260,-172,-2400,1460
13929,-2779,299,17524,427,-2613,839,-2660,180,16884,64,-2404,1623
13939,-2646,232,17288,567,-2634,1006,-1536,-64,12548,-295,-2455,769
13949,-2334,939,17686,1163,-2568,839,-2304,-3504,19612,901,-1619,1305
13959,-2729,-237,16837,3160,-2253,588,-1836,-1832,18088,1890,-2162,1770
13969,-1997,-206,16504,2244,-2264,1039,-1496,-584,17120,1484,-2161,1906
13999,-1734,305,16452,-279,-1825,963,-2028,328,16080,-1376,-1270,1052
14009,-1843,6,16586,-417,-1795,650,-1252,248,16056,-1048,-1104,1019
14019,-1182,63,16154,-359,-1644,525,-772,-444,16800,-594,-816,1176
14069,149,-2,16605,925,-47,842,572,-456,16716,69,958,1714
14079,566,-267,16884,795,114,976,780,-700,16976,-427,775,1879
14089,854,-351,17054,504,114,1101,1060,-216,16544,-720,670,2211
14099,1041,-164,16646,177,16,1308,1268,28,16464,-763,922,2718
14109,1202,337,16571,12,49,1665,1476,324,16112,-688,1280,3104
14119,1420,454,16434,-31,271,2069,1360,540,16120,-442,1751,3380
14129,1539,75,16565,24,628,2364,1508,136,16364,-448,1929,3368
14139,2032,-276,17207,113,937,2467,1984,-340,16980,-685,1790,3327
14149,2620,-256,17330,-225,842,2422,2740,-356,17024,-911,1568,3327
14159,3010,-39,17213,-231,726,2516,3048,-268,16984,-753,1459,3588
14169,2844,102,17187,-14,640,2741,2764,-132,16964,-480,1412,3850
14199,2300,-124,17133,349,307,3041,2044,-124,16988,-337,687,3846
14209,2854,-286,17360,288,-35,2868,3180,-396,16976,-374,592,3528
14219,3615,-414,17196,189,-72,2578,3520,-428,16864,-484,826,3217
14229,3812,-496,16600,161,108,2347,3888,-364,16744,-374,1001,3069
14239,3560,-708,16313,200,293,2207,3240,-832,15524,-364,1193,2815
14249,3763,-841,16527,170,450,1944,3848,-1216,16476,-538,1309,2369
14259,4349,-1186,17030,-24,505,1542,4348,-1360,17180,-1000,1306,1971
14269,4749,-1100,16992,-328,489,1235,4728,-1272,16840,-1235,1192,1673
14279,4716,-958,16944,-502,449,1009,4280,-1256,15248,-1813,1100,1421
14289,4199,-218,17880,369,493,783,4092,-2092,20292,1334,1464,1221
14299,4343,-515,17287,1520,464,573,4724,-788,17184,382,402,906
14349,4195,-636,16863,616,-158,-796,4216,-860,16676,-71,578,-644
14359,4376,-715,16912,568,-85,-1006,4304,-780,16540,55,754,-715
14369,4342,-697,17141,522,28,-1052,4256,-644,16900,-157,1040,-642
14379,4367,-286,17054,499,234,-1039,4324,-392,16900,73,1213,-730
14389,4284,-105,17035,549,455,-1082,4064,4,16672,-126,1543,-745
14399,3963,28,16879,474,685,-1123,3740,-168,16476,-12,1778,-741
14409,3637,-26,16636,585,879,-1130,3500,-108,16204,117,1923,-629
14419,3344,-106,16704,599,1016,-1069,3108,-244,16432,124,2056,-558
14429,3281,-102,16555,658,1134,-987,3984,-308,16852,182,2171,-417
14439,3400,-264,16358,711,1212,-842,2312,-300,15952,773,2113,-115
14449,2391,-140,16438,1027,1237,-651,2496,-264,16204,398,2182,-124
14459,2543,-92,16462,1078,1237,-613,2832,-352,16556,838,1866,-34
14469,2893,-226,16886,1224,1039,-546,2820,-68,16440,907,1687,281
14479,2681,6,16877,1326,894,-296,2520,88,16568,1015,1563,683
14489,2286,206,16818,1438,770,38,2092,220,16732,1116,1322,985
14539,1872,85,17036,1606,182,424,660,0,16780,1207,723,682
14549,880,3,17633,1629,92,258,608,56,16656,1071,1273,29
14559,827,154,17686,1521,304,-221,1376,92,17656,1055,1478,-139
14569,1601,236,17688,1421,535,-599,2224,128,17844,300,1072,-46
14579,2178,338,17551,1336,662,-658,1744,408,17188,855,1472,-407
14589,1697,287,17566,1046,454,-698,1152,172,17460,923,1963,-555
14599,1149,341,17342,767,422,-822,1348,-60,16832,544,1321,-624
14609,1368,-174,17092,712,416,-908,1468,28,16452,719,1141,-794
14619,1493,-53,16921,1045,277,-1071,1508,128,16848,558,1136,-805
14629,1548,391,17271,1126,336,-1111,1572,92,16788,548,1129,-855
14639,1568,235,17244,908,285,-1128,1432,224,17272,373,963,-800
14649,1641,305,17472,1110,261,-1172,1348,324,17252,358,848,-889
14659,1241,361,17385,967,124,-1204,968,296,17420,314,700,-906
14669,1194,412,17610,654,62,-1169,828,452,17596,154,391,-868
14679,873,534,17403,393,-205,-1198,564,284,17356,186,344,-947
14719,628,175,17251,106,-682,-1630,652,52,17072,-63,10,-1509
14729,631,158,17499,558,-554,-1746,528,-12,16932,-4,104,-1571
14739,585,256,17440,966,-465,-1827,536,-48,17068,-13,86,-1627
14749,381,289,17106,475,-589,-1851,628,156,17136,-5,56,-1616
14759,576,57,17143,618,-658,-1831,572,128,17000,-86,-10,-1551
14769,672,-37,17154,711,-675,-1776,412,92,16852,-283,-131,-1471
14779,575,28,16937,691,-673,-1716,580,48,16568,-174,-112,-1349
14789,267,57,16786,306,-791,-1666,412,-40,16700,-179,-152,-1359
14799,147,69,17175,294,-763,-1618,140,-184,16872,-110,-52,-1337
14809,110,-184,16901,515,-634,-1609,24,-196,16836,-115,-31,-1368
14839,49,-92,17098,579,-327,-1706,68,-144,16876,38,451,-1290
14849,-425,-112,17167,592,-216,-1590,-584,-300,16784,-16,671,-1305
14859,-528,10,16932,625,-57,-1575,-484,96,16732,244,834,-1289
14869,-538,280,17444,665,84,-1550,-660,308,17052,-103,833,-989
14879,-851,222,17103,498,112,-1352,-828,80,16964,15,1102,-950
14889,-758,73,16966,526,309,-1300,-736,-48,16772,54,1264,-984
14899,-887,31,17177,520,455,-1361,-980,16,16972,-72,1279,-1005
14909,-1184,34,16999,534,490,-1347,-1188,-12,16740,120,1161,-914
14919,-1459,38,17033,588,370,-1265,-1736,-180,16908,-12,755,-802
14929,-1952,-54,17037,579,47,-1185,-2080,-28,16708,102,285,-709
14939,-2179,-128,16906,640,-361,-1057,-2052,-224,16172,112,-228,-506
14949,-2135,-437,16715,698,-749,-891,-1272,-1172,15184,570,-394,-131
