0,-227,97,17297,396,-849,-265,4,272,16872,29,203,40
10,-233,105,17289,399,-841,-271,-68,240,17044,22,179,41
20,-227,96,17286,397,-837,-267,16,224,16924,41,192,27
30,-218,106,17309,397,-842,-265,-44,232,16972,50,214,20
40,-224,88,17301,394,-859,-269,-80,224,16836,34,178,31
50,-226,94,17296,399,-859,-269,36,208,16936,36,211,33
60,-228,98,17304,402,-848,-271,-56,228,16876,53,225,51
70,-222,102,17311,410,-850,-276,-88,220,16904,31,212,21
80,-232,95,17304,393,-844,-262,-44,188,16944,25,228,25
90,-221,84,17301,393,-840,-260,-24,280,16924,2,210,46
100,-213,96,17292,384,-852,-264,-4,244,16920,53,202,36
110,-228,90,17296,393,-852,-269,-20,264,16936,18,216,27
120,-240,97,17315,391,-845,-263,-16,200,16940,17,184,43
130,-228,91,17296,398,-855,-266,-88,184,16952,44,215,25
140,-219,93,17309,397,-848,-277,-60,288,16872,6,195,2
150,-223,94,17297,409,-836,-281,-152,200,16924,44,216,36
160,-214,94,17308,410,-838,-273,-28,240,16988,24,179,41
170,-223,97,17297,396,-849,-263,-32,232,16940,26,198,31
180,-218,92,17295,399,-848,-270,-56,288,16972,17,206,47
190,-229,101,17286,397,-860,-259,-16,212,16912,4,214,25
200,-231,100,17310,397,-852,-266,-52,164,16976,-2,195,20
210,-220,91,17304,396,-853,-264,-84,256,16924,31,213,22
220,-229,100,17314,406,-837,-275,-68,172,17004,12,203,24
230,-219,100,17300,408,-851,-270,-40,240,16788,-7,214,33
240,-231,100,17311,402,-845,-274,-68,212,16952,35,214,40
250,-237,98,17294,397,-851,-271,-8,224,16940,-4,172,54
260,-238,91,17309,401,-831,-274,-80,248,16912,2,215,18
270,-214,103,17312,390,-838,-267,-28,232,16948,51,215,5
280,-219,91,17288,396,-837,-273,-64,260,17016,2,198,36
290,-236,90,17301,393,-854,-270,-72,176,17008,7,244,29
300,-223,86,17271,409,-853,-271,-68,268,17020,8,229,42
310,-222,78,17293,392,-843,-267,-52,276,16868,-18,219,19
320,-213,90,17302,397,-845,-272,56,248,17064,28,222,13
330,-227,96,17307,407,-820,-273,-72,192,17044,-20,213,40
340,-223,80,17306,396,-848,-270,-56,220,16920,34,212,20
350,-225,93,17305,392,-840,-267,-84,164,16872,19,235,21
360,-211,88,17305,394,-857,-262,-76,192,16976,35,205,25
370,-236,97,17302,396,-857,-269,-40,160,16952,26,226,-5
380,-220,93,17290,402,-852,-275,-12,256,16896,36,201,33
390,-203,101,17295,392,-843,-271,-8,252,16820,41,221,18
400,-218,81,17286,390,-832,-273,-84,224,16960,31,200,39
410,-239,95,17303,387,-843,-272,-32,248,16944,37,182,39
420,-219,81,17297,400,-837,-279,-36,192,16976,31,182,32
430,-214,89,17294,405,-840,-271,-40,164,16940,6,190,46
440,-231,91,17311,399,-853,-261,-44,212,16972,7,254,45
450,-225,100,17312,383,-850,-259,-52,172,16932,36,191,33
460,-225,93,17309,379,-858,-262,-48,220,16920,22,231,22
470,-225,99,17306,389,-863,-267,-60,252,16956,56,204,12
480,-211,99,17318,404,-837,-277,24,168,16852,22,195,25
490,-234,94,17307,399,-838,-271,-44,180,17016,25,227,19
500,-228,87,17297,397,-839,-270,-16,256,16976,27,219,3
510,-223,82,17317,403,-849,-269,-124,216,16920,7,245,29
520,-222,93,17312,411,-837,-275,20,172,17012,37,183,31
530,-221,84,17300,405,-856,-268,-20,148,16948,10,179,28
540,-212,97,17305,401,-830,-273,-44,252,16856,-7,206,20
550,-210,82,17309,402,-851,-273,-28,236,17072,31,166,52
560,-221,94,17295,410,-827,-276,-40,200,17044,38,198,31
570,-224,90,17305,400,-855,-271,-28,176,16916,-5,197,63
580,-231,103,17306,405,-852,-274,-64,192,16932,47,190,15
590,-226,98,17318,394,-844,-272,-68,192,16992,18,198,31
600,-213,94,17304,401,-845,-276,-20,176,16932,35,202,10
610,-231,98,17297,399,-851,-275,20,196,16916,27,203,41
620,-224,90,17303,394,-844,-272,-64,188,16968,13,212,16
630,-226,94,17297,397,-850,-274,-64,280,16908,41,201,25
640,-220,90,17300,400,-832,-270,-44,212,16900,1,207,40
650,-226,93,17302,402,-831,-278,-36,228,16988,46,230,38
660,-231,103,17309,400,-855,-267,-24,120,16872,-28,225,11
670,-226,88,17311,393,-865,-264,-56,204,16952,38,164,55
680,-216,97,17302,386,-851,-265,-108,216,16868,31,190,18
690,-214,93,17302,387,-852,-266,-8,220,16996,35,201,26
700,-229,96,17314,399,-837,-272,-36,216,16996,39,210,10
710,-278,78,17218,412,-838,-278,-180,220,16732,-13,210,1
720,-139,111,17370,396,-846,-285,-36,288,16964,30,180,39
730,-304,79,17326,409,-840,-270,-88,184,16852,-22,184,26
740,-201,94,17226,390,-841,-267,0,212,16748,35,190,41
750,-221,109,17324,437,-852,-279,80,220,17052,68,157,38
760,-178,47,17245,441,-853,-265,-116,20,16684,114,155,38
820,-91,95,17168,493,-844,-336,44,196,17088,196,236,-86
830,-243,-95,17385,498,-802,-411,20,-116,17160,11,406,-403
840,-220,487,17451,446,-689,-595,-468,980,16984,270,496,-461
850,-742,1465,17629,503,-593,-720,-288,2500,16992,393,599,-933
860,-269,2385,17561,597,-517,-1169,-452,2624,17332,311,656,-2277
870,-201,2132,17961,614,-469,-2243,300,1520,18816,4,1167,-3351
880,320,1,19738,228,-9,-3131,568,-964,19620,-733,2351,-3049
891,75,-2143,20176,-372,959,-2973,320,-2960,19748,-1993,4038,-1467
901,-218,-2822,19461,-1154,2158,-1922,100,-2372,18924,-2614,5199,197
911,-305,-1873,18869,-1896,3197,-525,-216,-1004,18444,-1987,5958,905
921,-546,-839,18528,-1801,3925,289,-584,124,17760,-2834,6826,694
931,-652,374,18499,-2107,4538,260,-288,1628,18456,-3214,7376,153
941,-542,1283,19064,-2541,5081,-161,-164,1388,19288,-3327,8255,-255
951,-665,1073,19183,-2565,5759,-565,-608,1040,18828,-3445,9179,-524
961,-825,744,19143,-2818,6531,-834,-468,648,18856,-3406,9969,-663
971,-873,145,18959,-2869,7242,-1016,-980,-184,18200,-3122,10827,-839
981,-1370,-644,18855,-2669,7889,-1143,-1276,-1184,19028,-2777,11657,-544
991,-1657,-1157,18961,-2331,8595,-1077,-1188,-1392,18220,-2250,12452,-199
1001,-1788,-1369,18829,-1913,9244,-836,-1580,-1052,17916,-1576,12891,47
1031,-2192,-505,17066,342,10297,-456,-2292,-232,17048,1227,13362,3
1041,-2607,-418,17375,1108,10351,-565,-2620,-200,16948,1577,13552,-78
1090,-4377,-675,16909,1707,11353,-937,-4300,208,15908,1842,14935,-174
1101,-4529,-668,17127,1704,11532,-896,-4264,-352,16920,1601,15125,-239
1111,-4592,-608,17295,1620,11765,-813,-4412,-516,15976,2028,15471,-213
1121,-4469,-487,16697,1691,11989,-810,-4148,-180,16576,2230,15508,-233
1131,-4709,-408,16337,2107,12171,-852,-4792,-352,16748,2599,15686,-294
1141,-5231,-286,15803,2514,12227,-882,-5580,-492,15392,3201,15617,-299
1151,-6176,13,15618,2892,12287,-898,-5996,-116,15756,3566,15573,-481
1161,-6402,-93,15682,3199,12269,-992,-6024,-24,15220,3548,15463,-835
1171,-6844,70,15441,3373,12226,-1412,-6508,108,14148,3611,15590,-988
1201,-8094,30,15175,2511,12160,-1399,-7520,72,13752,2335,15502,-787
1211,-8055,102,14810,2146,12169,-1354,-7796,300,14852,1785,15478,-762
1221,-7948,17,14719,1755,12161,-1339,-7512,224,14752,1082,15450,-717
1231,-8333,-131,14723,1099,12157,-1242,-7988,120,14880,140,15452,-513
1261,-9598,213,13320,-1549,11952,-643,-9324,580,12620,-2490,15155,181
1271,-9789,387,12933,-2074,11776,-447,-9488,728,12288,-2784,14805,386
1281,-9968,458,12908,-2295,11537,-257,-9180,548,12260,-2901,14633,444
1291,-10636,136,12694,-2307,11403,-282,-10572,404,12528,-2695,14699,97
1301,-10634,-41,12345,-2130,11413,-528,-10088,4,11352,-2377,14564,-15
1311,-10525,-252,11941,-1811,11250,-642,-10028,-152,11640,-2032,14086,-141
1321,-10532,-299,11863,-1569,10928,-734,-10132,-100,11148,-1807,13800,-373
1351,-12296,-358,12661,-919,9368,-1061,-12392,-308,12364,-1661,11632,-339
1361,-12644,-643,12026,-1080,8910,-920,-12132,-684,11460,-1685,12072,-506
1371,-12075,-616,11934,-1175,9153,-974,-11040,-404,11536,-1533,11738,-376
1380,-11555,-549,11329,-1076,8922,-870,-11164,-60,8928,-765,11245,-236
1391,-12070,-453,10764,-601,8484,-734,-12396,320,9948,72,10792,-275
1401,-12968,-87,10886,137,8189,-727,-12528,460,9716,1098,10529,10
1451,-14165,-115,10852,4726,7593,-8,-13964,108,10076,5124,10295,427
1461,-14296,-149,10255,4806,7747,-183,-13944,160,9320,4802,10371,167
1471,-14171,-171,9626,4560,7873,-393,-13692,44,9276,4134,10547,7
1480,-14017,-308,9481,4053,7996,-561,-13660,-312,9184,3095,10728,-262
1490,-13747,-598,9193,3248,8127,-751,-13512,-444,9740,1941,11066,-345
1501,-14126,-1081,9730,2225,8277,-839,-13512,-1156,8732,473,10981,-291
1510,-13815,-1464,9077,985,8369,-827,-13348,-1200,8892,-625,11146,138
1520,-13657,-1441,8940,-92,8456,-528,-12952,-1196,8040,-1513,11386,574
1531,-13525,-1447,8842,-923,8571,-134,-13292,-852,8080,-2282,11292,886
1541,-13452,-1231,8135,-1605,8587,163,-13372,-548,7808,-2851,11448,1171
1571,-14667,-657,7802,-3385,8950,150,-14164,-228,6620,-4664,12071,641
1580,-14592,-573,7715,-3804,9146,66,-14108,-248,7996,-5434,11803,618
1590,-14654,-463,7284,-4230,9068,38,-15976,496,8640,-5752,10970,727
1601,-16332,504,8030,-4504,8751,116,-15864,1024,6728,-5589,10472,1448
1660,-15020,615,5824,972,7033,-226,-14840,876,5560,2968,8942,-54
1670,-15387,619,6211,2348,6712,-424,-15524,888,6076,3708,8906,-112
1681,-16036,579,6505,3273,6588,-544,-15888,812,6096,3592,9011,-464
1691,-16137,577,6151,3639,6646,-731,-15860,704,5720,3770,9455,-832
1721,-15858,268,4435,3982,7210,-1810,-15728,828,3924,4632,9413,-1937
1730,-15839,125,4195,4108,7122,-2043,-15464,608,3432,4355,9269,-2165
1740,-15503,-127,3910,4186,6996,-2305,-15108,228,3596,4155,9142,-2269
1751,-15437,-417,3908,4141,6871,-2551,-15148,-216,3592,3885,8984,-2369
1761,-15922,-833,4170,4011,6725,-2634,-15544,-816,3988,3310,8926,-2403
1770,-16202,-1089,3655,3156,6633,-2588,-15788,-816,3280,2792,9026,-2222
1820,-16007,-1196,2803,775,6352,-1914,-15424,-632,2248,367,8574,-1453
1831,-15946,-1138,2816,652,6208,-1726,-15280,-1108,2668,504,8504,-1322
1840,-16061,-1344,2843,529,6080,-1578,-15472,-940,1852,189,7993,-1055
1850,-15931,-1263,2177,403,5785,-1336,-15284,-1012,1420,221,7807,-663
1861,-16268,-1558,2683,386,5723,-1072,-16304,-1396,4300,-155,7668,-556
1870,-16163,-1318,1870,240,5459,-879,-15536,-968,1200,-114,7308,-225
1880,-16162,-968,1488,171,5118,-621,-15564,-628,804,-125,6887,75
1890,-16162,-842,1181,180,4771,-377,-15636,-436,532,-125,6453,204
1901,-16286,-680,1224,228,4422,-235,-15840,-436,1540,-35,6199,301
1910,-16398,-757,1176,227,4131,-162,-15780,-256,184,-56,5704,394
1920,-16215,-702,661,352,3859,-55,-15776,-428,-60,496,5478,476
1930,-16451,-792,549,799,3652,13,-15972,-396,-80,1210,5187,488
1940,-16536,-727,612,1365,3441,-3,-16232,-624,1488,1796,4983,485
1951,-16456,-779,609,1877,3211,4,-15956,-160,-176,2157,4606,495
2001,-16491,-501,261,1668,1262,-197,-15988,24,-284,1129,2249,184
2011,-16560,-406,70,1397,918,-192,-16016,-88,-584,954,1855,195
2020,-16567,-519,-102,1215,631,-153,-16028,-260,-744,880,1577,192
2030,-16501,-677,-283,1163,365,-172,-15944,-280,-892,962,1194,115
2041,-16446,-752,-372,1199,59,-200,-15924,-392,-868,982,772,96
2050,-16435,-834,-333,1220,-263,-215,-15960,-520,-852,882,414,20
2061,-16503,-921,-269,1175,-587,-272,-16088,-608,-720,724,159,-140
2070,-16600,-1032,-166,1023,-807,-382,-16096,-624,-612,407,13,-295
2080,-16535,-1009,-153,784,-981,-512,-15976,-600,-792,45,-328,-236
2090,-16466,-992,-276,465,-1212,-508,-15928,-584,-956,-192,-678,-139
2101,-16363,-975,-390,247,-1514,-437,-15864,-604,-896,-289,-1170,-123
2130,-16340,-619,-308,95,-2878,-355,-15872,-124,-984,-232,-3100,-183
2140,-16335,-486,-339,155,-3438,-361,-15876,-80,-988,-101,-3672,-291
2150,-16360,-461,-362,250,-3976,-413,-15916,-152,-908,32,-4256,-443
2180,-16033,-723,-102,513,-5480,-681,-15416,-532,-572,33,-6225,-646
2190,-15896,-892,111,467,-6061,-707,-15456,-536,-296,-47,-6862,-692
2201,-15960,-921,254,390,-6621,-713,-15612,-460,-476,-154,-7582,-636
2210,-16084,-801,296,307,-7193,-689,-15712,-348,-64,-97,-8298,-556
2220,-16202,-705,579,303,-7784,-618,-15916,-388,248,-22,-8940,-588
2230,-16328,-726,888,377,-8350,-575,-15804,-260,508,173,-9461,-670
2240,-16273,-641,1205,525,-8813,-613,-15448,-324,424,600,-9853,-564
2270,-15249,-847,2369,1343,-10105,-426,-14744,-412,2116,1269,-11633,-394
2280,-15216,-804,2714,1514,-10618,-378,-15100,-452,2504,1252,-12037,-550
2290,-15539,-784,3038,1559,-11056,-421,-15620,-536,2656,1208,-12369,-681
2301,-16038,-872,3549,1561,-11361,-544,-15920,-708,3008,1283,-12546,-710
2310,-16331,-1249,3627,1571,-11579,-613,-16388,-736,3108,1406,-12770,-987
2320,-16219,-1078,3842,1648,-11738,-689,-15760,-684,3148,1815,-12780,-1073
2370,-15287,-1345,5596,2718,-12720,-886,-14652,-1136,5244,2793,-14063,-525
2380,-15304,-1464,5984,3012,-12995,-226,-14896,-1120,5288,3337,-14159,286
2390,-14849,-1470,6999,3415,-13145,426,-14208,-848,6820,3540,-14752,987
2401,-14851,-1295,7263,3710,-13555,1079,-14356,-1048,6704,3700,-15054,1740
2410,-14911,-1175,7514,3963,-13790,1592,-14276,-936,7520,3831,-15294,1994
2420,-14917,-903,7760,4066,-14001,1818,-14516,-644,7108,3945,-15379,2049
2450,-13904,-620,8135,4367,-14582,1259,-13492,44,8308,4427,-16511,1543
2460,-13623,-584,8285,4446,-15073,1530,-13076,-116,7540,4128,-17123,2107
2470,-13069,-106,8745,4338,-15471,2004,-12336,268,8640,3768,-17302,2570
2480,-12656,106,9907,3940,-15747,2337,-12332,116,10296,2803,-17699,2373
2490,-12892,-409,9742,3195,-15990,2220,-12576,-720,9104,2662,-17721,2248
2501,-12637,-687,9795,2763,-16106,2140,-11916,-460,9816,2607,-17883,2644
2550,-12552,-183,11030,1227,-16594,3420,-12300,504,10668,542,-18150,3745
2560,-12686,47,12332,871,-16453,3368,-12624,140,12644,-204,-17561,3464
2571,-13253,498,12560,456,-15982,3175,-13256,1332,12644,-392,-17090,3287
2580,-13630,1450,13370,114,-15554,3043,-12988,2224,13656,-654,-16608,3573
2590,-12739,1888,13887,-60,-15193,3212,-11336,1908,14092,-636,-16034,3555
2601,-10867,1341,14448,-59,-14734,3162,-9564,1332,13024,-591,-15666,2959
2630,-9754,783,13732,1058,-13739,2297,-9604,1124,13892,939,-14833,2907
2640,-9881,854,14403,1332,-13623,2532,-9572,1216,14072,406,-14463,2997
2650,-9512,1014,14789,1155,-13403,2641,-8884,1100,14768,-54,-14423,2859
2660,-9201,1139,14528,506,-13264,2543,-9072,1768,14796,-1268,-14404,2378
2670,-9031,1202,14705,-263,-13122,2249,-9132,1316,14664,-2114,-13829,1888
2680,-8967,1151,14572,-999,-12926,1840,-7636,1024,10508,-2565,-13396,1833
2690,-8525,744,14481,-1654,-12669,1645,-7856,684,15708,-3157,-13390,2192
2720,-6783,700,14827,-4032,-12269,2050,-6056,1192,13648,-6431,-13333,1996
2730,-6537,755,15914,-4542,-12322,1889,-5948,712,14704,-5845,-13407,1920
2740,-6150,593,15118,-4906,-12557,1720,-6332,640,16324,-6097,-13364,1720
2750,-6401,491,16164,-4925,-12499,1583,-6312,656,15836,-6054,-13204,1760
2760,-6653,201,16561,-4916,-12351,1567,-6732,144,16872,-6082,-12895,2005
2770,-6801,-226,16895,-4851,-12149,1722,-6096,164,14092,-6119,-12277,2299
2820,-5038,-147,17945,-2940,-10549,2330,-4168,24,15136,-4095,-11015,2558
2830,-4737,-30,16706,-3064,-10695,2370,-4176,-140,16128,-3146,-10110,2416
2840,-4595,170,15631,-2553,-10095,2098,-4888,556,18616,-3091,-10689,2518
2850,-4427,-674,17495,-1870,-9485,2192,-3952,-16,14792,-1638,-9836,2610
2860,-4614,-156,16917,-1533,-9640,2201,-4324,-148,17944,-936,-9451,2605
2870,-4350,70,17112,-770,-9266,2183,-4188,164,17620,-496,-9274,2534
2902,-3821,411,16931,1056,-8689,1408,-3660,480,16612,929,-9019,1457
2911,-3530,205,16985,1278,-8722,1124,-3200,312,16696,919,-9067,1219
2921,-3222,28,17295,1237,-8678,952,-3092,248,18272,569,-8883,1109
2931,-2937,-129,17633,950,-8458,851,-2596,-100,17224,134,-8389,1055
2941,-2797,-144,18203,431,-8085,805,-2644,-116,18348,-594,-7746,1059
2951,-2622,-48,18898,-304,-7452,848,-2868,-676,24432,-1848,-7385,1280
2961,-2063,-793,17862,-1219,-7061,967,-1932,-932,17240,-2775,-6418,1106
3011,-2304,-53,16770,-1962,-5568,992,-1872,276,16688,-2215,-5109,1072
3021,-2015,50,17922,-1627,-5420,774,-1836,248,17660,-2276,-5281,993
3031,-1900,-57,17367,-1598,-5460,688,-1636,64,17188,-2099,-4785,748
3041,-1665,-348,18150,-1514,-5101,481,-1672,-1192,26312,-3020,-4506,788
3051,-1629,1454,17488,-220,-4857,427,-1804,1380,16248,6306,-4195,4
3061,-1253,-766,18612,3789,-4403,-206,-1588,1536,18916,2113,-3336,37
3091,-867,-523,16863,2369,-3878,-379,-948,1124,14768,1800,-3714,162
3102,-1442,-841,17166,1834,-4064,-166,-1032,-764,17568,2435,-3546,-67
3111,-1257,-305,17358,2407,-4080,-229,-1136,292,16692,1627,-3666,239
3121,-1182,-166,17632,1875,-4086,-73,-896,-228,18236,2088,-3340,122
3131,-896,-331,18116,2132,-3882,-122,-636,260,17744,1231,-2960,212
3141,-952,9,18064,1653,-3582,-67,-764,68,17916,1717,-2509,125
3151,-749,-158,18186,1722,-3217,-117,-456,132,17744,854,-2127,198
3181,-691,-228,17239,1144,-2528,-56,-496,12,16708,1022,-1777,319
3191,-680,-166,17027,1233,-2531,-11,-496,-56,16672,902,-1934,362
3202,-664,-116,16813,1256,-2655,35,-412,24,16416,1117,-2214,382
3211,-656,-16,16602,1336,-2867,60,-576,-696,18952,773,-2603,402
3221,-519,-108,17312,1316,-3093,90,-200,-120,16824,1585,-2733,335
3231,-472,-79,17019,1621,-3284,34,-284,500,16856,1585,-2788,380
3241,-530,171,17082,1650,-3379,47,-300,244,17320,1278,-3182,360
3251,-309,-150,17429,1780,-3518,121,0,-224,16384,1983,-2958,415
3261,-261,-141,16799,2022,-3547,82,-12,32,17160,1710,-3320,450
3271,-1052,275,17814,2019,-3681,109,1292,1344,25720,2010,1049,-125
3281,1284,959,25989,1887,-2086,-232,520,800,17228,-1347,-2,-257
3291,-224,372,15768,-77,-707,-508,-908,-1224,13804,-372,-1180,-366
3302,-909,-923,14915,-76,-1546,-582,464,-260,19056,87,-207,-546
3311,409,-101,19216,225,-1578,-740,948,184,18572,-837,-712,-759
3321,484,416,18291,227,-1435,-936,144,1280,17764,-733,-1549,-491
3392,222,18,18130,-1637,-5087,-683,328,556,18104,-2449,-5170,-455
3402,373,242,17877,-1799,-5401,-652,264,340,19092,-3349,-5197,-217
3411,516,266,18380,-1931,-5534,-500,1568,-724,15972,-2520,-5609,-116
3421,658,-596,17499,-2182,-5659,-278,648,-192,17660,-2871,-5445,-147
3431,1003,-574,17574,-2038,-5768,-303,1296,-348,16812,-2582,-6077,267
3441,1214,-318,18095,-1936,-5894,98,1428,-376,18420,-2541,-6870,579
3451,1209,-13,18623,-1713,-6972,408,1648,-40,17944,-2047,-7112,762
3461,1034,411,17783,-1270,-7291,534,864,496,18708,-1786,-7679,886
3471,1465,-72,18268,-751,-7609,825,2620,-408,15424,-744,-8384,1247
3481,902,115,18047,-189,-8091,837,1140,804,16836,325,-8125,927
3492,1317,104,17334,672,-8054,758,1456,532,17204,953,-8423,1132
3502,1426,197,18047,1414,-8223,1016,2300,524,15816,1889,-8536,1828
3511,2235,-441,17593,1819,-8576,1311,1684,-84,18788,1157,-9018,1557
3521,1865,10,17151,1959,-8626,1344,2152,-208,15996,1800,-8769,1997
3551,2919,-653,17763,2054,-8919,1741,3376,-696,17256,1798,-9392,2121
3561,3039,-313,17436,1878,-9082,1743,3064,196,17836,1476,-9782,2184
3571,3126,2,16931,1760,-9358,1831,4052,992,13388,1949,-9855,2455
3581,3524,-226,18301,1592,-9759,1898,3576,464,17536,852,-10384,2123
3591,3818,-149,16990,1258,-9996,1790,3776,-36,16888,610,-10661,1981
3602,3709,173,16458,1232,-10057,1723,3804,464,16464,966,-10929,2131
3611,4353,-707,17484,1222,-10404,1771,4048,-676,18208,281,-11293,1945
3641,5339,-817,16591,1162,-10553,1500,5592,-900,16280,817,-11391,1617
3651,5358,-535,16527,1216,-10725,1330,5772,-400,15744,930,-11211,1418
3661,5590,-245,15991,1348,-10595,1185,6268,-48,14612,1300,-11207,1505
3671,5603,-66,15625,1404,-10611,1205,6716,932,8900,1673,-10894,1799
3681,5644,-984,17872,1182,-10703,1310,4504,-888,19984,-748,-11707,987
3691,5777,-1120,16541,439,-11023,968,7416,-1740,14244,-438,-11967,868
3702,6625,-388,14354,223,-11237,722,5820,-1060,22272,147,-12567,1430
3751,7589,-633,14962,1575,-11676,839,7588,-420,15476,1548,-12429,861
3761,7374,-106,15323,2146,-11527,742,7504,124,14280,2411,-12467,1078
3771,7397,300,14700,2560,-11562,847,7204,-876,18904,2833,-12319,1469
3781,7961,-387,15495,2794,-11572,1120,7880,-680,14428,2466,-12389,1145
3791,7964,-696,14710,2892,-11551,1077,7860,-908,16028,3131,-12542,881
3802,8090,-767,14871,3225,-11537,831,9448,-928,13812,3125,-12764,928
3811,8614,-356,14937,3301,-11810,703,7920,-536,20924,2727,-13086,860
3821,9082,-517,15105,2955,-12060,704,9432,-832,12844,2097,-13347,496
3831,9029,-478,14367,2569,-12235,527,8908,116,15652,1889,-13124,479
3861,9592,-39,13081,2354,-11914,625,10112,160,12724,2193,-12629,730
3871,9791,209,13403,2367,-11785,609,9776,732,16548,1904,-12684,809
3881,10299,-32,13483,2164,-11702,712,11012,-304,12404,1461,-12601,751
3891,10507,-325,13584,1829,-11702,676,10676,-376,12952,1315,-12605,482
3902,10554,-432,12959,1654,-11761,465,10968,228,8696,1142,-12522,369
3911,10741,-124,13069,1461,-11816,260,11004,196,14192,219,-12900,-51
3921,11547,-410,12356,1122,-11991,73,11528,-248,11280,8,-13105,-244
3981,12253,486,10661,954,-12048,-147,12588,248,10964,707,-13171,33
3991,12374,327,10523,1199,-12210,-48,12596,300,10104,948,-12812,118
4002,12430,388,10272,1374,-12053,21,12880,200,10056,1401,-12892,242
4011,12815,216,10575,1627,-11944,119,12804,-284,7228,2134,-12458,127
4041,13686,-5,9690,1762,-12383,-648,13744,288,9984,1494,-13362,-778
4051,13471,155,8644,1797,-12466,-645,13636,192,8404,1313,-13511,-611
4061,13580,312,8700,1694,-12387,-419,13704,300,8272,1209,-13179,-261
4071,13786,557,7777,1380,-12215,-191,14036,884,7196,617,-13031,-76
4102,15798,890,8627,-982,-10853,-289,15972,1036,8620,-2772,-11322,-306
4111,15836,966,8010,-2098,-10731,-266,16016,904,7408,-3486,-11578,-230
4121,15708,701,7419,-2664,-10913,-222,15800,728,7036,-3607,-11532,-254
4131,15367,950,6683,-2670,-10801,-219,15244,1268,5980,-3233,-11277,-172
4141,14632,1757,5669,-2280,-10673,-249,14632,1776,5236,-2419,-11413,-381
4151,14204,994,5969,-1591,-10634,-351,14332,736,5344,-1748,-10886,-182
4202,15779,420,6240,-138,-9061,412,16024,316,6076,-906,-9027,446
4211,16350,290,5991,-395,-8675,317,16760,276,5476,-1002,-8574,466
4221,16269,236,5493,-491,-8351,307,16344,236,4992,-932,-8506,456
4231,15754,224,5113,-370,-8217,308,15360,552,4492,-758,-8282,340
4241,15194,76,4717,-157,-8043,203,14916,-200,4848,-438,-7849,195
4251,14743,-262,4613,107,-7736,57,14876,-252,4128,-78,-7512,88
4261,14873,-295,4644,323,-7416,-6,15376,-356,5076,115,-7197,315
4271,15033,-180,4736,472,-7207,141,15480,156,4024,226,-7221,438
4281,15633,2,4366,584,-7109,279,15940,-104,4708,373,-6821,450
4291,15762,-233,4628,703,-6872,262,16164,-16,4064,422,-6523,386
4302,16205,-293,4486,761,-6594,219,16408,-200,4296,372,-6411,403
4312,16332,-89,4042,770,-6488,222,16964,-236,2892,436,-6393,365
4321,16511,-304,3794,807,-6466,152,16480,-216,3192,471,-6496,172
4331,16493,-291,3472,877,-6472,36,16184,-332,3200,590,-6451,33
4341,15961,-486,3438,975,-6459,-98,16152,-296,2388,708,-6391,-311
4371,15774,-470,2866,1033,-6302,-706,15712,-444,3300,515,-6208,-605
4381,15601,-357,2914,936,-6270,-686,15240,404,1588,444,-6004,-728
4391,15898,104,2642,710,-6131,-747,15568,204,2392,-25,-5554,-816
4402,15866,20,3090,373,-5862,-834,15868,324,2364,-549,-5452,-971
4411,15785,120,2848,-27,-5649,-940,15536,-16,2156,-657,-5206,-1158
4421,15731,-192,2725,-170,-5523,-1124,16080,60,1564,-381,-5301,-1376
4431,16078,-150,2264,-34,-5468,-1291,16220,-212,2104,50,-5412,-1278
4461,15828,556,1879,1036,-5388,-1498,16276,436,1412,1212,-4557,-1904
4471,16267,389,1951,1300,-4998,-1784,16464,476,1512,1241,-4324,-1874
4481,16381,287,1972,1457,-4739,-1850,16872,268,2460,1229,-3985,-1727
4491,16439,242,2000,1533,-4547,-1802,16496,596,1248,1112,-4041,-1678
4502,16415,695,1614,1423,-4429,-1707,16752,660,-3844,1122,-2877,-1486
4511,16085,343,-178,1215,-4092,-1563,18096,496,-1828,651,-3250,-1613
4521,16723,569,1834,1148,-3640,-1702,16460,324,1520,-178,-3578,-1162
4571,16209,1105,863,168,-3350,-1012,16228,1188,188,163,-2476,-807
4581,16120,1099,933,344,-3200,-963,16232,1208,444,492,-2035,-669
4591,16053,969,1039,612,-2931,-908,16220,1076,588,779,-1746,-533
4602,16162,914,1009,919,-2619,-788,16708,876,728,1089,-1281,-442
4611,16203,1079,834,1184,-2353,-639,16304,1144,164,1340,-1165,-422
4621,16153,1143,608,1372,-1877,-594,16236,1368,136,1416,-894,-319
4631,16081,1029,527,1652,-1643,-558,16264,1104,-12,1410,-557,-252
4661,16332,464,484,1256,-1180,-337,16588,552,-8,790,-107,-1
4671,16404,457,494,1025,-1028,-265,16548,564,72,494,135,66
4681,16332,539,585,740,-826,-220,16472,680,224,69,364,106
4691,16237,551,624,333,-651,-194,16364,676,240,-399,580,132
4702,16055,522,696,-68,-483,-190,16168,656,336,-792,779,140
4711,16001,520,638,-381,-336,-155,16124,696,244,-1004,908,210
4721,16067,500,569,-537,-204,-75,16260,660,176,-1003,1073,339
4731,16182,587,648,-521,-71,5,16368,780,232,-971,1157,397
4741,16297,727,726,-498,-17,48,16400,864,344,-925,1255,419
4751,16316,818,730,-470,72,53,16476,976,204,-907,1409,371
4761,16342,897,843,-461,202,37,16424,1008,396,-883,1584,370
4771,16222,935,984,-427,339,27,16316,1112,508,-849,1715,380
4781,16152,833,967,-410,456,7,16280,900,408,-772,1879,296
4791,16173,716,1114,-332,583,-79,16344,796,788,-714,2082,120
4802,16363,680,1171,-259,759,-216,16600,800,628,-647,2152,116
4811,16420,716,1080,-202,848,-223,16568,852,764,-559,2425,208
4861,16142,689,620,-1,2217,153,16340,796,384,-446,4273,715
4871,16075,627,733,-54,2588,235,16172,780,476,-616,4776,807
4881,15893,672,803,-182,3006,307,16044,696,320,-801,5301,905
4893,15900,544,1018,-339,3427,378,16080,572,836,-989,5964,966
4903,15930,487,1202,-499,3895,414,16116,500,844,-1065,6488,1017
4912,15968,422,1331,-639,4385,460,16196,504,952,-1171,7102,1132
4922,15996,320,1231,-708,4898,525,16160,400,676,-1052,7808,1320
4932,15998,228,1151,-692,5445,664,16288,372,912,-972,8680,1507
4942,16103,138,1358,-613,6143,800,16388,256,1092,-1124,9234,1739
4952,16081,56,1575,-655,6683,962,16116,0,1492,-1346,9836,1919
4962,15928,-129,1768,-807,7170,1134,15976,-124,1472,-1525,10525,2176
4972,15727,-197,1785,-989,7713,1312,15744,-16,1488,-1657,11166,2395
4982,15524,-39,1949,-1109,8268,1507,15572,152,2084,-1915,12059,2498
4992,15393,106,2398,-1335,8912,1627,15520,300,2424,-2275,13241,2442
5003,15286,107,2974,-1643,9795,1607,15380,184,3388,-2741,14432,2391
5032,15179,67,3839,-2343,12582,1950,15120,184,3292,-2081,17342,3566
5042,14890,116,3772,-1908,13365,2323,14676,156,3300,-1092,18350,3569
5052,14477,31,3941,-1170,14126,2482,14420,60,3584,37,19393,3301
5062,14301,-107,4307,-238,15017,2324,14520,-140,4940,874,20393,2913
5072,14311,-224,5383,645,15880,1989,13988,-8,5924,1267,21299,2565
5082,13902,-155,6247,1149,16715,1663,13592,168,6368,1370,22294,2139
5092,13624,48,6718,1332,17499,1300,13716,268,6648,1526,23222,1659
5122,13331,81,8436,2212,19960,426,13652,304,7580,3993,26257,1708
5132,13040,252,9145,3006,20825,516,12884,688,9048,4692,26686,1846
5142,12664,-539,9436,3842,21995,619,12788,-660,8432,5914,27218,1410
5152,12287,-1027,10080,5708,22320,68,12204,-1036,10028,7076,27616,528
5162,12169,-1152,10855,6636,22468,-638,12328,-1232,10436,7782,27315,-154
5172,11954,-860,11422,7004,22168,-1220,12044,-668,11332,7757,26832,-721
5182,11653,-471,11416,6750,21833,-1666,11636,-268,11192,7053,26683,-1151
5232,8784,-556,14409,-216,22771,-2722,8804,-620,14548,-1880,27659,-2255
5242,8642,-799,15072,-1716,22397,-2856,8804,-920,15516,-3180,26815,-2124
5252,7983,-586,15604,-2994,21676,-2681,8476,-440,14560,-4789,25555,-1981
5262,7874,-271,15427,-4285,20483,-2547,7896,-116,15036,-6076,23871,-2028
5272,7358,-8,15411,-5534,19092,-2629,7320,336,15740,-7620,22738,-2307
5282,6868,295,15483,-6673,18234,-2797,7000,448,15584,-8781,22113,-2339
5292,6204,502,16376,-7632,17625,-2749,6288,464,17064,-9606,21167,-1942
5303,5334,196,17233,-8360,16937,-2387,5592,80,16976,-9983,20375,-1501
5312,4856,-96,18198,-8649,16225,-2009,4796,-80,17672,-9628,19728,-1314
5342,3418,668,17696,-4938,14871,-1701,3600,1028,17152,-3210,18166,-797
5352,2781,913,17291,-2742,14404,-1387,3052,1572,16316,-544,17625,-385
5362,3716,1688,16426,-375,13990,-1166,4180,1536,16084,2353,16968,-916
5412,2526,257,19588,9907,9187,-1743,2236,268,19168,11713,10469,-1709
5422,1776,-70,19284,10483,8162,-2032,1344,-172,18600,11727,10018,-1895
5432,997,-149,18459,10613,7706,-2249,1104,284,17692,11342,10241,-2275
5442,994,303,17565,10361,7780,-2564,1104,716,17776,10503,10516,-2607
5452,748,494,17910,9679,7960,-2868,824,564,18544,8671,10330,-2968
5462,957,267,18435,8256,7860,-3158,1368,128,19200,6259,9686,-3466
5472,1453,-22,19010,6241,7430,-3496,1716,96,19284,3391,8773,-3840
5482,1613,47,19416,3827,6675,-3809,1804,412,19712,327,7546,-3900
5492,1684,360,19385,1202,5658,-3890,1832,620,19384,-2461,6101,-3766
5503,1481,572,18965,-1240,4506,-3765,1604,780,18396,-4344,5069,-3619
5532,1057,986,17196,-4576,2857,-3407,1028,868,16500,-5410,4286,-3382
5542,631,689,16872,-4572,2649,-3324,420,612,16300,-4908,4226,-3525
5552,72,502,16639,-4221,2534,-3391,68,720,16420,-4335,4198,-3564
5562,-158,637,16938,-3746,2520,-3476,388,812,16880,-4098,4010,-3257
5572,138,616,17310,-3406,2434,-3329,836,896,16580,-3959,4081,-2879
5582,339,964,16745,-3172,2345,-3035,1624,1456,15372,-2513,4400,-2405
5592,1167,1074,17184,-2588,2593,-2682,1748,1180,18380,-2370,3551,-1981
5603,1504,920,18288,-1988,2287,-2284,1024,436,19196,-2254,1946,-1388
5612,682,364,19641,-1668,1177,-1782,1164,796,18356,-2130,1325,-815
5622,902,705,18502,-1643,311,-1266,884,920,17264,-1512,1281,-599
5632,646,704,17533,-1298,53,-877,696,428,16232,-580,968,-734
5682,-320,129,15753,504,972,-1322,156,252,15668,-515,3367,-829
5692,-75,-393,15942,106,1536,-1203,440,-296,15748,-1063,3966,-793
5703,511,-749,16405,-331,2031,-1057,536,-624,16228,-1716,4400,-935
5712,416,-645,17151,-842,2501,-1093,556,-496,17016,-2940,4487,-1029
5722,328,-477,17926,-1615,2745,-1259,516,-340,18076,-4443,4007,-1031
5732,-177,-300,18534,-2733,2104,-1193,-92,-140,18448,-5927,3073,-929
5742,-454,-338,19073,-5291,1239,-1110,-188,-204,18888,-7140,1934,-874
5752,-785,-160,19050,-6237,252,-988,-652,-20,18932,-7926,679,-703
5762,-1389,26,18193,-6638,-665,-787,-1244,188,17624,-7717,-37,-479
5772,-1803,47,17205,-6261,-1177,-613,-1552,208,16548,-6638,-322,-301
5782,-1776,192,16514,-5158,-1324,-413,-1452,340,15796,-5006,-186,145
5812,-1408,-1074,16789,-580,24,706,-1824,-1292,20232,-207,1395,470
5822,-567,-991,16483,454,448,154,-36,-420,15312,377,2313,333
5832,-96,436,16816,1689,1225,62,668,676,16044,3723,3445,1063
5862,70,-2274,18286,1853,847,718,212,-2000,17996,1082,1600,877
5872,-32,-1647,18157,1530,239,452,264,-1588,17760,697,721,732
5882,-499,-966,17935,1286,-438,400,-396,-960,17832,850,-96,1029
5892,-813,-1023,17824,1171,-1083,609,-536,-824,17248,641,-430,1283
5903,-731,-961,17117,1050,-1361,813,-380,-888,16648,378,-395,1212
5912,-624,-591,16574,938,-1300,805,-404,-364,16008,888,13,1136
5922,-663,-480,16244,1196,-1009,714,-352,-340,15700,1056,504,1107
5932,-337,-324,16172,1412,-576,682,72,-392,15968,1540,1107,1077
5942,61,-572,16367,1770,-79,628,348,-480,16132,1792,1675,1037
5952,161,-786,16576,1980,386,594,336,-744,16448,1977,2026,1073
5962,92,-885,16785,2149,710,593,208,-732,16668,2107,2209,1103
5992,-471,-568,17305,2419,1201,651,-460,-380,17136,2287,2485,970
6003,-732,-386,17595,2358,1125,529,-672,-56,17404,2070,2012,925
6012,-422,22,17170,2271,773,478,-584,464,25000,1673,-1499,1022
6022,-787,209,23934,1777,-1310,649,-1796,24,18600,-162,-1541,1139
6032,-1437,-7,15592,587,-2799,880,-840,400,15248,1317,-513,917
6042,-1338,-24,17748,1203,-1759,560,-1300,580,16984,-233,-2197,839
6052,-1312,384,16166,555,-2389,468,-676,236,16152,1726,-1340,870
6062,-628,-518,17281,1345,-2362,479,-56,40,17840,-251,-1625,728
6072,-466,352,17717,716,-2216,412,-604,324,17604,1542,-1251,537
6082,-711,-245,17873,1252,-2145,238,-520,188,17164,62,-932,555
6092,-744,-21,17652,723,-1910,217,-572,-60,17668,815,-777,439
6103,-732,-276,17785,891,-1694,189,-564,208,17164,378,-506,351
6152,-766,157,17248,610,-1106,-411,-460,272,16744,274,-130,-268
6162,-724,64,17155,503,-1116,-503,-492,-40,17112,161,-171,-329
6172,-651,-159,17401,551,-1128,-570,-376,-88,17092,90,-113,-271
6182,-643,-169,17383,459,-1110,-530,-460,28,17128,100,-15,-282
6192,-608,-22,17407,447,-1040,-518,-428,160,17176,11,86,-328
6203,-606,-46,17399,405,-994,-547,-336,-68,17084,67,107,-320
6212,-604,-162,17388,423,-918,-568,-496,-32,17072,30,160,-298
6222,-667,-173,17288,411,-865,-564,-464,0,17016,67,197,-288
6232,-693,-190,17267,418,-849,-546,-420,20,16912,71,147,-266
6242,-692,-128,17150,407,-862,-523,-440,120,16536,148,8,-321
6252,-721,-52,16914,477,-934,-544,-568,60,16684,233,-152,-359
6262,-739,-69,16997,513,-1083,-578,-412,-4,16652,243,-323,-402
6272,-666,-141,17141,588,-1194,-610,-536,-72,16912,307,-402,-349
6282,-715,-203,17266,624,-1318,-608,-324,-60,17008,329,-427,-349
6292,-639,-310,17296,648,-1355,-599,-376,-132,16908,307,-389,-245
6303,-508,-230,17294,674,-1387,-454,-196,-56,16860,306,-461,-144
6312,-509,-65,17045,642,-1413,-371,-232,144,16764,310,-576,-77
6322,-584,-81,17211,643,-1490,-370,-412,24,17056,274,-605,-88
6332,-583,-124,17334,641,-1524,-363,-320,-20,17100,355,-556,-75
6342,-466,-158,17297,660,-1514,-331,-260,-56,16772,305,-565,-38
6352,-401,-155,17351,653,-1459,-287,-100,-44,17164,331,-436,24
6362,-417,-98,17488,656,-1379,-236,-176,96,17252,298,-396,51
6372,-497,-46,17435,652,-1315,-225,-312,116,17068,238,-277,43
6403,-535,-40,17496,560,-1060,-296,-320,160,17372,138,61,8
6412,-446,-67,17914,493,-908,-284,-200,44,17884,-50,362,15
6422,-354,53,18307,294,-609,-256,-176,184,18188,-209,920,22
6432,-447,-6,18838,119,-105,-276,-192,100,18948,-592,1867,21
6442,-287,104,19768,-247,685,-301,-132,284,19944,-1227,3122,19
6452,-439,105,19811,-747,1733,-329,-264,168,19420,-1700,4408,-16
6462,-369,21,19257,-1240,2796,-371,-120,96,18996,-2284,5598,14
6512,-1323,-608,18472,-3407,6507,-92,-1312,-576,18204,-4397,9463,465
6522,-1659,-840,18570,-3637,6994,-18,-1304,-744,18552,-4909,10216,702
6532,-1512,-910,18947,-4025,7601,127,-1304,-680,18304,-5492,11090,933
6542,-1540,-511,18925,-4252,8256,303,-1756,152,18832,-4323,11746,971
6552,-2078,-156,18827,-3224,8934,273,-2180,-768,19440,-1478,12816,468
6562,-2488,-621,19443,-1141,9885,-76,-2048,-1288,19652,-1861,13829,386
6572,-2382,-1327,18940,-1473,10723,-194,-2032,-1028,17772,-3987,14563,695
6582,-2479,-1373,17608,-3198,11262,29,-2060,-1096,16504,-4003,15020,1002
6592,-2495,-1190,17276,-3485,11644,251,-2592,-1084,17228,-3022,15306,963
6603,-3001,-1137,17739,-2556,11941,295,-2856,-1508,17612,-3386,15660,1039
6632,-3763,-1857,16751,-3156,12627,783,-3672,-1572,16336,-3419,16169,1908
6642,-4099,-1768,16616,-2966,12712,1039,-4284,-1516,16076,-3348,16244,2037
6652,-4846,-1712,16634,-2860,12798,1181,-4996,-1208,16380,-3380,16484,2224
6682,-5798,-1513,15895,-2111,13183,1394,-5636,-1364,15292,-1498,16821,2225
6692,-5990,-1425,15762,-1330,13273,1344,-5840,-1076,15028,-606,16687,2086
6703,-6154,-1207,15417,-548,13224,1219,-6064,-1136,14544,613,16675,1794
6712,-6345,-1282,15068,378,13166,1005,-6448,-1284,14452,1709,16483,1550
6722,-6846,-1504,15098,1357,13103,787,-7184,-1292,14568,2606,16377,1417
6732,-7471,-1505,15025,2207,12993,613,-7344,-1296,14344,3172,16464,1351
6782,-8550,-1274,13803,3778,12761,278,-8512,-560,13452,4104,15740,951
6792,-8934,-875,13972,3858,12536,214,-9220,-180,13128,4022,15598,572
6803,-9473,-483,13684,3790,12338,-13,-9536,-340,13268,3934,15613,246
6812,-9772,-552,13659,3732,12323,-292,-9660,-336,12872,4046,15476,-46
6822,-9917,-505,13198,3775,12255,-558,-9588,-564,12480,4442,15415,-251
6832,-9977,-736,12859,4021,12164,-789,-10100,-440,11952,4774,15117,-404
6842,-10405,-685,12442,4319,11994,-920,-10740,-392,11644,5077,14920,-613
6852,-10991,-607,12222,4585,11788,-1082,-10988,-348,11932,5111,14712,-781
6862,-11177,-673,12164,4733,11625,-1254,-10904,-388,11692,5058,14616,-927
6872,-11556,-437,11969,4735,11495,-1400,-11316,-60,11356,5083,14352,-1146
6904,-11761,-1136,11761,4965,11040,-1561,-11584,-868,11416,5111,13922,-813
6913,-12662,-347,10926,4644,10852,-1384,-12800,172,10404,4503,13919,-941
6923,-12571,-585,11171,4157,10954,-1466,-11920,-328,11276,3739,14155,-841
6953,-13182,-749,9344,2872,10524,-1136,-13128,4,5436,3046,13082,-436
6963,-13471,-570,9598,2726,10100,-966,-13220,-224,8836,2547,12995,-348
6973,-13335,-452,10464,2412,10087,-867,-12592,-328,10672,1662,13193,-16
6983,-12168,-543,10578,1702,10177,-541,-12756,-792,10996,638,12904,536
6993,-14524,-1427,8611,1254,10126,-185,-14732,-644,8368,1773,13318,39
7004,-15274,119,8640,1599,10235,-323,-15812,304,8572,2063,12934,639
7053,-14937,480,7539,1587,9706,-372,-14432,684,6632,1538,12273,-35
7063,-14532,347,6820,1685,9475,-581,-14168,404,6288,2022,11926,-202
7073,-14448,-49,6638,2013,9142,-735,-14044,56,6176,2334,11510,-219
7083,-14721,-476,6793,2311,8835,-749,-14580,-248,6244,2341,11229,-115
7093,-15002,-419,6686,2277,8586,-640,-15060,208,6560,1745,11210,53
7104,-15658,-446,7291,1801,8489,-522,-14988,-268,6380,609,10984,285
7113,-15165,-477,6197,1015,8325,-313,-14828,-252,5100,371,10704,472
7143,-15580,426,6049,879,7705,33,-15300,836,5468,754,10115,419
7153,-15646,513,5912,936,7600,-97,-15388,844,4856,970,9883,203
7163,-15841,428,5261,1091,7464,-292,-15480,648,4272,1409,9711,91
7173,-15894,334,4853,1416,7306,-426,-15440,696,3980,1793,9656,-95
7183,-16100,388,4668,1768,7248,-568,-16216,880,4100,1923,9805,-421
7193,-16529,396,4187,1983,7343,-812,-15972,564,3156,2303,10074,-580
7204,-17457,384,3662,2216,7441,-1028,-17252,1348,3716,2418,8807,-427
7213,-17934,858,4618,2340,6809,-1036,-17216,944,4748,1593,8244,89
7223,-17275,428,4654,1926,6145,-578,-16292,144,3804,1450,8443,43
7233,-16503,-120,4057,1670,6080,-408,-15600,344,2972,1788,8431,-206
7243,-15904,135,3316,1843,6182,-598,-15468,620,2532,2354,8283,-236
7273,-16400,566,3861,2396,5838,-931,-15864,856,2932,1960,7775,-845
7283,-16160,482,3355,2141,5722,-1169,-15632,624,2324,1888,7407,-848
7293,-16065,237,2743,1999,5440,-1228,-15392,300,1632,2185,7111,-773
7323,-16038,-314,2060,2830,4724,-906,-15688,264,1448,3463,6551,-216
7333,-16316,-188,2489,3204,4556,-698,-16572,96,1280,3346,6223,-230
7343,-16804,-176,2010,3299,4475,-652,-15820,428,1240,3522,5849,97
7353,-16289,-45,1899,3335,4159,-525,-15900,128,1392,3431,5450,269
7363,-16387,-240,2181,3373,3858,-303,-15824,260,1760,3214,5131,282
7373,-16276,-188,2544,3270,3543,-203,-15656,300,1740,2944,4713,257
7383,-16113,-106,2187,3082,3233,-179,-15524,180,1724,2655,4342,245
7413,-16973,-185,1522,2518,2581,-317,-16556,156,928,2189,4191,161
7423,-17106,-120,1209,2404,2591,-232,-16676,216,408,2071,4279,286
7433,-16737,-168,1164,2215,2617,-96,-16236,116,624,2006,4151,489
7443,-16358,-250,1252,2144,2428,97,-15920,20,680,1981,3836,713
7453,-16229,-418,1566,2039,2229,263,-15712,-120,1024,1732,3663,847
7463,-16264,-277,1632,1798,2088,349,-15848,112,1084,1369,3507,915
7473,-16435,-34,1324,1474,1959,438,-16004,372,720,1048,3412,968
7483,-16586,142,1028,1268,1866,473,-16032,528,404,985,3244,954
7513,-16766,589,935,1241,1530,218,-16392,1016,368,991,2850,464
7523,-16857,766,607,1246,1397,7,-16392,1148,-176,1033,2623,215
7533,-16700,644,256,1299,1217,-196,-16224,964,-328,1147,2445,40
7543,-16576,352,369,1369,1067,-337,-16104,616,-216,1201,2288,-72
7553,-16413,130,619,1399,906,-389,-15936,468,104,1125,2037,16
7563,-16431,74,692,1322,732,-295,-16040,412,180,947,1945,143
7573,-16455,147,654,1185,622,-211,-15940,632,-80,758,1800,173
7604,-16495,249,567,837,201,-153,-16144,612,20,382,1292,146
7613,-16576,202,569,687,89,-197,-16196,616,-84,217,1114,77
7623,-16573,184,417,565,-32,-239,-16088,524,-388,217,1003,63
7633,-16663,154,227,565,-182,-241,-16228,524,-312,297,826,42
7643,-16664,226,247,612,-309,-258,-16124,592,-320,264,671,43
7653,-16561,174,420,581,-423,-277,-16100,436,-52,58,504,68
7663,-16574,66,466,457,-570,-263,-16140,468,-232,-71,402,62
7673,-16536,180,394,309,-668,-253,-15956,648,-216,-257,273,59
7683,-16458,307,371,184,-766,-254,-16040,672,-288,-420,82,44
7693,-16531,298,302,22,-919,-259,-16196,600,-268,-491,-32,16
7704,-16655,229,348,-47,-1016,-290,-16160,576,-160,-570,-107,-15
7713,-16664,201,463,-124,-1119,-292,-16104,548,-124,-681,-228,5
7723,-16538,167,549,-210,-1204,-274,-16076,464,-16,-753,-345,75
7733,-16537,78,554,-263,-1307,-227,-16076,436,-176,-681,-441,81
7743,-16617,119,445,-248,-1400,-210,-16164,628,-244,-581,-608,78
7753,-16677,248,363,-154,-1504,-197,-16256,712,-196,-446,-738,168
7783,-16521,315,314,142,-1868,-67,-15920,768,-452,-70,-1345,308
7793,-16400,366,150,267,-2078,-14,-15868,596,-584,113,-1706,387
7804,-16320,250,63,440,-2353,64,-15776,480,-400,277,-2027,452
7813,-16268,137,177,591,-2650,126,-15912,420,-752,378,-2170,504
7823,-16495,51,95,682,-2851,191,-16112,548,-176,354,-2542,534
7833,-16534,167,417,714,-3038,225,-16200,716,-44,36,-2889,607
7843,-16577,243,538,529,-3339,272,-16176,740,-48,-398,-3300,527
7873,-16642,222,268,-348,-4202,53,-16128,736,-296,-1218,-4220,71
7883,-16574,331,310,-564,-4453,-73,-15916,776,-264,-1466,-4659,76
7893,-16377,377,309,-775,-4823,-105,-15748,632,-236,-1513,-5143,63
7904,-16158,259,360,-909,-5185,-116,-15816,480,-160,-1459,-5672,12
7913,-16253,77,475,-908,-5577,-126,-15968,584,536,-1518,-6387,17
7923,-16431,258,1098,-873,-6152,-138,-16108,796,984,-1826,-6940,84
7933,-16537,360,1529,-1018,-6665,-76,-16232,892,1036,-2169,-7279,-3
7963,-16696,624,1864,-1564,-7855,-288,-16620,984,1136,-2208,-9084,-237
7973,-17311,651,2631,-1524,-8432,-284,-16932,1000,2036,-2597,-9739,-227
7983,-17188,875,3184,-1642,-8983,-284,-16696,1224,2628,-3086,-10469,-124
7993,-16928,986,3581,-2004,-9576,-220,-16460,1288,3160,-3291,-10840,-25
8004,-16617,681,3785,-2363,-10346,4,-16120,896,3256,-2980,-11239,31
8013,-15902,657,3781,-1877,-10724,-2,-15304,976,3080,-2010,-11725,52
8023,-15348,843,3160,-895,-11092,55,-14832,1216,2136,-442,-12136,143
8073,-15080,357,4760,5584,-12978,117,-14480,796,4472,5678,-14526,409
8083,-14879,367,5578,5365,-13389,374,-14276,716,5188,4846,-15060,717
8093,-14734,271,6101,4652,-13804,707,-14172,520,5664,3883,-15397,1173
8104,-14727,106,6153,3869,-14070,1142,-14200,360,5684,3286,-15638,1836
8113,-14513,-336,6471,3377,-14280,1650,-13920,-112,7572,2924,-15726,2153
8123,-14341,-48,6456,3196,-14274,1938,-13716,600,5052,3057,-15354,2353
8133,-14070,256,6771,3083,-14099,1996,-13764,1000,6544,2569,-15543,2081
8143,-13454,838,5912,2964,-14252,1854,-12852,1184,5108,2557,-16205,1961
8153,-13332,650,6143,2885,-14889,1793,-12904,752,5656,2376,-17545,2031
8183,-13145,587,9146,446,-17866,2526,-12576,1008,8948,-2042,-19893,2708
8193,-13317,297,9943,-1309,-17975,2462,-13252,192,10324,-3899,-19684,2370
8204,-13638,105,9606,-2802,-17767,2268,-13348,584,9352,-4905,-19302,2199
8213,-13517,281,9689,-3682,-17431,2058,-13076,544,9884,-5522,-18539,1893
8243,-12531,649,10262,-4996,-15853,1403,-12064,980,9744,-6465,-17455,921
8253,-12078,867,10243,-5226,-15903,996,-11644,1312,10152,-6657,-17818,570
8263,-11802,756,11087,-5402,-16211,671,-11436,876,11240,-7114,-18195,369
8273,-11760,837,12068,-5744,-16522,540,-11520,1896,12440,-7489,-18868,941
8283,-12396,1736,13534,-6076,-17047,933,-12096,1648,14232,-7725,-19203,1649
8293,-12592,792,14604,-6264,-17422,1518,-12064,544,13452,-7241,-18573,1241
8323,-9962,694,13401,-3592,-15925,1028,-9564,1000,13008,-3147,-17053,1338
8333,-9941,628,13893,-2483,-15595,1213,-9456,604,13712,-2531,-16582,1517
8343,-9517,267,14363,-1831,-15251,1378,-8732,336,14388,-2568,-16169,1599
8353,-8821,126,14929,-1721,-14898,1456,-8080,384,15064,-3202,-15591,1629
8363,-8270,47,15318,-2128,-14419,1472,-7608,-64,15288,-4098,-15222,1718
8373,-8084,-207,15368,-2842,-14094,1530,-7920,-64,15028,-4824,-15179,1694
8453,-6029,-143,16171,-692,-15348,1247,-5620,-120,16708,-2002,-16453,1266
8463,-5769,-373,17015,-1025,-15144,1176,-5336,-476,17552,-2823,-15595,1440
8473,-5668,-647,18033,-1661,-14669,1244,-5312,-260,18380,-3856,-14836,1465
8483,-5350,-578,18260,-2450,-13982,1322,-4796,-676,17984,-4329,-14073,1792
8493,-5188,-990,18179,-3036,-13343,1480,-4540,-1004,17164,-4123,-13419,2103
8504,-4820,-1185,17345,-3160,-12789,1719,-4084,-1168,17248,-3778,-12803,2422
8513,-4521,-1042,17498,-2959,-12197,2031,-3860,-80,17196,-3714,-12373,2457
8523,-4015,-234,17062,-2843,-11768,2154,-3308,76,16752,-3684,-11935,2305
8533,-3572,-196,17405,-2798,-11399,2086,-3076,-176,17984,-3820,-11467,2201
8543,-3184,-511,18822,-2813,-11025,1965,-3024,-248,19240,-4185,-10691,2046
8573,-4723,146,22310,-2772,-9649,-777,-5208,1140,18764,-2477,-8102,-964
8583,-1780,-1575,17285,-1877,-8150,-835,-1508,-1696,16892,-1950,-7545,-620
8593,-2619,-1945,17332,-470,-7308,-675,-2068,-1836,16468,-52,-7087,-376
8623,-2307,-243,17050,2310,-7440,-52,-2260,336,17192,1486,-7770,-82
8633,-2244,-577,18016,1788,-7523,-332,-2068,-32,18020,823,-7629,-375
8643,-2174,-359,17772,1427,-7374,-489,-2024,56,16908,1629,-7190,-483
8653,-1946,-79,17997,2140,-7018,-710,-1772,88,17848,2507,-6671,-847
8663,-1806,-461,18280,2547,-6612,-970,-1552,-336,18300,1941,-6177,-959
8673,-1914,-343,17895,2775,-6244,-1085,-1468,-308,16808,4498,-5924,-1307
8704,-1382,-730,17003,3311,-5953,-1024,-908,-800,17256,2992,-6084,-856
8713,-1311,-714,16758,3087,-6216,-872,-1044,-840,16144,3142,-6368,-512
8723,-996,-992,17236,3224,-6374,-643,-472,-944,17400,2952,-6454,-178
8733,-986,-700,17596,3079,-6443,-344,-780,-548,17432,2857,-6242,72
8743,-912,-115,18495,3000,-6268,-142,-612,56,18912,2713,-5674,58
8753,-864,134,19131,2835,-5765,-169,-632,84,18988,2385,-4765,-43
8763,-539,84,19024,2541,-5051,-252,-132,64,18772,2130,-3960,-75
8813,-215,336,18170,1669,-3161,-31,-188,552,18072,1138,-1829,208
8823,-351,405,18449,1407,-2652,-119,-148,468,17864,948,-1466,96
8833,-311,203,17922,1239,-2271,-239,116,352,17480,638,-1018,42
8843,-126,225,17507,1031,-1954,-275,-208,264,17544,746,-580,24
8853,317,315,19690,909,-1530,-288,576,832,19696,-331,266,88
8863,-96,421,17506,310,-827,-291,-272,340,14872,45,318,-142
8873,-273,148,15543,327,-814,-385,124,-108,16928,73,41,-20
8883,-202,-58,18104,465,-966,-377,-32,404,18340,104,133,61
8895,-256,220,17803,439,-899,-266,-52,372,15952,-102,212,81
8904,-199,94,16291,342,-845,-264,120,120,17096,303,83,114
8914,-144,94,17574,535,-908,-252,-124,348,17788,153,156,96
8924,-328,251,17616,590,-882,-240,112,236,16500,90,163,66
8934,-130,163,16926,452,-854,-259,92,272,17204,130,196,51
8944,-147,205,17448,451,-890,-263,72,380,17344,-118,247,36
8954,-174,217,17459,388,-858,-281,128,284,16672,-95,215,93
8964,-108,171,17017,283,-873,-267,164,324,17052,-79,183,88
8974,-159,176,17344,295,-858,-253,-24,336,17152,-64,193,60
8984,-172,162,17340,349,-855,-239,4,212,16796,43,216,109
8994,-239,114,17086,369,-875,-248,-32,288,16764,195,180,86
9005,-208,112,17169,509,-870,-258,20,344,17060,278,148,69
9014,-222,178,17318,571,-884,-266,-36,296,16992,224,155,60
9024,-174,199,17175,603,-879,-265,140,352,17116,161,161,84
9034,-125,213,17309,562,-874,-269,80,396,17160,52,184,81
9044,-154,252,17279,483,-890,-269,140,276,16896,47,187,76
9105,-167,176,17165,430,-992,-291,-680,-448,20452,96,133,27
9114,18,364,17444,376,-1056,-295,372,512,17384,-143,-104,67
9124,-188,502,17795,335,-1156,-313,68,628,17524,-198,-356,-41
9134,-65,615,18930,189,-1560,-345,256,556,19368,-478,-1309,-42
9144,-186,394,19139,-111,-2319,-327,-12,280,20552,-990,-2154,19
9154,-388,174,18882,-453,-3097,-208,144,424,17828,-1214,-3235,179
9164,-101,254,19524,-914,-4065,-104,64,376,19748,-1917,-4361,218
9174,-131,384,19832,-1404,-5036,1,112,596,19788,-2583,-5759,385
9184,-118,344,20350,-1928,-6225,181,-208,248,22316,-3305,-7331,556
9194,186,435,20284,-2478,-7499,375,564,612,20424,-3965,-8630,695
9205,182,637,20183,-2903,-8613,545,424,712,20048,-3751,-9888,1035
9214,-23,728,19837,-2578,-9615,936,420,824,19268,-2492,-10980,1627
9224,-419,493,20168,-1372,-10471,1458,-20,712,19632,-394,-11847,2368
9234,892,1319,19205,552,-11356,2038,2000,1428,18452,2492,-13721,2937
9264,1155,920,18419,6116,-14302,3912,1468,1004,17980,7226,-16367,5075
9274,1403,516,18154,6986,-14894,4431,1864,340,17556,7770,-17084,5615
9284,1428,418,18132,7563,-15441,4878,1944,756,18380,8287,-17428,5774
9294,2202,746,18276,7882,-15801,5087,3148,824,17792,8171,-17891,6123
9304,2607,1045,17559,7824,-16184,5368,2740,1508,17300,7900,-18426,6275
9314,2174,1448,17327,7610,-16571,5496,2140,1544,16960,7451,-18598,5828
9324,2450,1389,16652,7252,-16797,5154,4484,752,17908,7018,-19069,5327
9354,5239,483,16411,3460,-18004,4629,5152,1064,16324,1547,-20610,4996
9364,4958,567,16144,2062,-18433,4529,5064,900,15736,-25,-20420,4635
9374,5245,-83,15885,747,-18429,4267,5896,-536,15588,-1686,-20501,4792
9384,5775,-390,15811,-629,-18445,4333,6668,180,14320,-3503,-20434,4769
9394,6316,144,14853,-1970,-18452,4395,6476,84,14680,-4372,-20195,4523
9404,6478,296,14398,-2957,-18320,4159,7044,-68,14764,-5022,-20086,4005
9414,7211,-44,14353,-3662,-18166,3746,7624,-308,14032,-5460,-19621,3629
9444,8293,-250,13573,-4046,-17225,2615,8572,8,12952,-4803,-18292,2458
9454,8639,-157,13004,-3770,-16740,2352,9216,-76,12528,-4326,-17832,2270
9464,9177,-130,12729,-3326,-16308,2155,9476,-248,12172,-3762,-17323,2161
9474,9402,-318,12565,-2853,-15894,2019,9720,-408,12324,-3228,-16906,2001
9484,9605,-460,12417,-2403,-15547,1896,9932,-480,12232,-2732,-16476,1783
9494,9917,-562,12222,-1981,-15140,1710,10392,-476,11624,-2210,-16110,1621
9574,12323,-488,11125,-3050,-13194,-536,12096,-1916,10276,-5111,-13592,-1033
9584,11983,-1480,9318,-3411,-13014,-504,12868,-1444,8364,-3606,-13311,-1697
9594,12760,-1280,9073,-2974,-12507,-1246,13600,-764,9404,-3168,-12917,-1905
9604,13382,-634,9726,-2500,-12144,-1569,13468,4,9372,-2809,-12858,-2406
9614,13609,-168,9586,-2342,-12032,-1868,14264,156,9784,-2869,-12131,-2846
9624,14264,-122,10090,-2216,-11717,-2289,14596,-388,9992,-3036,-11148,-3041
9634,14481,-511,10227,-2167,-10970,-2633,15320,-1428,8252,-3633,-10781,-2741
9644,14475,-703,9239,-2151,-10355,-2632,15644,-2684,7656,-2850,-10523,-2042
9654,14474,-1538,7381,-2232,-10326,-2081,13412,-1116,7448,-1311,-10292,-2887
9664,13654,-348,7198,-1801,-10039,-2137,13804,344,6448,-248,-10424,-3100
9674,14168,141,7699,-701,-9741,-2661,14432,576,6704,-230,-10707,-2657
9684,14523,184,8276,43,-10027,-2283,15684,820,8668,-1597,-10582,-2137
9694,14800,-296,7728,163,-10004,-1946,14752,-1220,8164,-1951,-10085,-2206
9724,14990,40,7221,-534,-9510,-2093,15768,-164,4920,-891,-10192,-1848
9734,14863,-692,7839,-496,-9689,-1417,14728,-992,8564,-1376,-9828,-1226
9744,14139,-564,6815,-478,-9284,-1179,14028,-240,6232,-832,-9214,-1584
9754,14111,-206,7323,-216,-8793,-1502,14436,-132,6576,-452,-8961,-1817
9764,14484,-302,7370,-124,-8562,-1668,14672,-400,7272,-591,-8568,-1622
9774,14789,-170,7379,-174,-8344,-1458,14524,380,7380,-903,-8704,-1109
9804,14766,295,5867,-151,-7311,-1757,15104,320,5652,-375,-7274,-1757
9814,15053,654,5940,-17,-7250,-1581,15080,788,5508,-387,-7681,-995
9824,15550,291,4953,-39,-7313,-1050,15632,888,3328,-218,-6842,-972
9834,15332,-460,5464,94,-6825,-1068,15348,-536,6008,-480,-6359,-1196
9844,15556,-742,6005,310,-6513,-1207,15904,-1204,6116,-487,-6699,-1073
9854,15509,-480,5847,271,-6591,-1086,15700,-448,5624,-319,-6450,-860
9864,15483,116,5735,74,-6567,-965,15720,284,5560,-616,-6827,-732
9934,15535,-209,4294,-602,-6425,-1008,15596,248,3376,-569,-6539,-1182
9944,15879,-234,4217,-335,-6562,-1166,16160,60,3940,-322,-6812,-819
9954,16011,-115,4243,77,-6767,-914,16364,76,3500,-315,-6735,-482
9964,16126,153,4669,371,-6774,-602,16448,-188,4392,-234,-6385,-335
9974,16130,87,4464,455,-6453,-447,16424,-56,4380,92,-5786,-617
9984,16083,-76,4881,409,-6040,-653,15980,280,4268,-5,-5563,-648
9994,15688,237,4315,232,-5784,-738,15716,776,3316,59,-5433,-682
10004,15700,501,3690,246,-5653,-753,15948,772,2980,85,-5202,-501
10014,15818,637,3406,423,-5493,-659,16100,672,3008,132,-5152,-287
10024,15978,572,3267,608,-5391,-502,16364,544,2680,310,-5350,-290
10034,16272,607,3072,775,-5513,-439,16668,168,3884,275,-5954,-144
10044,16643,176,3217,828,-5831,-361,16668,380,1836,649,-5614,-151
10054,16435,152,2819,857,-5825,-334,16176,320,2756,572,-5671,-283
10064,16134,139,3034,986,-5814,-423,16336,212,2616,574,-5773,-310
10094,16071,-44,2584,770,-5984,-191,15920,484,2280,473,-5636,-109
10104,16047,-21,2580,718,-5801,-205,16180,428,1736,366,-5715,-294
10114,16077,218,2368,759,-5811,-347,16684,364,2188,528,-5805,-262
10124,16348,450,2240,850,-5926,-440,16620,444,1236,523,-5771,-147
10134,16404,195,1683,923,-6002,-342,16380,212,1168,878,-5690,-447
10144,16269,142,1451,1186,-5877,-457,16300,176,1176,1416,-5617,-664
10154,16253,186,1414,1499,-5769,-672,16528,112,1164,1686,-5427,-686
10184,16200,179,1359,1942,-5483,-830,16464,80,264,1817,-4875,-692
10194,16060,-83,1337,1955,-5309,-807,16192,44,636,2065,-4756,-737
10204,15997,178,835,2126,-5119,-838,16260,264,552,2298,-4537,-784
10214,16195,238,725,2295,-4960,-899,16408,596,4,2381,-4188,-818
10224,16300,326,540,2407,-4679,-918,16988,536,200,2588,-3895,-817
10234,16776,278,726,2546,-4479,-951,17304,108,716,2673,-3357,-560
10244,16859,276,392,2706,-4132,-872,16220,624,-40,2495,-3162,-648
10274,15925,392,-201,2543,-3113,-765,16300,448,-784,2509,-2481,-420
10284,16252,333,-62,2584,-3001,-540,17056,364,-564,2592,-2063,-173
10294,16100,500,-290,2598,-2686,-428,16144,612,-668,2471,-1776,-273
10304,15935,630,-439,2502,-2392,-577,15972,860,-1080,2296,-1505,-583
10314,15903,488,-485,2423,-2195,-804,16176,508,-892,2270,-1329,-680
10324,16152,213,-315,2353,-2098,-850,16396,228,-580,2200,-1238,-626
10334,16390,107,-132,2275,-1968,-783,16648,156,-412,2006,-966,-482
10364,16179,280,-229,1453,-1459,-634,16332,444,-624,932,-393,-408
10374,16163,355,-321,1148,-1306,-635,16276,496,-424,642,-200,-281
10384,16186,406,-397,900,-1098,-582,16400,544,-844,395,39,-287
10394,16265,504,-324,652,-917,-578,16384,596,-716,42,284,-381
10404,16283,464,-245,372,-716,-635,16452,552,-620,-282,539,-383
10414,16261,368,-187,74,-551,-627,16396,392,-524,-600,641,-333
10424,16184,349,-200,-186,-460,-582,16376,472,-600,-791,801,-288
10454,16359,617,-106,-665,42,-492,16536,776,-452,-1248,1437,-191
10464,16306,685,-190,-736,195,-462,16464,764,-556,-1194,1574,-123
10474,16190,765,-279,-706,310,-409,16348,968,-656,-1053,1786,13
10484,16028,868,-286,-587,510,-293,16184,916,-596,-863,2018,225
10494,16055,793,-97,-442,737,-143,16384,848,-372,-801,2342,490
10504,16156,659,105,-375,983,67,16464,812,-152,-802,2600,733
10514,16242,736,230,-396,1225,277,16492,908,-272,-988,2909,843
10524,16208,838,293,-492,1452,370,16376,992,0,-1125,3255,851
10554,16164,673,307,-763,2207,703,16356,792,-104,-1143,4079,1414
10564,16167,661,392,-701,2421,848,16488,716,-32,-1097,4257,1494
10574,16242,570,492,-617,2573,909,16508,660,312,-1013,4439,1561
10584,16279,443,612,-557,2740,975,16412,436,232,-904,4691,1670
10594,16211,368,566,-483,2957,1045,16368,420,8,-726,5094,1720
10604,16130,343,484,-349,3265,1104,16220,464,-52,-494,5678,1695
10614,16087,333,256,-149,3685,1090,16348,328,-296,-88,6309,1633
10644,15952,165,276,865,5581,898,16112,264,-56,1037,9181,1538
10654,15875,113,307,1140,6497,859,15924,228,-88,1342,10455,1504
10664,15768,74,373,1393,7549,802,15880,176,252,1628,11682,1539
10674,15589,-8,695,1654,8607,787,15628,60,704,1772,12899,1677
10684,15418,-47,1039,1794,9611,824,15444,-56,668,1841,14176,1671
10694,15262,-220,1110,1857,10681,853,15316,-144,612,2097,15256,1633
10704,15115,-287,1165,2023,11654,811,15352,-152,916,2393,16297,1606
10714,15150,-366,1479,2273,12510,756,15232,-304,1680,2584,17286,1872
10724,15028,-350,1736,2475,13372,851,15108,-52,1840,2536,17810,2287
10734,14826,-191,2337,2527,13996,1142,14776,52,2508,2158,18360,2584
10744,14543,-112,2895,2291,14435,1464,14824,-328,3384,1477,19086,2561
10774,15062,-1213,5376,380,15825,1339,15016,-1456,5656,-1033,19897,2068
10784,14861,-1509,5986,-365,15899,1211,14668,-1380,5944,-1706,19856,1697
10794,14574,-1372,6348,-1041,15882,974,14360,-1048,6592,-2339,19909,1299
10824,13989,-987,8205,-2848,16297,165,14088,-648,8008,-3937,20866,711
10834,13609,-582,8766,-3213,16548,16,13808,-312,8024,-3779,21323,415
10844,13646,-459,9226,-3285,16859,-206,13692,-352,9052,-3621,21416,-53
10854,13326,-634,9417,-3174,17101,-914,13424,-564,8832,-2871,21386,-445
10864,12833,-745,9816,-2803,17249,-1213,12928,-816,9672,-1726,21700,-674
10874,12170,-390,10516,-973,17530,-1346,12304,-204,9760,-394,21934,-670
10884,11746,152,10613,197,17614,-1397,11868,340,10076,1107,21864,-831
10915,11176,114,11568,4701,18183,-2575,11240,344,11168,6505,22900,-2552
10925,10977,616,12048,6027,18527,-3182,10956,692,11820,7764,23003,-3223
10935,10842,358,13234,7020,18661,-3721,10956,248,13616,8310,23302,-3539
10945,10684,116,14189,7411,18905,-3967,10752,204,13956,8306,23481,-3612
10955,10326,328,14562,7347,19037,-4115,10276,552,14064,7977,23438,-4064
10965,9796,226,14745,7037,19039,-4499,9780,320,14504,7428,23669,-4686
11015,8047,931,13924,4767,18769,-5191,8604,1336,14344,4748,22490,-4793
11025,7835,1211,16071,4012,18099,-5129,8504,404,15052,2634,21106,-4844
11035,8031,1019,16680,2617,16968,-5082,8376,800,17868,567,19647,-4904
11045,8051,875,16487,866,15792,-5047,7944,1768,16464,-1196,18661,-4637
11055,7657,1288,16254,-789,15039,-4757,7692,1124,15624,-2712,18123,-3966
11065,6896,978,15926,-2109,14366,-4222,6732,740,16360,-3846,17168,-3440
11115,4224,1527,16883,-6525,11221,-1824,4180,1632,16472,-7449,13270,-1130
11125,3645,1399,16946,-6434,10403,-1564,3652,1280,16952,-6984,12446,-860
11135,3051,1187,17223,-5909,9782,-1345,3792,1624,14728,-5380,12062,-768
11145,2842,1403,16761,-5045,9281,-1241,2756,1440,17172,-4273,11733,-629
11155,2550,1490,17386,-3811,9045,-1132,2608,1668,16952,-2527,11616,-515
11165,2462,1661,17458,-2393,8890,-982,2984,1868,17332,-683,11361,-526
11175,2781,1652,18006,-848,8704,-972,3252,1648,17676,919,11205,-552
11185,3089,1415,18426,591,8572,-1005,3472,1360,18656,1936,10669,-623
11195,3193,1201,18873,1679,8253,-1053,3400,1264,18308,2631,10059,-563
11225,2370,1092,17852,3649,6931,-1098,2336,1120,17732,4537,8778,-943
11235,1952,992,18001,4148,6654,-1254,1956,1016,17784,4563,8354,-1088
11245,1643,954,18033,4316,6302,-1399,1796,1060,17768,4161,7982,-1082
11255,1492,934,17876,4094,5952,-1426,1456,1080,17836,3345,7689,-1178
11285,749,1462,17651,3392,5743,-1605,984,544,18096,1767,7239,-1013
11295,623,602,17936,2524,5370,-1383,776,860,17660,849,6925,-1132
11305,540,744,17457,1461,5058,-1415,700,1116,17160,-221,6670,-1000
11315,364,1002,17140,448,4772,-1406,684,1356,16680,-1227,6122,-946
11325,475,1077,16746,-435,4436,-1280,676,912,16876,-2062,5854,-929
11335,427,740,17130,-1076,4067,-1230,436,776,17444,-2896,5480,-866
11345,159,643,17781,-1756,3812,-1168,356,868,17808,-3691,4927,-879
11375,-380,1081,17672,-3734,2850,-1017,-68,1240,17304,-4724,4403,-666
11385,-492,978,17670,-3905,2716,-858,-244,1136,17388,-4400,4484,-414
11395,-596,598,17820,-3527,2720,-722,-292,720,17588,-3907,4411,-395
11405,-726,655,17637,-2886,2696,-673,-376,740,17156,-3089,4331,-280
11415,-613,643,17753,-2141,2636,-512,-180,652,17416,-2050,4287,-7
11425,-556,617,17738,-1317,2537,-331,-264,732,17388,-1116,3985,122
11435,-591,1057,17655,-476,2303,-217,-284,1320,17156,-159,3638,271
11465,-818,827,17445,1838,1576,-17,-576,864,17096,2167,2884,396
11475,-918,562,17477,2335,1369,-54,-380,924,16760,2466,2627,265
11485,-903,690,17260,2395,1195,-114,-772,828,17420,2089,2617,364
11495,-1017,272,17253,2153,1229,-72,-788,256,16988,1549,2648,150
11505,-1075,217,17351,1638,1209,-216,-776,408,17236,818,2468,24
11515,-1185,288,17224,945,1051,-280,-956,440,17096,-32,2278,95
11525,-1290,310,17083,206,880,-232,-992,544,16816,-860,2005,82
11535,-544,1060,19008,-407,581,-220,-888,2180,32236,-1898,-1162,600
11565,-1317,836,17962,-1303,-1538,351,-1076,524,16120,-1352,-1412,658
11575,-1189,470,15915,-690,-2089,332,-456,-4,17016,-639,-1118,747
11585,-744,247,17857,-277,-2033,395,-756,632,17012,-1150,-1541,794
11595,-1120,595,16568,-650,-2251,432,-564,764,16792,-1342,-1195,695
11605,-520,566,17942,-940,-2092,359,-256,832,17656,-1956,-1132,529
11615,-411,566,17621,-1278,-1981,260,-16,664,17376,-2070,-820,596
11625,-319,648,17836,-1426,-1750,259,-200,820,17476,-2124,-473,471
11655,-692,252,17173,-974,-1339,-83,-476,472,17184,-1343,-468,176
11665,-779,357,17282,-836,-1382,-114,-524,636,16944,-1471,-371,57
11675,-724,451,17206,-925,-1377,-217,-472,548,16596,-1663,-579,-131
11685,-628,240,16857,-1034,-1498,-334,-264,224,16700,-1678,-733,-215
11695,-518,120,17058,-1067,-1640,-402,-444,176,16724,-1727,-951,-210
11705,-694,35,17159,-1164,-1825,-406,-412,252,17276,-2065,-1008,-119
11755,-420,-567,17016,716,-1305,47,-944,1180,16372,-150,-379,598
11765,-635,486,16837,-22,-1380,195,-408,316,16080,1067,-1123,455
11775,-752,-669,16117,1338,-1700,89,-424,372,14460,-259,-1447,731
11785,-458,-148,16344,481,-2170,305,252,-388,18948,1351,-1612,758
11795,-169,-353,18187,1450,-2290,343,-476,464,15736,807,-1746,903
11805,-560,-19,16340,1091,-2493,488,-180,116,16972,1113,-1930,890
11815,-394,-113,17174,1369,-2560,505,-28,104,16304,1235,-2210,1047
11825,-213,-276,16743,1414,-2808,627,112,220,16664,1269,-2490,1267
11835,-937,855,17329,1487,-2956,734,1332,2212,28508,1239,978,237
11845,1004,1781,24838,1792,-1699,229,-32,1932,13204,-1036,499,37
11855,-357,667,14841,-289,-643,-223,868,-588,11584,-500,-300,98
11865,147,-612,14087,97,-832,-224,-72,652,21952,41,12,122
11875,-184,579,20793,466,-894,-218,-316,816,16072,-772,552,56
11885,-265,403,17319,-9,-807,-198,492,308,13656,-393,71,145
11895,-7,23,15385,-245,-886,-196,-356,144,18608,-489,50,103
11925,-206,-1002,17174,3,-910,-232,56,48,17184,267,22,-369
11935,104,313,17287,395,-943,-530,-608,800,16972,7,93,-400
11945,-639,653,17282,424,-968,-666,-396,808,16720,-10,217,-103
11955,491,245,17158,255,-895,-274,680,416,16676,16,169,116
11965,-625,-202,17258,235,-827,-181,-612,-200,17076,62,209,41
11975,-51,156,17551,374,-843,-262,360,252,17240,56,179,4
11985,-281,62,17015,414,-847,-258,-252,108,16596,-11,168,16
11995,-189,85,17338,376,-824,-265,12,156,17104,45,162,-8
12035,-266,80,17394,370,-835,-257,-56,288,16912,23,210,48
12045,-168,78,17191,385,-819,-270,-24,164,16780,-33,210,32
12055,-254,91,17280,381,-828,-269,-92,196,17052,19,178,22
12065,-209,106,17399,395,-831,-259,-12,136,17052,8,178,39
12075,-210,73,17170,369,-828,-260,-44,296,16796,69,214,21
12085,-201,78,17307,400,-820,-264,-72,208,17064,38,194,19
12095,-230,94,17373,388,-815,-269,-60,220,16944,21,204,16
12105,-199,82,17216,396,-808,-275,24,312,16816,8,201,13
12115,-222,71,17294,388,-851,-262,-56,256,16872,40,192,30
12125,-235,77,17367,402,-841,-260,-16,184,16960,-23,186,9
12135,-208,80,17233,383,-828,-264,-52,164,16832,15,177,40
12145,-224,74,17298,382,-833,-266,-84,268,16924,29,204,32
12155,-219,91,17331,379,-847,-258,-24,224,16908,54,209,9
12165,-209,77,17235,370,-846,-252,-80,264,16868,53,198,30
12175,-202,84,17289,383,-840,-263,-28,192,17020,28,190,12
12185,-227,79,17337,391,-830,-268,-28,232,16848,15,222,63
12195,-213,76,17256,394,-828,-267,-32,248,16868,25,239,2
12205,-226,97,17297,408,-821,-276,-60,268,16924,29,193,21
12215,-210,87,17334,394,-848,-262,8,248,16860,47,195,23
12225,-203,89,17263,384,-847,-255,-40,188,16736,40,221,5
12235,-217,93,17309,401,-835,-265,-8,200,16936,31,219,50
12245,-218,82,17313,386,-838,-254,-76,216,16984,-11,185,5
12255,-201,79,17281,385,-843,-254,-8,176,16892,31,223,25
12265,-249,86,17283,396,-839,-260,4,172,17016,-9,183,42
12305,-222,75,17303,390,-842,-260,12,196,16952,29,246,27
12315,-196,82,17283,392,-839,-262,-60,260,16932,23,161,33
12325,-225,76,17300,406,-826,-278,-100,156,16940,-1,186,4
12335,-206,84,17313,399,-821,-277,-32,208,16812,19,208,48
12345,-222,86,17281,387,-824,-277,-92,196,16880,18,232,27
12355,-198,89,17303,375,-840,-259,-52,212,16824,14,218,12
12365,-224,93,17306,388,-830,-264,32,264,16916,44,214,20
12375,-208,83,17276,398,-812,-273,-48,216,16956,27,195,23
12385,-203,96,17299,392,-836,-266,4,176,16912,2,225,43
12395,-208,83,17300,389,-828,-263,32,180,17024,11,213,29
12405,-210,96,17292,386,-827,-270,-52,168,16828,46,187,22
12415,-199,93,17288,396,-831,-267,-60,200,16996,-2,158,16
12425,-206,71,17310,366,-843,-256,-112,244,16948,26,205,15
12435,-211,86,17275,384,-835,-263,-84,208,16932,28,220,33
12445,-208,75,17282,388,-827,-265,-40,228,16888,59,208,21
12455,-210,83,17304,380,-843,-263,-16,224,17016,55,186,39
12465,-215,82,17289,384,-825,-267,-16,280,17024,-1,169,26
12475,-200,86,17309,403,-816,-274,-100,240,16924,35,237,34
12485,-214,80,17287,403,-822,-272,-44,228,16900,36,190,34
12495,-208,82,17277,396,-831,-264,-100,168,16828,46,192,17
12505,-218,82,17298,392,-843,-262,-92,232,16848,-12,201,56
12515,-215,79,17300,389,-836,-259,-28,192,16916,28,164,30
12525,-209,81,17295,392,-847,-262,-60,236,16980,12,214,34
12535,-203,86,17292,373,-844,-260,-96,220,16864,50,200,13
12615,-223,86,17297,395,-818,-264,-28,216,16900,6,206,47
12625,-214,84,17271,375,-845,-259,-32,216,16940,56,221,21
12635,-210,86,17284,381,-830,-270,-12,224,16992,31,198,5
12645,-198,89,17278,392,-837,-261,20,208,16984,26,193,0
12655,-220,85,17296,402,-829,-264,-24,208,16884,15,215,31
12665,-194,88,17268,404,-831,-279,-8,192,16824,40,217,22
12675,-216,85,17297,410,-820,-281,-44,248,16932,9,202,23
12685,-202,72,17281,402,-838,-274,-44,228,16956,-1,232,8
12695,-216,81,17297,394,-832,-273,-32,276,16992,14,207,40
12705,-210,86,17299,391,-827,-263,-24,236,16832,34,212,75
12715,-208,86,17290,384,-820,-266,-92,160,16908,29,194,20
12725,-215,87,17298,396,-840,-262,-20,224,16936,39,201,33
12735,-203,72,17281,382,-831,-257,-116,260,16888,19,237,43
12745,-229,77,17290,387,-845,-256,4,260,17032,51,189,28
12755,-204,85,17288,395,-845,-262,-4,176,16924,48,220,30
12765,-219,78,17285,410,-834,-270,-32,184,16904,39,198,19
12775,-224,89,17289,392,-829,-261,-112,256,16888,15,210,60
12785,-217,86,17279,380,-832,-260,-12,256,16828,26,228,52
12795,-212,91,17286,399,-822,-266,-24,196,16844,15,154,36
12805,-224,95,17296,392,-828,-262,-52,248,16936,23,228,17
12815,-219,98,17278,396,-838,-264,-52,240,16856,34,223,29
12825,-212,89,17287,391,-827,-263,16,188,16884,31,203,34
12835,-216,91,17270,405,-839,-260,-68,248,16880,54,189,24
12845,-179,70,17300,420,-835,-266,-56,240,16964,67,188,-1
12855,-251,82,17253,428,-842,-268,-68,268,16896,81,212,18
12865,-173,91,17329,408,-837,-266,64,256,16892,37,206,16
12875,-229,87,17322,397,-838,-255,-84,196,16936,39,216,45
12885,-210,83,17316,396,-838,-258,-20,224,16960,24,188,31
12896,-217,102,17264,394,-840,-266,-68,172,16944,33,214,13
12906,-213,93,17338,406,-828,-272,-40,284,16824,-1,214,25
12916,-214,102,17312,384,-826,-268,-60,212,17024,6,211,21
12926,-211,87,17276,392,-809,-273,-28,248,16928,6,184,16
12936,-213,101,17307,379,-844,-258,-88,236,16904,6,218,24
12946,-232,105,17268,380,-834,-265,-8,144,16840,37,183,32
12956,-207,74,17271,387,-840,-264,-20,236,16928,60,203,48
12966,-207,86,17305,387,-835,-257,-76,212,17004,31,198,16
12976,-212,97,17289,388,-832,-259,-24,172,16940,29,232,32
12986,-219,94,17293,380,-837,-262,28,280,16880,41,203,5
12996,-221,83,17292,399,-827,-266,-32,272,16948,23,210,29
13007,-216,89,17297,391,-840,-262,-48,200,16828,21,187,41
13016,-211,85,17297,395,-843,-263,-44,244,17028,12,211,61
13056,-226,99,17294,393,-831,-266,36,212,16924,32,209,-5
13066,-203,97,17293,380,-838,-261,-44,260,16928,9,190,12
13076,-222,104,17308,381,-838,-258,-36,188,16944,1,174,42
13086,-210,100,17289,377,-838,-262,-16,260,16900,32,189,37
13096,-210,89,17296,376,-830,-260,8,316,16996,10,196,27
13106,-218,87,17306,389,-834,-266,-36,276,16848,44,178,34
13116,-220,87,17284,391,-841,-263,-40,176,16860,47,185,45
13126,-208,92,17304,395,-831,-271,-20,192,16852,28,193,38
13136,-220,88,17290,396,-843,-270,-60,208,16972,24,217,25
13146,-213,76,17277,394,-833,-264,-60,164,16956,45,213,7
13156,-210,100,17295,391,-838,-265,-40,252,17000,34,219,26
13166,-195,96,17295,391,-839,-269,-8,260,16980,35,199,53
13176,-203,79,17288,389,-840,-270,-8,196,16976,-23,205,43
13186,-220,97,17293,383,-851,-260,-36,256,16852,29,186,54
13196,-215,97,17296,377,-837,-260,-12,164,16884,33,194,20
13236,-194,92,17281,392,-845,-263,24,272,16924,25,167,40
13246,-205,87,17299,391,-841,-268,-76,220,17016,41,201,9
13256,-214,95,17290,380,-842,-258,-36,236,17008,32,182,23
13266,-219,87,17292,394,-847,-260,-40,172,17048,-17,201,43
13276,-217,88,17304,384,-847,-255,20,280,16884,34,228,39
13286,-209,101,17289,380,-840,-260,32,212,16908,31,210,44
13296,-219,95,17291,399,-841,-269,-12,292,16896,37,183,60
13306,-219,84,17287,393,-837,-267,-28,240,16956,-5,213,12
13316,-228,90,17298,389,-837,-265,-40,260,17016,-5,191,49
13326,-194,100,17288,396,-832,-274,-68,316,16976,31,186,43
13336,-207,98,17281,400,-826,-274,-32,168,16928,24,208,24
13346,-208,106,17283,397,-831,-270,-32,228,16956,-6,212,15
13356,-218,98,17287,396,-835,-268,-60,228,16896,-4,209,24
13366,-214,92,17290,398,-849,-261,-4,252,16928,53,193,42
13376,-221,83,17294,392,-853,-268,16,196,16900,15,204,-6
13386,-213,93,17295,379,-845,-266,-60,304,16976,46,216,29
13396,-221,94,17280,385,-843,-260,24,184,16992,9,227,30
13406,-223,95,17298,380,-833,-259,-52,204,16900,4,211,39
13416,-210,91,17300,383,-829,-262,-104,156,17012,46,180,33
13426,-208,93,17300,388,-834,-263,-20,248,16916,23,187,4
13436,-208,93,17289,398,-837,-260,-8,224,17016,10,174,14
13446,-208,94,17287,389,-854,-263,-16,228,16932,10,223,17
13456,-199,91,17287,391,-832,-266,-64,204,16940,34,198,31
13466,-223,100,17297,394,-828,-268,-44,176,16984,29,240,29
13506,-208,94,17299,377,-847,-260,-84,284,16992,12,176,21
13516,-236,87,17292,389,-836,-269,-60,232,16884,19,226,29
13526,-219,93,17314,389,-837,-270,-48,240,16972,-3,191,57
13536,-224,93,17283,385,-832,-260,-20,280,16964,39,198,35
13546,-212,94,17289,393,-835,-262,-124,208,16980,12,187,59
13556,-211,110,17314,401,-841,-271,-72,264,16892,25,188,14
13566,-213,86,17298,383,-846,-264,-56,204,17044,51,213,33
13576,-213,77,17303,401,-840,-268,-40,208,16872,14,215,47
13586,-228,83,17294,389,-836,-261,-40,228,16980,47,196,14
13596,-220,98,17295,389,-835,-272,-16,212,16944,21,175,56
13606,-216,85,17289,379,-849,-262,52,220,16888,66,210,49
13616,-216,81,17303,383,-843,-263,-24,288,16908,17,193,38
13626,-217,99,17298,388,-838,-266,-32,204,16916,8,209,21
13636,-212,99,17290,378,-841,-258,-124,272,16920,-2,197,30
13646,-218,90,17298,393,-833,-262,-56,192,16888,-8,239,15
13656,-208,93,17303,405,-842,-268,-24,272,16940,12,238,0
13696,-201,95,17299,385,-851,-259,-60,212,16884,47,186,16
13706,-215,101,17300,393,-836,-269,-12,268,17020,-10,193,24
13716,-220,99,17309,382,-838,-254,-8,276,17012,8,225,36
13726,-212,88,17310,396,-835,-270,-64,216,17028,-7,184,20
13736,-220,86,17304,402,-836,-267,-16,196,16920,26,187,44
13746,-212,96,17308,387,-853,-261,-40,280,16916,7,201,29
13756,-216,100,17316,387,-844,-261,-56,208,16844,40,188,34
13766,-193,86,17300,387,-833,-253,8,280,17060,50,220,33
13776,-208,92,17302,390,-834,-261,-52,220,16948,57,191,16
13786,-203,94,17306,390,-826,-263,-20,232,16896,31,179,22
13796,-218,101,17301,399,-840,-267,-16,308,16896,18,189,26
13806,-216,96,17315,400,-838,-267,-56,196,16920,34,204,23
13816,-204,95,17294,379,-845,-256,-40,220,16928,7,207,17
13826,-209,108,17315,398,-818,-274,-36,224,16856,6,164,27
13836,-227,101,17292,391,-825,-279,40,228,16892,0,168,70
13846,-226,86,17294,401,-826,-271,-20,232,16940,33,190,37
13856,-209,98,17300,396,-837,-268,-52,236,16928,9,208,52
13866,-224,91,17303,389,-833,-265,-4,236,16972,29,215,39
13876,-207,91,17314,392,-836,-259,0,240,16992,8,190,22
13886,-196,94,17291,394,-835,-263,-52,244,16980,38,200,20
13896,-215,102,17312,397,-845,-268,-12,300,16952,35,198,34
13906,-204,100,17305,400,-829,-273,-40,204,16912,2,227,43
13916,-211,98,17309,396,-836,-268,-48,288,16916,48,223,48
13926,-224,83,17298,386,-828,-263,-128,248,16984,3,228,15
13966,-212,90,17296,403,-846,-264,-4,140,16932,22,164,20
13976,-208,97,17302,391,-853,-264,-120,168,17004,63,191,20
13986,-218,89,17307,378,-843,-262,-28,208,17008,6,214,21
13996,-210,89,17287,377,-841,-257,-40,260,17040,40,187,58
14006,-201,88,17318,383,-840,-271,-64,216,16964,-6,221,22
14016,-218,88,17308,384,-849,-265,-20,200,16868,56,183,35
14026,-216,90,17306,384,-839,-265,-40,208,17024,29,169,40
14036,-216,99,17311,392,-832,-273,-12,272,16760,24,215,22
14046,-227,85,17286,380,-832,-266,-96,256,16964,12,181,17
14056,-211,88,17313,386,-824,-261,8,280,16992,25,190,21
14066,-213,92,17297,391,-844,-267,-72,248,16976,37,187,24
14076,-204,89,17299,401,-833,-273,72,216,16992,13,205,15
14086,-222,90,17309,384,-832,-264,-16,216,17004,3,210,43
14096,-211,80,17298,393,-837,-263,60,228,16924,35,199,34
14106,-215,88,17289,403,-833,-272,-56,300,16868,-11,183,11
14116,-211,82,17316,388,-850,-268,-52,284,16928,14,187,29
14126,-215,78,17290,389,-842,-269,-28,244,16968,27,216,50
14136,-215,96,17299,400,-837,-270,-48,196,16924,61,218,44
14146,-205,84,17296,398,-829,-271,-76,236,16908,-4,197,54
14156,-208,85,17304,383,-828,-260,-4,196,16952,33,208,35
14166,-234,81,17304,388,-854,-258,-28,296,16912,17,187,35
14176,-199,91,17301,408,-834,-273,-20,260,16908,25,193,25
14186,-210,93,17313,402,-843,-270,-140,192,16896,-14,231,0
14196,-198,94,17290,405,-841,-268,40,204,16992,9,218,16
14236,-210,91,17315,392,-837,-266,-28,168,16944,27,202,29
14246,-211,90,17289,383,-827,-261,4,224,16860,23,196,6
14256,-215,90,17319,389,-834,-271,-68,244,16940,24,226,37
14266,-200,90,17300,415,-838,-282,-8,288,17004,37,214,39
14276,-211,97,17306,374,-840,-258,-12,184,16944,34,193,44
14286,-208,96,17320,379,-838,-261,-56,220,16920,32,231,5
14296,-223,90,17287,388,-841,-260,-4,152,16980,33,186,16
14306,-204,89,17319,387,-843,-259,-40,188,17020,-22,211,2
14316,-235,92,17316,391,-837,-270,-40,212,16900,26,234,6
14326,-219,102,17303,392,-829,-266,-28,172,16916,28,194,28
14336,-217,88,17302,391,-838,-261,-28,200,17068,39,194,38
14346,-205,87,17291,390,-835,-261,-60,264,16968,8,212,51
14356,-211,105,17286,387,-823,-261,-64,148,16860,48,197,35
14366,-218,91,17297,385,-845,-265,-28,236,16900,46,182,17
14376,-207,105,17304,390,-838,-266,-76,252,17004,-29,217,8
14386,-216,99,17307,392,-842,-267,-28,312,16948,18,197,9
14426,-217,92,17295,382,-838,-265,-84,264,16972,49,192,26
14436,-214,97,17299,376,-838,-262,32,216,16916,22,219,38
14446,-221,89,17320,387,-842,-262,-56,204,17044,15,225,33
14456,-213,104,17305,389,-830,-262,12,236,16948,33,213,33
14466,-212,96,17314,391,-843,-266,32,248,16944,56,202,38
14476,-228,93,17297,384,-841,-269,-60,200,16908,25,198,38
14486,-222,94,17299,366,-841,-258,-24,228,16888,45,183,31
14496,-208,104,17315,379,-832,-256,-92,236,16964,8,226,39
14506,-224,91,17306,387,-822,-263,-20,188,16836,43,232,54
14516,-210,99,17304,376,-841,-253,-12,240,16904,12,197,31
14526,-206,104,17303,409,-836,-272,-80,244,17040,42,215,18
14536,-194,87,17306,380,-845,-259,-48,268,16908,17,198,24
14546,-216,99,17319,378,-837,-257,-40,204,16916,16,209,30
14556,-209,87,17310,381,-835,-263,-52,224,16916,-6,191,20
14566,-218,84,17306,397,-818,-272,-40,268,16864,23,243,22
14626,-216,100,17295,380,-837,-262,16,164,16976,42,205,55
14636,-214,92,17304,384,-845,-266,-56,240,16868,24,203,3
14646,-217,85,17309,385,-839,-262,-52,180,16884,23,177,26
14656,-216,100,17304,371,-842,-248,0,228,16904,28,194,20
14666,-218,100,17306,388,-830,-258,-40,240,16828,82,183,28
14676,-221,112,17313,390,-845,-261,-40,232,16940,24,202,2
14686,-208,102,17305,397,-834,-266,36,236,16932,45,208,31
14696,-221,97,17317,392,-839,-259,-4,232,17036,21,219,23
14706,-212,92,17322,381,-844,-260,-52,156,16932,45,184,28
14716,-220,102,17306,383,-833,-260,-24,192,16988,34,243,43
14726,-204,96,17311,393,-826,-266,36,344,16908,-10,203,10
14736,-208,93,17294,412,-837,-266,-4,244,17016,36,215,24
14746,-208,91,17309,387,-832,-266,-24,240,17000,-3,228,35
14756,-217,106,17289,393,-827,-262,-64,296,16968,21,213,35
14766,-212,72,17305,398,-820,-269,4,268,17016,8,214,33
14776,-206,98,17291,379,-835,-261,-16,224,16844,46,185,38
14786,-207,85,17304,377,-843,-254,-64,272,16920,17,243,18
14796,-200,99,17310,381,-839,-256,-32,200,17008,8,209,34
14806,-207,104,17295,400,-833,-268,-28,260,16932,39,234,59
14816,-206,96,17303,399,-835,-267,20,236,16880,5,228,29
14826,-217,93,17309,386,-816,-254,-24,196,16992,18,210,44
14836,-217,101,17307,380,-843,-261,-48,288,16964,42,193,9
14846,-214,98,17299,386,-821,-266,-32,204,16904,10,209,22
14856,-214,81,17295,364,-844,-248,12,192,16900,22,220,35
14866,-205,90,17288,385,-824,-259,-28,248,17016,10,216,-2
14876,-221,88,17311,398,-844,-266,-32,276,16872,34,194,29
14886,-216,97,17307,399,-836,-268,-20,288,16888,28,202,10
14897,-198,85,17298,379,-825,-264,-4,252,16932,34,191,31
14907,-204,98,17297,394,-831,-272,-44,132,16912,22,211,37
14917,-207,98,17305,381,-829,-261,-72,196,16900,-5,180,33
14927,-217,108,17311,386,-835,-266,4,244,16936,0,202,44
14937,-209,105,17297,380,-834,-261,-28,240,16876,18,186,9
14947,-207,97,17297,375,-836,-256,-16,304,16996,16,203,43
14957,-223,95,17302,385,-831,-259,-40,236,16940,56,175,36
14967,-208,104,17301,379,-831,-254,-32,280,16880,28,183,31
14977,-198,102,17303,387,-841,-260,-104,164,16976,5,203,56
14987,-206,91,17308,381,-846,-255,12,260,16872,20,186,18
14997,-211,88,17322,399,-822,-268,-12,224,16884,35,214,37
