0,-209,277,17354,748,-1030,-595,-80,196,16976,5,221,14
10,-200,273,17350,762,-1013,-598,16,176,16972,2,182,48
20,-186,271,17328,755,-1022,-592,-40,212,17016,28,205,44
30,-208,273,17348,760,-1036,-592,-44,176,17008,14,198,41
40,-187,277,17345,757,-1020,-593,-80,180,17040,7,197,36
50,-196,275,17323,765,-1012,-599,-12,184,17020,17,204,38
60,-195,272,17313,765,-1006,-595,-76,180,17000,9,208,42
70,-198,281,17349,751,-1021,-583,-24,244,17016,2,205,28
80,-203,277,17347,754,-1027,-596,-20,204,17024,43,186,23
90,-205,270,17331,753,-1025,-593,-68,236,17084,12,207,34
100,-194,280,17350,755,-1012,-600,-40,188,16944,-6,195,18
110,-202,274,17351,749,-1015,-601,0,188,17040,26,187,46
120,-185,284,17348,747,-1026,-593,-100,188,17052,9,203,30
130,-192,294,17348,747,-1011,-597,-48,200,17136,5,208,15
140,-193,261,17350,749,-1028,-588,-56,240,16956,19,187,46
150,-187,273,17347,748,-1028,-590,16,236,17008,11,203,45
160,-191,268,17329,746,-1015,-592,-16,232,16892,23,213,54
170,-194,276,17337,738,-1016,-584,-20,216,16924,39,187,57
180,-192,260,17333,751,-1020,-587,-48,212,17020,24,171,42
190,-192,287,17327,748,-1025,-596,-16,184,17036,46,177,37
200,-199,272,17350,758,-1023,-596,-104,200,16972,54,159,22
210,-180,273,17365,756,-1009,-602,-28,264,16968,2,198,22
220,-186,259,17339,750,-1023,-595,-40,204,17016,-11,187,40
230,-182,272,17332,758,-1028,-592,-92,224,16948,49,189,25
240,-197,280,17331,759,-1028,-594,32,220,17028,45,181,39
250,-197,271,17350,756,-1024,-594,4,248,17024,-17,203,40
260,-196,264,17343,764,-1014,-595,-28,172,16912,27,207,43
270,-194,270,17346,761,-1009,-599,-52,276,17004,4,172,47
280,-188,295,17333,758,-1008,-588,-56,208,16980,13,209,25
290,-183,271,17356,749,-1043,-588,-64,132,16904,16,194,27
300,-184,277,17348,751,-1036,-596,-16,252,16992,17,201,33
310,-202,266,17326,763,-1030,-594,32,296,17004,-10,208,52
320,-196,277,17329,758,-1026,-589,-8,196,16996,23,212,51
330,-195,288,17328,773,-1016,-597,-20,188,17016,50,212,36
340,-200,281,17340,762,-1011,-595,-28,164,17204,37,193,29
350,-193,264,17335,758,-1031,-589,72,244,17108,7,193,21
360,-195,266,17353,773,-1020,-603,-16,244,17008,11,186,29
370,-194,270,17349,766,-1015,-600,-20,244,16984,7,219,60
380,-207,273,17334,762,-1010,-594,8,208,16944,15,193,31
390,-200,274,17346,766,-1025,-597,-40,248,16996,13,203,36
400,-190,267,17349,754,-1023,-593,-92,256,17012,-18,203,60
410,-189,272,17344,759,-1026,-596,-60,196,17104,-4,204,31
420,-203,282,17329,766,-1036,-592,-80,216,16904,37,199,30
430,-200,277,17343,770,-1019,-597,-20,180,16952,15,180,58
440,-199,281,17346,757,-1015,-596,32,288,16876,37,186,48
450,-189,274,17338,757,-1012,-601,-12,220,16988,13,188,40
460,-197,279,17344,759,-1020,-602,-8,188,17020,12,202,63
470,-186,276,17352,746,-1036,-589,-12,184,17016,32,207,25
480,-206,271,17330,771,-1009,-609,-120,212,17032,37,233,3
490,-208,269,17339,770,-991,-606,-4,232,17012,18,200,56
500,-196,276,17354,753,-1041,-594,-76,288,16996,37,239,28
510,-192,283,17340,746,-1018,-611,-68,200,17020,17,218,10
520,-202,268,17334,776,-1030,-597,-24,224,16816,25,182,29
530,-186,271,17333,764,-1035,-592,-28,224,17016,8,176,25
540,-189,280,17336,752,-1015,-602,-28,188,17112,6,226,31
550,-190,275,17344,767,-1017,-606,40,268,16972,19,217,12
560,-197,270,17343,760,-1016,-597,-12,240,16900,32,192,23
570,-184,278,17335,748,-1021,-583,-8,244,17060,28,211,43
580,-176,266,17350,758,-1012,-593,-28,200,17076,47,195,17
620,-186,274,17341,752,-1018,-596,-4,252,17004,8,194,33
630,-197,274,17346,744,-1009,-595,8,224,16960,14,213,16
640,-186,263,17339,759,-1016,-598,-12,244,16948,-25,221,23
650,-190,270,17339,747,-1023,-591,-68,200,16988,-9,199,17
660,-195,276,17329,748,-1022,-590,-32,184,17048,11,223,22
670,-186,276,17340,742,-1034,-593,-12,248,16860,9,201,48
680,-201,273,17355,748,-1018,-591,24,212,17096,19,185,35
690,-193,270,17341,772,-1019,-600,16,228,16968,-23,193,43
700,-197,272,17334,764,-1019,-601,-32,168,17000,7,194,47
710,-194,271,17342,761,-1017,-593,-32,200,17028,38,196,23
720,-203,296,17342,763,-1014,-602,-16,196,17056,55,220,26
730,-210,281,17339,760,-1022,-597,-52,156,16904,16,237,35
740,-193,265,17336,755,-1020,-598,-16,156,16868,10,200,16
750,-195,288,17341,748,-1024,-595,16,260,17036,28,213,42
760,-214,272,17342,749,-1022,-591,-56,228,16892,24,205,43
771,-201,273,17347,756,-1016,-602,8,208,16976,42,195,44
781,-187,276,17346,764,-1024,-599,44,220,17012,45,154,31
791,-196,267,17330,784,-1011,-604,8,172,16936,29,203,44
801,-188,293,17353,773,-1021,-607,-8,220,17060,10,191,32
811,-180,279,17351,758,-1020,-598,-24,208,17024,31,231,-1
821,-194,282,17334,770,-1009,-605,-104,196,17040,22,212,32
831,-187,279,17331,765,-1020,-600,-12,152,16924,11,199,27
841,-195,277,17341,759,-1038,-593,-88,196,16984,47,205,0
851,-196,290,17328,761,-1036,-593,-4,228,16928,35,194,26
911,-181,275,17335,751,-1021,-593,-8,180,16964,19,223,32
921,-171,266,17329,748,-1022,-594,72,212,16896,-11,200,31
931,-186,286,17322,746,-1036,-587,-208,192,17056,34,203,23
941,-304,271,17398,767,-1021,-608,104,232,16956,20,203,59
951,-76,279,17332,764,-1010,-605,-200,196,16868,16,200,48
961,-259,267,17251,745,-1018,-591,-40,236,17072,1,211,37
971,-173,290,17474,758,-1013,-591,-20,240,16932,-4,203,27
981,-207,253,17276,754,-1030,-595,32,176,16924,43,204,42
991,-169,266,17302,780,-1029,-606,-100,216,16972,0,217,19
1001,-221,277,17297,769,-1018,-604,20,156,16920,21,204,19
1011,-195,271,17335,758,-1029,-598,-12,252,16944,24,218,-1
1021,-199,279,17417,766,-1012,-604,-128,232,16996,27,217,27
1031,-163,267,17314,762,-1020,-590,-12,156,16908,14,195,11
1041,-199,267,17315,762,-1019,-592,-40,248,16920,34,193,28
1051,-189,283,17391,779,-1012,-600,-52,164,16972,23,209,39
1061,-192,262,17316,754,-1011,-597,32,176,16952,3,177,34
1071,-188,289,17307,753,-1015,-592,16,240,17004,30,199,21
1081,-189,277,17376,768,-1019,-603,28,172,17092,-5,205,36
1091,-161,270,17328,741,-1016,-586,84,104,16840,67,199,27
1101,-186,318,17304,818,-1028,-586,32,320,16916,24,164,28
1111,-22,246,17292,703,-1036,-590,196,100,16808,89,216,69
1121,-144,281,17433,816,-1014,-561,-60,32,17248,79,217,122
1131,-195,274,17310,773,-1028,-518,0,212,16860,-23,247,93
1141,-358,386,17319,762,-1014,-451,-228,284,17096,85,198,579
1151,-350,237,17487,800,-1035,-62,-32,128,17012,-78,188,1110
1161,-226,233,17252,751,-1030,369,36,124,16844,168,208,1453
1171,-231,217,17402,872,-1030,624,-40,92,17244,-95,201,1529
1181,18,129,17393,751,-1018,745,356,-88,16736,112,189,1770
1191,116,-95,17177,787,-1025,990,388,-260,16820,-65,105,2277
1201,4,-248,17290,709,-1067,1423,256,-284,17084,-47,116,2923
1211,-73,-278,17481,731,-1094,1974,96,-376,17128,-100,40,3553
1221,-448,-7,17334,674,-1120,2527,-540,28,16852,55,84,3928
1251,96,1119,17258,683,-1103,2320,328,812,16756,-42,58,3083
1261,-43,412,17307,693,-1152,2120,76,-72,17340,-214,-12,3152
1271,119,-144,17398,633,-1167,2153,492,-420,16900,-134,-43,3382
1281,106,-249,17267,640,-1169,2330,-144,-128,16648,-56,43,3760
1291,-1030,98,17161,706,-1124,2658,-972,92,16856,5,132,4186
1301,-659,282,17351,777,-1056,3052,464,72,16992,-158,104,4796
1311,221,27,17485,709,-1081,3544,256,-8,16764,-81,87,5478
1321,-164,-453,17420,713,-1071,4108,-36,-932,16968,-389,98,6098
1351,15,1368,17531,888,-1062,5451,-32,1632,16788,411,166,6072
1361,-240,1279,17460,835,-997,4892,-100,-308,18060,-475,232,5596
1371,-176,98,17131,614,-1003,4434,116,-140,16372,400,226,6110
1381,-107,-260,17272,685,-970,4601,172,-964,17296,-359,232,6710
1391,-127,-667,17538,728,-1041,5142,336,-700,16540,144,127,7143
1401,19,-692,17089,621,-1026,5575,-92,-808,16996,-5,149,7758
1411,-272,-394,17208,864,-1058,6047,344,-608,17256,-229,143,8300
1441,-86,-607,17414,658,-1041,7872,236,-120,16128,379,408,9051
1451,-192,369,17469,521,-1007,7513,160,392,17912,77,228,9545
1461,-28,-185,17403,1005,-1031,7527,-180,488,15640,-65,110,10664
1471,-311,259,16715,492,-1044,8366,-312,928,18552,656,79,10079
1481,-176,826,18337,1386,-1082,8508,508,972,16652,-1106,331,9531
1491,305,918,17099,374,-968,7940,352,116,16692,891,156,9945
1501,12,208,17150,825,-1012,7920,76,-208,17432,-389,257,11384
1511,-351,-421,17730,987,-1028,8780,-84,-1364,17440,-358,243,12179
1521,-140,-1319,17160,379,-967,9744,100,-760,17236,285,168,12232
1531,-120,-901,17671,979,-908,10097,64,-428,16104,-663,367,12647
1541,-219,-361,17102,362,-866,10337,484,-1856,18104,-638,315,13222
1551,244,-1070,17654,549,-857,10623,-500,1268,15640,1078,302,13504
1561,-508,1152,16828,797,-917,11106,652,984,18420,-1456,281,13221
1571,205,1277,17703,1051,-963,11045,-216,-320,16160,-57,418,11995
1581,38,870,17627,123,-1048,10434,-244,580,17820,-493,45,11221
1631,-611,1704,18268,978,-986,7271,-332,2292,17780,63,48,9167
1641,-42,582,16472,985,-1079,7249,540,-36,15548,120,216,8575
1651,-229,955,16974,829,-1060,6750,-636,1528,16940,-116,159,7736
1661,-369,1094,18805,901,-1040,5919,-136,856,18204,-198,448,6870
1671,6,773,16607,548,-877,5422,200,828,15064,-265,113,7001
1681,-77,91,16696,1000,-1037,5704,136,-172,17184,69,92,7848
1691,-426,-315,18123,804,-1041,6377,-284,-180,17408,-296,106,8197
1701,-116,-1187,17073,670,-990,6528,-732,-3048,17956,-1014,127,7574
1711,226,-101,16662,611,-952,6175,1080,-336,15324,898,99,7882
1721,-283,-266,18141,1167,-1030,6449,-184,520,17276,-963,241,9152
1731,-354,-535,17389,515,-1009,7519,-316,-372,17024,724,184,10130
1741,-164,-1442,17118,1142,-997,8202,192,-1312,16308,-995,186,10027
1751,124,-15,17013,517,-1004,8326,496,376,16576,1034,271,10838
1761,-117,-1001,18178,1284,-1015,8986,92,-1976,17676,-1223,185,11970
1771,-380,-1580,16355,182,-1027,9897,-592,-244,15092,1085,221,12358
1801,-163,1457,17230,726,-1000,9656,-40,1280,18768,486,89,12578
1811,219,2235,14619,665,-1032,10238,-1804,7368,404,5905,-169,12899
1821,-643,-1257,18141,2829,-1063,10595,1140,4944,13148,-2986,631,13049
1831,474,-199,16957,-305,-1041,10773,-1052,4516,6844,-801,187,12682
1841,201,-771,17357,488,-1126,10674,324,-2112,14716,-876,-498,13828
1851,-662,-551,18338,1014,-1152,11302,-1036,2516,17344,-534,320,13954
1861,2,1067,16439,456,-919,11606,416,1992,15880,249,23,14208
1891,234,-343,17426,1077,-937,11346,740,2148,18200,-1397,586,11904
1901,680,1067,16918,70,-865,10036,540,1208,14852,1053,416,11483
1911,-535,1397,17564,623,-980,9477,-444,3680,17196,376,303,12145
1921,-417,3915,17060,1028,-883,9870,68,2824,17912,266,401,12222
1931,-35,973,17226,787,-856,10044,1180,2168,13708,55,409,11723
1941,20,182,17045,352,-927,9833,-64,-1280,20596,699,562,12412
1951,-558,-1569,18661,1164,-798,10104,484,-1032,15596,-693,597,12715
2001,454,-750,18131,1369,-996,12025,-832,2124,15644,-267,229,13812
2011,-215,1639,17254,-195,-918,11678,232,288,19740,-317,201,13858
2021,-48,1084,17719,1327,-963,11455,-220,2736,14780,565,396,13546
2031,-152,1376,17020,320,-929,11460,-724,-836,19708,-727,305,12882
2041,135,-424,17278,538,-1032,10937,160,-916,17772,106,254,13340
2051,-221,-578,17619,713,-938,10809,-368,304,17044,-5,-7,13340
2061,-168,150,17085,874,-1016,11129,468,-16,17492,-1238,146,13526
2071,279,-55,17568,332,-973,11178,100,1332,15856,977,119,13515
2081,-259,922,17055,622,-1119,11345,-560,1480,16632,-788,297,13965
2091,-1024,2414,17510,934,-910,11414,1260,96,18268,-75,152,12786
2101,1167,1162,17528,483,-1005,10946,52,1616,15012,-231,-119,12359
2111,-136,409,16610,552,-1147,10327,-1084,1244,17028,15,-122,11664
2121,-611,801,17402,674,-1187,9969,208,1896,17648,353,611,10111
2131,-252,2354,18856,1179,-1020,9166,1016,1496,15232,-199,58,10532
2141,470,2202,15130,343,-1118,8356,-2368,-2456,18436,-858,-338,9480
2171,-147,-304,17489,791,-1216,8635,508,-1008,17508,707,82,11943
2181,98,370,18319,810,-1212,9478,40,-64,18372,-685,123,11613
2191,-281,-360,17017,795,-1142,9907,-152,-264,16960,-510,87,12032
2201,52,-197,16651,755,-993,9978,164,304,15672,-79,180,12152
2211,-292,1158,18365,1363,-1050,9973,748,464,19236,549,260,11648
2221,291,862,16340,330,-1088,9423,428,968,13764,-993,190,11062
2231,318,1525,17458,843,-1127,9185,652,1316,17868,992,-165,11340
2281,235,-519,17427,974,-1119,6626,416,-936,17304,-938,8,8322
2291,-320,-23,17119,444,-1152,6724,-84,-292,16552,285,79,8612
2301,-373,-1049,17923,1050,-961,7150,-360,-1168,19884,-1269,-113,9879
2311,-174,-1695,16996,196,-1022,8095,16,-1720,16392,-188,230,9994
2321,-250,-60,17443,851,-970,7974,60,372,16908,661,351,8959
2331,67,177,17014,876,-978,7222,552,252,16092,-975,235,8648
2341,-119,743,17376,384,-1022,6951,-220,556,17172,693,129,8610
2351,-226,305,17792,909,-1036,6944,96,828,16308,-869,315,8604
2361,-89,1316,16437,473,-996,6873,-128,1140,16664,938,38,8128
2371,-80,683,18288,1033,-1109,6531,-704,628,20268,-1477,36,7677
2381,-352,905,16930,222,-1051,6073,20,332,17688,71,-430,6174
2391,136,979,17006,919,-1190,4917,-36,940,16732,-85,367,5103
2401,-123,1456,17186,779,-1045,3928,464,980,16248,59,242,5181
2411,-250,713,17885,760,-1128,3883,36,104,17112,136,112,5555
2421,-273,-353,17331,784,-1089,4220,12,-628,16108,-317,-10,5682
2451,-14,-363,17210,528,-1052,3805,104,-588,17064,-195,169,4863
2461,-94,-87,17254,685,-1050,3665,156,584,16356,95,116,5003
2471,-48,737,17451,761,-1070,3762,72,652,17552,-109,7,5141
2481,-465,1312,17351,920,-1100,3827,-440,1380,16556,73,220,4382
2491,-184,1110,17175,776,-1025,3329,-168,1408,16736,79,86,3343
2501,-65,738,17465,850,-1065,2503,0,-160,15060,-416,174,2196
2511,-76,261,17290,721,-1030,1613,24,-56,17336,91,17,1637
2521,-8,140,17316,774,-1067,961,160,-56,16876,-236,206,1266
2531,-123,109,17219,747,-1037,568,32,116,16596,238,206,968
2541,-92,-69,17398,745,-1058,322,32,-152,16824,-72,210,793
2551,-135,-130,17243,766,-1034,151,48,-316,16696,155,174,550
2591,-174,223,17467,826,-1026,-624,-40,228,16952,0,276,-136
2601,-149,189,17284,684,-1021,-680,-36,256,16808,110,251,-489
2611,-66,256,17259,752,-1016,-912,184,-36,16884,154,194,-1110
2621,74,-7,17114,832,-1022,-1398,12,-392,17088,-12,249,-1857
2631,-135,-222,17488,760,-994,-2005,56,-384,17256,62,367,-2177
2641,-159,-341,17615,725,-971,-2418,44,-120,16796,7,354,-2236
2651,-8,-39,17123,709,-938,-2534,280,48,16936,-57,328,-2395
2661,89,212,17275,682,-932,-2630,104,300,17296,238,333,-2756
2671,-46,318,17341,758,-917,-2823,212,176,17328,198,118,-3234
2681,-42,233,17351,866,-930,-3202,-168,-340,17056,128,396,-3533
2691,-257,-587,17480,536,-963,-3574,-228,-36,16416,-200,37,-3250
2701,-201,-113,17433,703,-1020,-3569,544,88,16484,78,151,-3391
2731,-337,831,17891,858,-1034,-3515,-300,900,16764,159,354,-3052
2741,-498,1019,17035,656,-1047,-3368,-32,688,16972,316,-67,-2577
2751,-226,449,17411,866,-1023,-3079,132,396,16732,84,391,-2972
2761,-5,319,17543,754,-995,-3001,-124,236,17408,535,294,-3536
2772,-93,221,17106,772,-1047,-3928,112,344,16752,-76,269,-4314
2782,-42,420,17318,875,-993,-4444,112,216,17496,411,201,-4637
2792,-322,230,17478,875,-1016,-4720,-196,104,16944,-154,272,-4798
2842,-490,664,16572,647,-805,-6695,-208,1056,16496,1168,418,-6989
2852,-262,454,17901,1198,-855,-6731,-160,568,18284,-380,156,-7592
2862,112,529,17046,620,-887,-7534,144,-4,16524,121,273,-8917
2872,132,608,16913,722,-1074,-8435,-272,1088,17316,1079,420,-9282
2882,-347,1125,17580,1144,-973,-8788,-308,1264,17592,-6,261,-9562
2892,-153,1261,17021,848,-1060,-9158,-76,668,16724,568,502,-10741
2902,339,268,17467,923,-935,-9968,264,-32,16784,-801,-327,-10938
2912,-279,-877,17579,578,-850,-10301,-32,-704,16700,298,307,-10561
2922,-140,-525,17446,660,-895,-9973,184,-208,16768,412,169,-10528
2932,50,507,16884,953,-978,-9917,-36,320,17168,-19,524,-10820
2942,-74,759,17882,889,-810,-10109,128,700,17192,326,306,-11080
2952,-150,141,17460,940,-822,-10349,-164,328,17228,-320,536,-11498
2962,122,630,17226,425,-776,-10717,604,752,17124,549,621,-11493
2972,78,775,17042,608,-948,-10705,-172,604,17556,-248,586,-11648
2982,-129,753,17104,645,-891,-10886,508,1164,16884,802,17,-12481
3012,323,-31,18184,26,-814,-11849,1376,772,16952,2307,-19,-11392
3022,-36,-462,16996,2892,-1205,-10850,-1396,268,15996,-1597,574,-11353
3032,-682,619,17064,419,-805,-10633,1152,-1180,18640,809,204,-10772
3042,185,-704,18571,1401,-820,-10192,-512,88,15604,21,543,-10239
3052,-210,-171,16172,615,-858,-9754,388,320,16120,11,294,-10106
3062,55,-270,17066,700,-912,-9500,0,-496,19000,447,507,-10471
3072,-179,396,18208,859,-1027,-9629,-416,1352,16556,507,129,-10583
3102,-206,-550,17651,269,-964,-9784,360,932,16908,66,173,-10281
3112,332,1067,16860,1413,-969,-9660,1004,2080,15576,877,105,-9809
3122,472,1933,16692,87,-918,-9379,-60,1216,15912,436,17,-9562
3132,-726,1179,18145,1321,-1147,-9016,-1220,-252,17220,-225,457,-9227
3142,-872,-259,17273,483,-1011,-8873,720,-928,16464,979,402,-9739
3152,252,-538,17091,834,-1008,-9069,-44,-468,17176,-140,285,-9777
3162,77,-493,17297,745,-1005,-9214,68,392,17136,1062,304,-9872
3192,-333,-1391,17174,572,-1126,-9062,-1260,-1600,17912,-872,266,-8132
3202,-1072,-1391,17698,671,-1082,-7951,712,-92,16468,1076,173,-8697
3212,355,-48,17035,616,-1039,-8070,-136,-336,17168,-550,240,-8649
3222,-284,-223,17277,870,-1159,-8249,-148,688,16860,665,219,-8327
3232,-327,516,17371,332,-1039,-8078,-32,796,17084,-137,434,-8800
3242,-179,729,17276,1295,-1028,-8045,628,1356,16032,616,32,-8618
3252,134,1389,16985,854,-976,-8320,-160,748,16932,-30,22,-7836
3302,115,473,16882,1049,-1069,-8876,160,672,16952,174,30,-9651
3312,154,-867,16974,683,-1120,-9281,360,-860,16604,-44,161,-10079
3322,-436,-1335,18135,890,-1110,-9196,-156,-1756,18412,461,318,-8884
3332,-762,-1144,17293,1045,-1041,-7942,-408,-1340,16392,-580,53,-6876
3342,-505,-336,16666,697,-1028,-6553,-348,-376,15904,234,198,-6359
3352,81,1367,17913,732,-1052,-6213,340,1420,17664,906,568,-6295
3362,-476,1135,17274,847,-1000,-6214,-548,808,17312,-102,118,-6977
3372,104,1475,16615,735,-913,-7064,228,1396,15736,647,269,-8448
3382,-188,1455,17759,770,-1160,-8264,-276,1072,17768,-108,27,-9659
3392,-539,1402,16980,383,-1071,-9305,-236,1032,15816,26,-165,-10912
3402,-10,1306,17221,1242,-1295,-10196,524,984,17132,211,158,-11218
3412,-402,596,17462,776,-1225,-10396,-480,700,16860,124,266,-10712
3422,-230,1054,18254,315,-1002,-10107,-44,248,19228,518,233,-10615
3432,-389,442,15543,-718,-1127,-9876,-32,1908,11736,196,487,-10260
3442,391,104,19169,1801,-754,-9515,744,-784,18520,-350,-219,-10118
3472,46,145,17441,1353,-1436,-9750,312,2900,16528,156,860,-8597
3482,-1233,-137,17393,155,-1083,-8299,-2348,-348,18132,838,-315,-8637
3492,-61,-387,17323,1001,-1294,-8211,360,1680,16580,-18,777,-9334
3502,604,1975,16367,-341,-1204,-8775,188,3216,14080,3099,-287,-9534
3512,-281,476,18775,1317,-1229,-8995,-996,1944,19628,-2294,401,-9504
3522,-43,2566,16063,-19,-979,-8937,12,2728,16224,3437,-35,-8955
3532,231,392,18110,1877,-1327,-8806,-712,936,16832,-2746,-58,-9679
3582,-225,-384,18145,1683,-1273,-9900,240,-108,16500,-862,-128,-10658
3592,136,363,16269,-519,-921,-10052,528,-996,18048,1347,72,-11382
3602,308,-368,17845,1494,-984,-10508,-328,1776,16212,426,307,-10843
3612,-383,1559,16958,896,-974,-10214,-4,-788,19440,661,234,-10037
3622,-96,-169,17736,834,-1080,-9692,-284,136,16348,-81,370,-10535
3632,-97,512,16474,287,-995,-9706,532,784,19160,400,338,-11418
3642,488,158,18136,1477,-931,-10257,-344,-500,16948,-641,1157,-10979
3652,-503,-660,16731,-258,-941,-10088,120,-716,16276,844,-286,-9446
3662,285,-566,16917,1091,-1109,-9251,272,-1076,18996,-927,266,-9750
3672,131,-669,17627,1225,-1056,-9191,36,1408,14968,1640,519,-9567
3702,114,-424,16674,-1012,-628,-8273,-32,-1288,18860,59,492,-8778
3712,-101,-642,18115,335,-1184,-8264,-388,1416,15220,957,352,-8102
3722,-299,1057,16625,-460,-630,-7944,384,1100,18352,431,-17,-7792
3732,-71,1060,17699,1315,-1220,-7553,-460,1484,16972,-439,485,-8201
3742,-270,1017,17285,647,-972,-7554,132,-612,17424,185,68,-8973
3752,195,-170,17613,682,-895,-8195,952,20,15732,-408,390,-7861
3762,-15,147,16853,317,-804,-8034,-232,-44,16988,635,217,-6991
3772,-516,-254,17312,1418,-1314,-7021,-260,-224,17540,-706,467,-7815
3782,-62,18,17730,615,-958,-7074,264,-412,17556,756,331,-8532
3792,76,366,17442,-34,-1102,-7944,-452,656,16132,414,674,-8755
3802,-279,938,16695,806,-917,-8122,40,440,17816,-78,325,-8169
3852,-80,-74,17234,805,-919,-6957,120,-336,17284,367,895,-7262
3862,-434,594,17100,205,-691,-6841,-328,840,16204,204,345,-6798
3872,-258,395,17570,-59,-819,-6615,-436,840,18088,327,1268,-6821
3882,291,329,17115,328,-566,-6541,340,564,16540,-221,95,-7002
3892,145,-852,16916,763,-759,-6889,236,-768,17236,-622,-629,-6933
3902,-567,-915,17678,1082,-903,-6910,144,-228,15700,86,207,-6339
3912,-47,427,17327,1748,-1159,-6371,332,424,16296,835,501,-5965
3922,-226,778,16904,1250,-1075,-5905,-368,1040,17328,-1252,-345,-5907
3932,4,698,17239,975,-1001,-6328,196,580,17420,782,394,-7146
3942,-187,464,17949,1828,-1158,-6998,52,-112,18008,-396,297,-7135
3952,-243,817,16499,724,-1169,-6925,-256,840,16152,100,83,-6748
3962,-127,590,17542,997,-1333,-6522,28,404,17340,224,142,-6639
3972,-66,19,17478,2033,-1292,-6297,-220,-104,16216,321,648,-6400
3982,-125,-473,17237,981,-827,-6003,60,-384,16376,-430,127,-5691
3992,-154,-102,17211,530,-979,-5639,-52,-416,16900,-292,346,-5268
4042,-239,964,17199,260,-1079,-4811,64,840,17100,210,213,-4281
4052,-40,828,17323,481,-1078,-4333,-36,756,16612,-170,1,-3996
4062,-199,946,17323,591,-1057,-4329,-184,668,17096,-198,-145,-4449
4072,-133,591,17454,913,-950,-4628,32,380,16584,-129,180,-4905
4082,-102,673,16879,601,-1015,-4931,364,360,17268,486,1223,-5398
4092,-52,117,17739,1597,-1051,-5175,124,-508,17268,-514,150,-4939
4102,29,-58,17256,602,-1037,-4816,232,-204,16460,751,597,-3213
4112,-596,-830,17316,508,-899,-3572,40,-1912,17636,-619,215,-2034
4122,106,-799,17130,633,-967,-2595,524,-248,16124,137,-28,-1522
4132,43,-164,16819,898,-1138,-2135,-84,316,17084,-400,192,-1914
4142,-192,737,17547,829,-1013,-2284,-44,624,17364,82,220,-1900
4152,-421,284,17570,488,-1059,-2301,-144,-404,17132,-294,277,-1508
4162,-121,31,16980,653,-943,-1963,236,104,16056,42,149,-1288
4172,152,72,17268,653,-996,-1725,364,-192,17616,-88,194,-1026
4202,-57,554,17388,766,-1028,-1361,108,612,16872,-51,219,-687
4212,-148,617,17349,719,-1016,-1257,-64,504,16896,-58,147,-567
4222,-255,564,17276,731,-1031,-1135,4,392,16956,-137,213,-467
4232,-270,695,17312,654,-1029,-1050,-204,940,17108,80,223,-540
4242,-285,917,17467,750,-1046,-1047,-4,940,17156,-138,210,-700
4252,-120,976,17277,724,-1020,-1184,152,784,16772,142,183,-914
4262,6,755,17283,770,-1017,-1375,4,588,17016,-71,267,-1227
4272,-207,463,17336,798,-1007,-1627,-72,212,17052,374,286,-1375
4302,-238,253,17326,762,-1016,-1818,-96,416,17096,-15,152,-1270
4312,-186,383,17369,828,-1014,-1798,24,256,16964,-187,109,-1192
4322,-107,456,17262,764,-978,-1763,16,372,16896,173,294,-1336
4332,-145,403,17373,798,-998,-1739,8,328,16984,88,163,-1380
4342,-108,401,17410,765,-1002,-1793,72,244,16948,-31,70,-1385
4352,-71,366,17307,768,-986,-1882,-24,144,17116,-159,203,-1589
4362,-169,223,17358,737,-1011,-1989,24,268,16868,-21,183,-1711
4372,-134,344,17371,709,-994,-2093,84,200,17036,87,193,-1974
4382,-102,363,17265,843,-1036,-2267,40,440,16664,40,209,-2420
4392,-150,464,17170,720,-1031,-2552,-140,-224,17412,-76,157,-2580
4402,-259,-42,17677,808,-1034,-2801,176,-296,16856,-258,70,-2193
4412,-80,-159,17216,581,-1013,-2782,80,-192,16812,58,178,-1910
4422,-181,-169,17290,681,-1003,-2480,-124,176,16848,111,259,-1674
4432,-243,200,17461,647,-1020,-2200,52,184,17032,125,178,-1485
4442,-223,391,17223,765,-998,-2029,-28,308,16816,12,213,-1394
4492,-32,-192,17399,713,-1013,-695,172,-336,17112,66,193,51
4502,-207,361,17313,720,-1029,-571,-116,432,16792,6,143,39
4512,-219,373,17539,665,-1049,-518,-8,396,17316,-150,198,183
4522,112,34,17316,667,-1052,-472,276,-300,16700,69,173,13
4532,-336,222,16763,832,-1015,-560,-184,48,16524,78,182,51
4542,-120,328,17659,795,-1030,-589,152,180,17508,-11,170,70
4552,-230,287,17547,742,-1018,-579,-172,264,16872,-32,211,-2
4562,-151,243,16912,708,-1013,-581,72,208,16380,90,183,58
4572,-168,262,17560,781,-1023,-582,-72,216,17568,-20,153,37
4582,-230,267,17504,744,-1021,-582,-56,104,17032,16,220,26
4592,-118,263,17047,730,-1028,-580,24,268,16720,29,234,35
4602,-172,281,17416,770,-1038,-580,-64,224,17276,43,211,78
4612,-207,276,17528,771,-1016,-587,-40,216,16960,3,212,23
4622,-120,256,17113,725,-1006,-587,16,152,16684,39,182,38
4632,-217,274,17363,756,-1016,-585,-76,204,17136,41,194,14
4642,-176,268,17531,752,-1023,-589,-60,208,16992,14,192,38
4682,-141,265,17202,724,-1016,-584,52,208,16764,53,195,45
4692,-172,256,17342,762,-1036,-585,-20,276,17152,11,221,0
4702,-183,273,17436,745,-1030,-584,-8,256,16856,-9,228,7
4712,-162,256,17236,748,-1023,-589,-40,168,16844,43,158,22
4722,-157,258,17334,756,-1009,-594,-60,196,17112,34,160,26
4732,-188,265,17433,767,-1028,-587,-16,232,16944,9,202,32
4742,-155,257,17283,756,-1018,-597,-28,204,16916,46,193,10
4752,-175,258,17339,761,-1020,-588,76,220,17068,24,162,48
4762,-181,271,17411,736,-1019,-577,40,208,16896,42,214,26
4773,-166,256,17294,739,-1013,-589,-4,248,16948,24,169,55
4783,-161,282,17333,751,-1017,-589,-68,236,17068,23,196,30
4793,-178,269,17409,758,-1027,-582,44,260,16968,21,209,35
4803,-167,258,17305,735,-1021,-579,48,200,16920,20,178,6
4813,-163,263,17324,747,-1026,-587,-20,216,16964,83,208,38
4823,-180,277,17403,750,-1024,-586,0,108,16880,4,203,40
4833,-171,251,17303,711,-1032,-572,-40,244,16960,63,202,45
4843,-161,272,17325,737,-1024,-578,52,208,17032,21,203,31
4853,-174,273,17394,750,-1025,-586,16,224,16928,29,188,38
4863,-182,262,17311,750,-1021,-595,-32,220,16872,10,187,20
4873,-176,263,17324,750,-1015,-596,36,124,16992,32,184,29
4883,-194,273,17373,756,-1019,-586,-4,268,16948,18,235,25
4893,-166,261,17328,758,-1018,-589,-36,276,17064,5,164,60
4903,-192,263,17321,756,-1010,-597,-48,244,16988,16,216,24
4913,-183,259,17371,749,-1023,-592,-20,272,16908,3,160,18
4953,-175,267,17315,736,-1026,-582,24,232,17012,31,196,43
4963,-168,272,17380,745,-1005,-586,-56,212,17064,19,210,23
4973,-179,267,17323,739,-1021,-589,-52,216,16948,46,205,18
4983,-172,258,17324,737,-1016,-586,20,196,17020,21,200,33
4993,-177,267,17372,1016,-1029,-590,20,212,16956,-2,186,37
5003,-170,263,17331,755,-1032,-589,4,204,17020,17,191,-15
5013,-170,272,17337,752,-1031,-599,-12,204,16980,21,205,30
5023,-169,264,17369,761,-1032,-595,-84,208,17088,-6,202,39
5033,-168,262,17336,760,-1024,-596,-28,216,16984,34,206,22
5043,-166,277,17330,735,-1025,-591,4,248,16940,51,209,17
5053,-169,265,17358,741,-1027,-581,-36,148,16972,24,197,19
5063,-188,265,17329,742,-1027,-576,-44,272,16908,28,190,58
5073,-158,265,17355,752,-1024,-587,-52,216,16988,14,182,49
5083,-171,265,17336,749,-1016,-588,40,220,16868,47,200,26
5093,-166,270,17346,759,-1029,-592,44,224,16952,5,211,74
5103,-157,232,17332,746,-1026,-580,-32,148,17060,1,189,3
5143,-177,-201,17422,737,-1040,-309,152,-388,16988,-55,189,573
5153,-103,-138,17306,736,-1036,-119,120,-176,17000,63,173,742
5163,-200,118,17335,811,-1040,38,-36,140,17008,-15,220,867
5173,-240,440,17349,771,-1029,106,-20,576,16976,64,214,696
5183,-46,614,17410,813,-1034,-21,96,364,17124,-156,205,533
5193,-184,558,17217,696,-1030,-163,-192,516,16736,76,161,428
5203,-355,468,17276,797,-1047,-256,-104,324,16936,121,161,286
5213,-80,509,17272,852,-1057,-349,188,500,16900,69,207,205
5223,-100,523,17513,806,-1047,-443,-80,520,17264,54,202,41
5233,-204,416,17399,791,-1039,-560,-36,236,16756,74,173,15
5243,-127,202,17128,806,-1026,-610,20,168,16704,388,174,20
5253,-132,286,17326,1041,-1050,-617,64,320,17204,450,185,-53
5263,-130,388,17521,1107,-1040,-658,48,400,17016,323,178,-84
5273,-142,473,17198,1070,-1033,-702,-56,432,16620,875,163,-251
5283,-193,511,17338,1421,-1052,-796,-32,344,17048,1901,190,-393
5313,-167,164,17399,3922,-1018,-974,44,-148,17136,4579,170,-193
5323,-136,-181,17533,4667,-1000,-864,-8,-96,16732,5012,168,199
5332,-298,313,17138,5100,-985,-581,32,780,16948,5409,151,85
5343,-102,889,17488,5480,-998,-516,88,836,17180,5364,189,146
5353,-186,1003,17373,5562,-971,-554,-8,1080,16676,5582,211,205
5363,-186,1106,17206,5616,-963,-493,100,1092,17092,5629,188,286
5373,-161,1165,17443,5732,-980,-451,-28,1284,17072,5531,189,265
5403,-174,1480,17373,5454,-967,-378,32,1516,16900,5180,225,274
5413,-172,1549,17202,5342,-974,-408,16,1484,16808,5753,190,268
5423,-154,1527,17248,5615,-957,-430,68,1452,16940,6532,190,213
5433,-110,1557,17465,6247,-961,-479,84,1740,16996,7175,185,86
5443,-102,1799,17374,6857,-948,-551,4,1996,16636,7615,209,97
5453,-188,2109,17179,7340,-946,-607,-28,2268,16896,7941,213,109
5463,-204,2350,17270,7676,-937,-588,40,2448,16960,7976,206,147
5473,-159,2524,17236,7811,-940,-572,16,2568,16676,8014,170,129
5483,-166,2691,17101,7853,-942,-573,-40,2888,16836,8031,216,119
5493,-171,2894,17196,7848,-936,-566,208,2844,16680,7972,201,173
5503,-165,3007,17173,7885,-918,-568,-16,3152,16596,7900,220,134
5513,-225,3323,16841,7792,-979,-553,64,3196,17876,8047,317,251
5523,-205,3384,16689,7853,-862,-555,128,3432,16196,8257,164,119
5532,-123,3714,16837,7954,-948,-520,56,3484,16628,8314,175,97
5543,-345,3930,17130,8110,-946,-602,-200,3860,16848,8117,152,124
5593,-95,4431,16895,10035,-928,-524,108,4516,16532,11053,163,109
5603,-578,4639,18093,10678,-976,-630,48,4788,15800,11652,152,59
5612,-209,6155,16732,9908,-1186,-651,-2488,5608,16800,10877,380,-69
5623,48,6038,15965,9481,-978,-528,-556,6704,15952,9256,-140,331
5633,-291,5635,16076,8833,-1061,-314,-260,5700,15556,8494,89,556
5643,-360,5744,16461,8313,-1033,-161,-164,5704,16068,8551,-173,797
5653,-219,5995,16272,8306,-1339,40,-288,6028,15784,8511,-796,781
5662,-214,5961,16683,8502,-1683,-4,40,6128,16052,9520,-873,507
5673,95,5872,16180,9015,-1444,-409,-588,5668,15732,9298,331,-397
5682,-150,5925,16196,8963,-566,-1145,-356,6000,15920,8932,469,-942
5693,-202,6978,16072,8649,-668,-1399,104,6848,15380,9362,-614,-596
5722,-92,7625,15691,9023,-1021,-1903,-948,7184,15780,10409,-850,-1147
5732,-222,7195,16224,9467,-1730,-1646,-24,7256,15660,9402,-447,-1168
5743,251,8063,15594,9250,-1464,-1678,612,8112,14732,10248,-362,-537
5753,193,8369,15401,9821,-1341,-1233,424,8164,15068,10593,60,-236
5762,278,8587,14826,10162,-1067,-887,564,8536,14488,10698,126,246
5773,-33,8376,15213,10161,-940,-531,132,8296,14804,10645,257,211
5783,-121,8357,15332,10285,-842,-498,-116,8376,15068,11392,168,207
5792,-268,8486,15167,10810,-909,-506,-84,8520,14528,11756,183,221
5803,-361,8734,14882,11155,-889,-516,-212,8820,14368,11709,259,281
5812,-478,8998,14661,11155,-862,-463,-324,9148,14344,11844,276,332
5823,-474,9260,14624,11238,-837,-390,-204,9372,14156,12016,388,439
5873,-333,10366,13791,12140,-917,-550,-208,10540,13068,13088,24,46
5883,-427,10618,13519,12334,-1030,-643,-260,10844,12960,13230,-5,-4
5893,-449,10891,13282,12463,-1050,-692,-196,11108,12568,13416,-16,-29
5903,-542,11218,12988,12620,-1065,-715,-388,11488,12352,13575,-58,-67
5912,-702,11501,12619,12776,-1089,-757,-484,11732,11960,13559,-84,-93
5922,-811,11846,12341,12801,-1139,-769,-652,12072,11660,13654,-58,-122
5952,-568,12353,11856,12965,-1173,-852,-140,12280,11500,14175,-349,-270
5962,-454,12277,11903,13224,-1314,-930,-4,12148,11544,14435,-265,-284
5973,-318,12208,11877,13430,-1364,-951,76,12292,11336,14318,-70,-33
5982,-207,12259,11820,13486,-1168,-776,32,12372,11140,14398,295,296
5993,-225,12436,11596,13500,-864,-549,-36,12676,11044,14100,683,557
6003,-285,12650,11228,13359,-579,-305,-36,12932,10396,13709,915,700
6013,-245,12958,10849,13062,-379,-141,132,13180,10360,13358,790,573
6042,200,13677,9895,12139,-1012,-623,420,13908,9204,12597,-854,-545
6053,171,13810,9718,11951,-1514,-957,384,14048,9260,12530,-1403,-836
6063,186,13878,9726,11835,-2028,-1265,256,13944,9256,12482,-1694,-1003
6073,33,13880,9639,11828,-2409,-1455,60,14084,9172,12112,-1795,-976
6082,-269,13982,9376,11685,-2590,-1538,-152,14108,8904,11653,-1419,-749
6092,-522,14183,9062,11307,-2490,-1440,-16,14316,8532,11181,-882,-415
6103,-421,14286,8561,10923,-2091,-1197,200,14696,8164,10834,-475,-216
6132,333,14866,7871,9992,-1537,-862,700,14916,7312,10118,-612,-261
6142,234,15081,7591,9760,-1580,-892,536,15160,7056,10256,-660,-264
6153,34,15183,7423,10222,-1706,-940,220,15236,7032,11024,-916,-369
6162,-106,15088,7362,10494,-1950,-1004,208,15128,6924,10973,-1266,-532
6173,-68,15034,7281,10291,-2269,-1113,232,15100,7000,10292,-1563,-611
6182,91,15178,6941,9581,-2469,-1175,552,15332,6532,9252,-1739,-655
6192,91,15355,6724,8867,-2551,-1174,428,15388,6284,8901,-1614,-548
6242,-181,15764,5667,8012,-2233,-980,144,15808,5412,8163,-1579,-512
6252,-184,15788,5554,7993,-2458,-1037,28,15752,5452,8067,-1929,-543
6262,-83,15812,5503,7968,-2777,-1107,308,15928,4952,8142,-2251,-633
6273,-6,15830,5381,7988,-3070,-1167,468,15984,4708,8127,-2572,-692
6282,30,15820,5468,7982,-3352,-1217,420,15896,5012,8090,-2860,-737
6292,-199,15936,5071,7980,-3567,-1244,228,16028,4580,8320,-3005,-733
6302,-237,15995,4851,8153,-3637,-1231,84,16128,4188,8474,-2857,-642
6313,-231,16037,4584,8267,-3490,-1165,148,16120,4044,8442,-2591,-564
6322,-215,16075,4434,8264,-3323,-1084,184,16148,3904,8496,-2476,-531
6332,-252,16114,4200,8291,-3210,-1046,176,16248,3492,8371,-2409,-412
6362,-208,16235,3594,7566,-2619,-900,184,16352,3212,7331,-1475,-284
6373,-152,16268,3518,7317,-2370,-888,112,16356,2836,7374,-1204,-319
6382,-380,16299,3177,7322,-2170,-877,324,16328,3060,7048,-1022,-84
6413,-52,16365,2820,6977,-2070,-790,276,16484,2332,6621,-1079,-177
6422,-389,16669,2460,6627,-2013,-773,-648,17172,1016,4776,-772,-753
6432,-345,17455,2280,5377,-1740,-1067,188,16588,2148,3580,139,-817
6442,429,16737,2607,4121,-1152,-1390,876,17116,1968,3429,589,-60
6452,-134,16422,2515,3909,-735,-892,-268,16336,1780,3375,2,105
6462,-340,16490,2196,3829,-1055,-594,776,15976,1848,3234,-1171,201
6473,219,16445,2708,3737,-1896,-484,108,17204,2176,3390,-1030,353
6482,-458,16661,2640,3726,-2065,-380,-296,16072,1664,3320,-224,-63
6492,-529,16198,2053,3757,-1564,-592,316,16464,1304,3350,115,-379
6502,-11,16320,1859,3715,-1152,-939,424,16164,1804,3305,299,-567
6513,14,16534,2089,3707,-978,-1125,16,16824,1420,3188,221,-775
6522,-364,16417,1929,3552,-950,-1283,156,16368,1260,2922,24,-765
6532,-321,16244,1728,3411,-1097,-1336,44,16452,1032,2326,-17,-668
6542,-464,16106,1629,3036,-1187,-1293,156,16380,1340,1857,49,-541
6552,-308,16085,1544,2567,-1161,-1204,160,16412,1264,1151,342,-365
6622,-475,16364,1789,-259,-707,-684,500,16716,1464,-1215,560,-207
6632,8,16555,1894,-360,-737,-771,20,16636,1632,-1136,527,-176
6642,-442,16504,1986,-293,-740,-804,-100,16316,1416,-1261,504,-241
6652,-451,16334,1817,-289,-765,-814,160,16416,1464,-1524,597,-38
6662,-291,16314,1845,-442,-742,-764,-124,16372,1536,-1861,603,64
6673,-523,16303,1874,-749,-672,-642,96,16400,1672,-2058,510,163
6682,-386,16379,2094,-985,-715,-560,568,17872,3020,-2125,292,616
6692,-188,16321,2266,-1145,-829,-420,-124,16212,1472,-1837,303,744
6702,-313,16425,2106,-990,-980,-103,192,16484,1584,-2010,235,732
6712,-373,16418,2129,-967,-1013,240,80,16424,2004,-2161,211,769
6722,-308,16357,2206,-1048,-1025,45,68,16412,1848,-2458,219,803
6732,-419,16336,2197,-1475,-1037,106,20,16360,1448,-2706,241,906
6742,-209,16369,2224,-1754,-1020,199,216,16408,2120,-3130,240,1031
6752,-242,16502,2512,-2056,-965,249,76,16660,2256,-3412,388,986
6803,-525,16441,2183,-2093,383,-207,-140,15252,3028,-4580,1947,-79
6813,115,16394,2631,-2929,278,-392,476,16540,1456,-5044,1392,110
6823,-157,16372,2868,-3582,41,-533,-44,16440,2300,-5484,1303,111
6833,-389,16364,2845,-4169,-59,-521,36,16476,2332,-6258,1493,154
6843,-350,16329,3049,-4770,82,-494,104,16384,2864,-6801,1907,217
6853,-20,16308,3194,-5276,323,-437,352,16284,3044,-7325,2232,274
6863,107,16276,3338,-5746,568,-387,540,16376,3224,-7831,2469,358
6874,-183,16247,3589,-6190,801,-336,188,16304,3304,-8149,2742,439
6883,-211,16198,3826,-6487,1066,-278,236,16264,3516,-8370,3049,483
6893,-222,16152,4086,-6660,1310,-201,196,16196,3816,-8463,3264,587
6903,-239,16105,4293,-6745,1508,-131,136,16248,4020,-8463,3580,651
6913,-218,16067,4429,-6808,1697,-39,96,16148,4080,-8652,3691,740
6924,-218,16049,4514,-6906,1832,4,160,16064,4292,-8885,3545,772
6933,-217,15982,4689,-7127,1769,34,140,16072,4400,-9203,3352,760
6943,-179,15949,4859,-7402,1536,21,96,15932,4564,-9634,2901,667
6974,-183,15754,5810,-8539,724,-100,96,15816,5112,-10235,2276,549
6983,-241,15665,5668,-8382,635,-110,152,15688,5588,-10785,2437,628
6993,-226,15559,6068,-8727,743,-53,132,15504,6268,-11015,2683,783
7003,-258,15440,6481,-8975,952,39,124,15392,5992,-11187,3077,918
7013,-247,15389,6648,-9103,1223,174,20,15352,6408,-11313,3352,1090
7024,-257,15303,6818,-9201,1457,302,108,15336,6436,-11560,3478,1241
7033,-255,15233,6888,-9416,1646,407,160,15252,6756,-11818,3523,1303
7063,-205,14966,7500,-10128,1572,553,252,15212,7020,-12496,2984,1178
7074,-108,14979,7610,-10320,1304,509,188,15072,7224,-12490,2186,892
7083,-81,14902,7815,-10365,788,300,152,14788,7636,-12523,1533,568
7093,-126,14697,8122,-10338,199,51,192,14628,8124,-12833,1311,415
7103,-178,14488,8478,-10541,-144,-116,104,14368,8368,-13365,1381,515
7113,-257,14265,8796,-10923,-175,-127,128,14112,8936,-13736,1613,715
7123,-277,14033,9275,-11318,-36,-10,-16,13812,9260,-14113,2048,987
7153,-71,13538,9949,-12333,704,553,324,13400,10132,-15083,2112,1134
7163,95,13462,10281,-12553,608,507,504,13400,9800,-15146,1242,577
7174,150,13363,10225,-12681,93,209,316,13140,10012,-15479,270,-194
7183,23,13155,10487,-12881,-664,-288,-316,12640,10864,-15915,-297,-624
7193,-388,12856,10911,-13179,-1302,-789,-32,12608,10840,-16279,-442,-757
7203,-323,12604,11407,-13552,-1673,-1092,100,12504,10948,-16698,-360,-799
7213,-193,12193,11619,-13906,-1720,-1158,-36,12332,11212,-16891,-263,-683
7263,-103,10005,13869,-14623,-861,-335,232,9824,13828,-17395,853,446
7274,114,9457,14348,-14710,-552,9,532,9360,13916,-17317,1163,858
7283,246,8815,14853,-14625,-300,326,448,8772,14452,-17260,1309,1119
7293,208,8506,15226,-14627,-109,517,476,8376,15008,-17360,1792,1225
7303,373,8110,14970,-14728,193,658,440,7944,14524,-17408,1684,1627
7313,335,7879,14847,-14784,-53,1028,424,7920,14592,-17666,1033,2104
7323,-356,8722,15472,-14967,-270,1296,116,8676,17112,-17369,1550,1866
7333,-124,8172,14928,-14775,32,1190,-184,7548,15680,-17476,1645,1995
7343,-179,8649,14886,-14957,-50,1297,-284,9668,13868,-17887,1553,1853
7353,-102,8835,14868,-14966,-132,1037,372,8420,14980,-17296,1164,1522
7383,110,7472,15670,-14981,-704,169,820,6260,15204,-17663,503,1237
7393,315,7634,15873,-14647,-968,533,276,7492,15420,-16450,-72,1408
7403,-1277,7146,16338,-13923,-1224,623,-1816,7172,15748,-15697,1219,-68
7434,-1343,6030,16540,-11789,-1402,-508,-476,5348,16172,-13231,670,-863
7443,-284,5542,16522,-11081,-1074,-1200,1012,6412,16000,-12629,-227,-704
7453,359,6467,19999,-10942,-1371,-1266,452,6768,21052,-14302,192,-680
7463,-163,6529,16750,-11467,-1263,-1090,-204,5848,12780,-12218,102,-447
7474,-553,5537,14452,-10416,-1234,-934,-20,5584,16012,-12014,85,-368
7483,24,5161,17727,-9868,-1234,-837,176,4360,18196,-11649,107,-84
7493,-265,3823,17711,-9534,-1183,-670,-28,3172,16152,-10253,221,-336
7543,416,2809,16416,-6444,-1201,-987,428,2920,17520,-8014,27,-524
7553,87,2891,18035,-6342,-1218,-1011,-4,2756,17256,-7421,28,-646
7563,-290,2855,17074,-5931,-1243,-1097,-48,2884,15952,-7131,25,-733
7574,-292,2755,16605,-5648,-1216,-1203,-260,2756,17076,-7026,84,-824
7583,-287,2700,17682,-5528,-1217,-1260,60,2316,17412,-6722,88,-907
7593,-130,2320,17366,-5299,-1201,-1358,-32,1944,16384,-6534,124,-922
7603,-120,1962,16836,-5092,-1174,-1393,136,1692,17000,-6411,100,-801
7613,-114,1631,17492,-4972,-1173,-1273,40,1364,17272,-6292,174,-540
7623,-155,1363,17412,-4880,-1138,-1115,96,1068,16728,-5927,143,-363
7633,-165,1127,17062,-4606,-1124,-933,60,1048,16988,-5584,177,-128
7643,-221,1170,17414,-4296,-1105,-755,-140,1304,17028,-5146,184,-17
7653,-227,1428,17473,-3963,-1096,-627,72,1304,16880,-4966,233,-10
7663,-154,1397,17226,-3724,-1075,-603,16,1200,16968,-4867,208,-39
7674,-175,1244,17246,-3602,-1067,-611,-80,1116,17056,-4767,210,-24
7723,-188,694,17277,-3532,-1046,-633,88,592,16768,-4463,224,-33
7733,-157,602,17234,-3386,-1045,-619,40,424,16896,-4123,218,8
7743,-180,495,17392,-3101,-1068,-599,-8,256,17112,-3856,187,57
7753,-195,572,17028,-2801,-1055,-582,264,-628,16800,231,256,266
7763,-568,-402,17933,-1240,-1036,-497,-732,-24,18540,-691,144,311
7774,-155,220,17177,466,-1005,-345,428,572,15772,-177,217,563
7783,-47,751,17751,232,-1002,-230,148,528,17924,-770,256,678
7793,125,619,17382,344,-1045,-103,108,548,16784,-264,204,472
7803,-150,127,17008,245,-1024,-100,0,28,16696,-624,182,125
7813,-61,5,17430,366,-1023,-589,152,-168,17072,-162,152,15
7823,-137,344,17538,328,-770,-627,28,280,17196,-19,220,-16
7833,-111,473,17124,666,-1003,-653,92,360,16680,-202,185,-55
7843,-139,394,17334,468,-1010,-675,-12,508,17004,-572,203,-85
7853,-218,176,17624,270,-1031,-681,0,148,17568,-711,199,-81
7863,-95,499,16802,-482,-1048,-722,64,-472,17592,-3159,136,-101
7893,0,556,15896,533,-954,-689,-100,504,16304,357,153,114
7903,-316,141,18207,707,-1059,-579,-96,296,18420,509,262,-36
7913,-127,357,17844,742,-981,-629,-132,100,17148,-187,205,76
7923,-133,90,16181,693,-1003,-590,368,-284,16156,-43,293,-45
7933,-71,475,17851,732,-998,-599,-140,148,17792,218,100,66
7943,-341,174,17566,852,-1039,-582,76,168,16780,-193,288,-11
7953,-61,327,16857,732,-999,-604,92,-52,16576,100,155,39
7963,-131,339,17568,795,-1030,-604,32,284,17300,-148,178,39
7974,-249,240,17446,743,-1017,-604,8,284,16816,92,244,13
7983,-19,294,17040,768,-1016,-617,24,232,16468,-7,187,60
7993,-239,265,17445,760,-1025,-592,-88,180,17344,-22,194,-22
8003,-155,292,17518,744,-1031,-592,36,112,16732,57,245,21
8013,-122,267,17079,768,-1013,-607,52,256,16884,-56,192,47
8023,-171,282,17387,765,-1017,-608,24,260,17220,117,187,23
8033,-186,297,17526,810,-1020,-611,-56,208,16940,-109,205,14
8043,-134,276,17110,745,-1001,-612,12,260,16772,75,208,30
8083,-147,282,17379,768,-1019,-603,-36,224,17096,34,208,35
8093,-182,294,17458,778,-1012,-605,12,292,16944,-37,201,32
8103,-120,281,17211,751,-1016,-607,36,164,16640,85,178,28
8113,-174,284,17349,790,-1020,-608,-36,248,17032,-9,182,33
8123,-180,281,17446,768,-1017,-606,-32,216,16920,36,220,44
8133,-125,272,17259,780,-1017,-607,-36,180,16864,44,195,30
8143,-146,272,17309,777,-1013,-606,12,216,17048,22,162,5
8153,-186,284,17416,782,-1011,-601,-12,176,16856,33,173,2
8163,-152,268,17267,771,-1004,-608,-36,252,16864,16,194,71
8174,-154,283,17345,766,-1026,-602,-16,216,17088,-4,224,44
8183,-163,291,17403,761,-1021,-602,12,184,16940,38,225,32
8193,-143,276,17292,778,-1019,-609,12,144,16928,-16,196,27
8203,-145,271,17312,783,-1017,-617,24,252,17064,6,184,39
8213,-162,278,17400,769,-1018,-604,8,236,16836,10,256,37
8223,-134,281,17282,765,-1021,-608,-24,252,16988,28,218,-3
8263,-152,281,17314,773,-1001,-605,-16,272,16964,-1,236,24
8274,-173,279,17378,772,-1015,-606,68,196,16892,24,222,39
8283,-145,274,17305,755,-1030,-598,-84,236,16872,41,205,13
8293,-153,278,17325,767,-1032,-607,40,192,17136,15,218,34
8303,-152,277,17375,786,-1024,-618,-36,176,16972,17,207,16
8313,-139,278,17312,769,-1014,-607,72,200,16944,-13,224,36
8323,-159,280,17335,764,-1020,-601,-40,208,17000,-6,178,-4
8333,-169,287,17368,791,-1011,-618,-24,232,17020,26,204,16
8343,-109,270,17287,771,-1016,-611,220,256,16676,120,165,73
8353,-36,299,17187,782,-1019,-592,-488,200,17376,-88,214,41
8363,-487,273,17409,766,-1019,-581,408,256,16940,105,187,22
8374,48,304,16919,724,-990,-627,-72,180,16416,-46,201,30
8383,-251,289,17614,792,-1009,-610,-104,260,17400,132,187,44
8393,-152,292,17518,785,-1030,-597,36,264,17096,-131,211,18
8403,-160,252,16958,790,-774,-614,0,228,16632,130,164,8
8413,-119,309,17558,1000,-1017,-610,72,284,17344,-15,189,24
8423,-231,277,17425,753,-1012,-607,-44,180,17000,68,217,40
8433,-77,263,17088,777,-1014,-619,212,176,16752,-25,182,41
8443,-182,288,17490,782,-1024,-605,-40,172,17280,68,207,27
8453,-179,289,17408,765,-1014,-598,24,220,17000,-35,195,40
8463,-108,263,17143,757,-1007,-610,64,228,16860,58,188,65
8474,-192,295,17460,799,-1035,-615,-68,232,17240,10,193,31
8483,-625,272,17037,800,-1017,-615,-740,208,16244,198,331,-69
8493,-682,544,17137,955,-960,-680,-204,556,17480,157,190,-10
8563,-150,201,17972,722,-1041,-605,-80,36,17508,69,234,6
8574,-249,177,17100,812,-1009,-604,-84,172,16368,93,168,29
8583,-24,245,16979,816,-1035,-604,168,164,16960,104,132,66
8593,-220,275,17754,835,-1029,-595,-124,100,17532,83,236,47
8603,-186,282,17266,816,-1027,-599,84,268,16452,75,172,25
8613,-110,245,17007,823,-1035,-598,56,100,17080,78,166,38
8623,-170,295,17662,824,-1038,-589,-128,264,17396,72,202,29
8633,-225,235,17415,815,-1036,-583,60,200,16684,43,222,11
8643,-74,236,17105,812,-1010,-596,152,116,16828,109,151,93
8653,-80,107,17540,829,-1043,-568,-28,-148,17376,40,209,174
8664,-306,-10,17399,771,-1023,-487,-148,-128,16600,105,238,285
8674,-173,-49,17196,816,-984,-368,88,-116,17024,-2,239,544
8683,-143,-106,17400,764,-1005,-183,20,-336,16936,87,226,797
8693,-136,-323,17183,785,-999,31,-104,204,17092,155,318,1081
8703,-366,471,17019,801,-931,302,164,1640,15508,-213,591,2187
8713,-393,2627,17165,556,-821,1120,-8,2804,18872,310,279,4558
8723,-388,2756,18731,874,-973,2892,200,2252,17300,-258,176,6384
8733,-105,1453,16899,666,-1033,4593,420,200,15848,178,127,6831
8743,293,-407,16135,909,-994,5288,804,-1012,17300,-185,138,6879
8753,958,-1317,17726,653,-988,5448,740,-1764,18252,86,102,6827
8763,186,-1678,18168,803,-1135,5422,-456,-1228,16016,-92,322,6705
8775,-653,-636,16799,692,-973,5359,-612,-584,17336,36,112,6717
8784,-818,73,17512,799,-1023,5252,-220,60,17880,-425,299,7082
8794,-468,507,17732,644,-1000,5422,92,548,16556,361,198,7466
8804,-159,622,16989,720,-972,5799,148,428,17376,-408,194,7312
8814,-103,580,17688,754,-1059,5892,36,-332,17396,-187,158,7227
8824,-1,-239,17492,616,-1038,5753,416,-168,16280,-387,225,7482
8834,334,-309,16560,517,-1008,5812,376,-268,16728,-21,200,8137
8844,-204,-138,17523,793,-986,6260,-136,-1148,17936,-399,427,9057
8854,-804,-141,17598,645,-899,6855,168,-924,16840,-157,142,10379
8864,-236,-192,16949,614,-930,7894,124,132,17260,336,342,10615
8894,235,-433,17611,606,-1109,8996,432,-1168,17008,-257,-156,11017
8904,-494,53,17278,467,-1204,9141,-372,-324,17912,31,266,11211
8914,151,1037,16555,909,-1085,9277,328,1676,16128,-18,-84,11588
8924,48,475,18328,716,-1081,9407,-68,224,18724,-563,54,10911
8934,-312,1181,16731,998,-1081,9030,368,1104,15128,478,22,11036
8944,-138,-63,17526,1312,-1091,9316,192,-224,18708,-428,-143,12052
8954,-141,-55,17426,345,-1199,10137,-716,-844,18624,33,-35,12226
9004,122,-767,15985,10,-1036,10650,-132,88,14508,1511,88,12740
9014,-26,-184,18916,1591,-1053,10561,136,-844,19784,-1526,321,12675
9024,-313,912,16753,42,-914,10480,-152,844,16020,861,70,12768
9034,69,-843,17138,1113,-1055,10776,168,-896,16908,-1237,150,13529
9044,-474,1995,17340,658,-1015,11217,-340,2164,17796,1408,10,13277
9054,370,627,18070,1143,-1071,10889,556,1008,16764,-1615,191,12305
9064,-24,1108,16176,224,-1028,10184,-76,516,16488,972,132,12104
9075,-261,477,17941,1188,-1074,9943,8,592,17680,-545,298,11833
9084,122,1198,17310,557,-982,9866,236,1664,16204,387,2,12465
9094,-562,833,17193,1162,-1071,10203,-532,-592,17796,-913,349,11784
9104,396,664,16879,444,-938,9722,1020,784,15376,439,-35,11347
9114,42,-364,17814,1124,-1099,9336,76,-1980,18816,-955,301,11345
9124,33,-1036,17279,473,-992,9424,888,-1084,15824,-21,57,12145
9134,-243,-359,17189,906,-1059,10007,-228,-52,18356,891,204,13019
9144,-674,145,17743,1444,-998,10737,-168,-224,16800,-1374,362,12985
9175,-173,404,17916,459,-748,11189,528,1988,16564,250,65,13739
9184,450,637,14843,835,-845,11388,1388,4224,26328,1301,649,12915
9194,-541,1878,15591,1522,-835,10656,1408,-8416,22004,-4409,612,12907
9204,-340,-998,17332,595,-891,10571,1688,4816,16340,-268,704,12863
9214,-96,1553,17250,289,-681,10521,584,-504,18952,-1040,21,12107
9224,117,220,17566,1495,-931,10031,264,376,16252,-2071,672,11709
9234,-205,1479,17320,-15,-706,9713,72,88,17456,300,-118,12839
9264,-98,-263,18092,1391,-1036,10166,-300,576,17260,-3310,639,12165
9275,-316,1603,16833,-33,-847,10017,-276,1756,15784,2453,19,12453
9284,-412,-1415,18049,1201,-1011,10211,-492,-1256,15144,-3505,331,12223
9294,34,-544,16125,-275,-982,10194,1136,1948,18104,2727,102,10787
9304,788,755,18087,1491,-1043,9117,284,2692,15880,-2366,47,11409
9314,-217,1831,16730,150,-1185,9195,-476,2056,16612,1326,104,12850
9324,-679,826,17649,853,-1065,10222,40,-148,17104,-838,465,14013
9354,269,-643,17065,676,-1101,12098,-124,1304,17004,-457,64,14003
9364,-390,488,17232,77,-1053,11808,-680,2628,16948,1715,469,13458
9375,-601,1989,17738,1490,-1046,11388,-296,2384,16740,-1529,234,12572
9384,260,987,16687,352,-968,10845,212,448,16920,1404,247,12206
9394,-74,110,17535,820,-966,10139,-180,-1640,17616,-737,313,12548
9404,-529,-1004,17661,797,-1029,10316,288,-736,15672,350,202,13129
9414,121,-897,16698,383,-854,10604,-560,840,19136,619,196,14089
9464,884,992,17152,441,-1044,12111,-376,-1144,16136,-904,63,14639
9475,-713,1270,18030,912,-1227,12306,468,1316,17052,1728,170,13710
9484,-41,1038,18163,356,-1168,11894,4,888,18028,-1294,421,12915
9494,64,769,16013,1126,-1055,10640,132,444,15876,42,151,12548
9504,-470,1952,17446,-24,-927,10356,-384,1732,16848,1194,79,11904
9514,124,1900,18183,1030,-939,9859,1048,940,17700,-829,303,12038
9524,4,521,16069,219,-1106,9894,20,564,14900,1118,274,12072
9534,-669,-283,18172,1088,-1056,9807,-660,-672,18728,-557,224,11520
9544,687,-8,17258,274,-1062,9447,1172,-396,16272,109,41,11403
9554,-1159,1536,16979,1016,-1069,9389,-1384,1436,17224,832,380,11000
9564,681,1462,17787,799,-939,9129,1460,480,16736,-1387,-63,11434
9575,-6,552,17539,137,-1167,9119,560,1352,13656,1641,263,10505
9584,-602,261,17074,771,-1112,8592,-820,656,15720,-880,237,10487
9594,-189,1554,17264,503,-1000,8555,16,1092,18280,1054,130,9944
9604,181,1536,17635,1072,-1086,7891,124,1552,16260,-555,139,8693
9634,-19,-693,17154,317,-1066,6502,704,-640,14932,762,309,8050
9644,-394,-1277,17794,971,-1130,6414,-448,-1808,18420,-319,260,8206
9654,-104,-780,16822,435,-1062,6594,320,-212,15576,234,27,8394
9664,-51,-40,17831,897,-1137,6793,-304,-412,18972,-151,83,8907
9675,-463,481,17223,733,-1067,7164,-148,808,16568,-234,25,9003
9684,48,687,17178,675,-1094,7201,728,684,17160,-250,-16,7854
9694,232,698,17455,774,-1101,6464,32,580,17528,199,4,8016
9704,-499,442,17295,814,-1103,6369,-424,516,16680,-382,203,8106
9714,-204,431,17396,540,-1099,6414,188,204,16920,108,122,7606
9724,169,-22,17631,673,-1126,6132,180,-344,17520,-430,-38,7600
9734,-159,143,16763,544,-1189,6072,-52,212,15268,1454,41,8051
9744,-661,165,16856,1621,-1097,6411,-516,252,18256,-19,234,8360
9754,-187,675,17936,1099,-980,6669,172,1080,17960,168,-123,7339
9764,217,1541,17954,927,-1080,6035,-228,1096,17236,-210,337,6180
9775,-448,1640,17013,749,-1004,4973,0,2024,15884,-778,240,5272
9824,843,-1376,17370,119,-983,2651,824,-1228,17116,482,197,2906
9834,-225,-820,17032,942,-1102,2076,-1004,-748,17024,-148,112,2963
9844,-593,-48,16938,964,-972,1955,288,452,17432,-26,40,3055
9854,254,420,17943,637,-1033,2018,-184,-756,18100,-306,114,2964
9864,-318,-438,17334,806,-1053,2042,-56,-80,15516,125,125,2599
9875,-90,-456,16837,608,-1050,1777,176,-1180,17880,-383,64,2472
9884,-98,-1010,17754,793,-1077,1602,32,-1084,16976,55,111,2559
9894,-202,-1129,17316,658,-1053,1606,124,-1040,16708,-235,128,2721
9904,-102,-705,17054,720,-1047,1721,148,-236,16940,58,260,2521
9914,-102,64,17589,713,-1032,1660,-20,588,17088,101,202,2069
9924,-90,671,17387,781,-1054,1356,32,884,16800,-112,207,1516
9934,-59,896,17065,756,-1004,883,-140,756,16896,267,184,829
9944,-96,766,17491,818,-1051,355,48,136,17280,-299,212,374
9954,-125,96,17416,726,-1046,-156,-20,-484,16556,83,195,176
9964,-145,-380,17077,652,-1023,-382,20,116,16952,43,187,17
9975,-174,157,17492,796,-1015,-548,240,152,17268,21,272,11
9984,-91,218,17435,817,-1006,-619,-68,184,16720,183,250,-36
9994,-155,258,17146,773,-1003,-631,112,184,17204,20,254,-138
10004,-90,253,17485,827,-991,-702,-16,132,17008,91,260,-287
10014,-148,174,17360,811,-1006,-813,8,184,16780,-27,211,-494
10044,-106,308,17318,741,-1007,-1328,52,328,16740,119,209,-1170
10054,-59,365,17383,764,-1014,-1535,112,464,17004,36,200,-1345
10064,2,320,17396,755,-1030,-1714,116,224,17296,100,223,-1596
10094,-243,-118,17340,719,-999,-1454,-96,-144,17180,42,120,-851
10104,5,49,17245,732,-993,-1352,216,168,16696,-129,186,-858
10114,-89,96,17394,724,-1004,-1413,-28,108,17144,36,215,-972
10124,-202,162,17363,698,-1009,-1530,-36,192,16872,44,242,-1201
10134,-203,119,17205,705,-997,-1733,-184,140,16676,-11,236,-1496
10144,-934,140,17458,724,-1062,-2069,-932,448,16412,227,76,-2079
10154,51,501,17635,828,-1120,-2615,528,716,16756,268,377,-2593
10164,422,542,16809,867,-1085,-3000,716,728,16328,79,64,-2837
10175,78,640,17495,749,-1115,-3229,136,764,16800,312,-136,-3232
10184,-275,443,17603,1134,-1010,-3509,-360,384,17460,-94,230,-3728
10194,-217,432,16811,762,-992,-3918,-88,428,16936,270,297,-4252
10204,226,82,17400,836,-980,-4414,388,116,17440,458,591,-4809
10214,4,-187,17446,725,-1015,-4741,-72,-412,17272,5,188,-4583
10224,-351,-604,17298,722,-969,-4646,-40,-496,16256,326,416,-4273
10234,-237,-103,17349,674,-1072,-4159,224,-704,17032,231,225,-3368
10284,-141,1468,17510,1005,-947,-6353,-56,972,17860,-349,555,-7172
10294,-69,626,17244,1181,-980,-6957,-24,332,15900,334,560,-7966
10304,-28,484,17035,1092,-944,-7582,-268,700,17208,917,689,-8247
10314,-458,970,17531,1193,-909,-7896,-396,504,17168,-24,414,-8465
10324,-220,-160,17463,1001,-893,-7989,168,-564,16432,-106,574,-8306
10334,145,-792,16692,640,-861,-8014,300,-84,17372,451,105,-8801
10344,-99,84,17874,840,-975,-8317,-260,172,18776,-246,211,-9179
10354,-176,31,17324,298,-963,-8600,-124,380,15944,395,376,-9217
10364,-192,525,16799,569,-939,-8729,-64,708,17328,370,212,-9400
10375,-228,835,17650,1199,-950,-8876,-264,528,17436,408,489,-9972
10384,59,615,17456,1614,-962,-9286,300,100,17576,391,370,-10763
10394,175,-217,17181,1777,-1096,-9957,-52,-740,16132,107,661,-10434
10405,-394,-605,17260,237,-942,-9827,-264,-872,17712,816,492,-9552
10414,-311,-435,17769,25,-669,-9184,196,820,15768,207,240,-10030
10424,474,346,16760,156,-835,-9296,628,936,16424,627,587,-10830
10475,-206,458,16698,776,-1097,-10170,108,852,17320,999,160,-10669
10484,-111,601,17702,800,-939,-10136,-276,-12,17444,-579,249,-11194
10494,-113,570,17120,565,-979,-10258,516,764,16796,217,-102,-11729
10504,171,572,17083,589,-974,-10857,-560,-928,17436,-717,556,-11248
10514,-605,-1042,17754,996,-953,-10649,760,-476,16348,430,-480,-10045
10524,630,-684,16776,293,-870,-9843,160,-844,17860,61,437,-10991
10554,-1081,-833,17329,854,-895,-9452,392,632,15360,878,181,-10106
10564,128,566,16292,1398,-1177,-9572,264,-472,18764,112,158,-10374
10575,93,-44,18705,1646,-935,-9505,152,1040,14900,111,568,-10749
10584,-420,814,16276,19,-951,-9887,244,-72,18440,585,103,-10739
10594,-36,55,17908,1378,-1026,-9992,-1100,1596,16560,-712,279,-11833
10604,-542,1133,17001,227,-939,-10481,656,276,17816,322,1,-11883
10614,449,-75,17691,885,-1033,-11026,-556,4,15792,-737,305,-10988
10664,163,76,16527,690,-1098,-10227,636,-128,16380,1870,1,-10865
10675,-63,-1278,17463,767,-1118,-10115,-216,-1064,17340,-986,278,-10671
10684,-72,355,17429,155,-1032,-9853,300,364,17592,1669,107,-10021
10694,-587,-352,17267,1079,-1144,-9466,-1044,-612,16472,-734,263,-10397
10704,-198,776,16985,-72,-890,-9825,364,880,17068,948,246,-10490
10714,92,-246,18020,595,-1082,-9984,120,-40,17404,-600,272,-10554
10724,-710,-441,16534,193,-956,-9770,-468,40,14948,-22,-145,-10277
10734,87,1068,17304,1021,-968,-9715,508,736,17816,1139,298,-10358
10744,-443,1107,17316,615,-946,-9738,-600,1036,15108,-928,350,-10354
10754,-39,1861,17267,672,-1142,-9736,628,1284,17636,1742,208,-10166
10764,-113,645,17535,1390,-1073,-9615,-188,528,16248,-1095,455,-10204
10776,-316,109,16855,-210,-814,-9480,244,80,17032,1696,249,-9821
10785,241,-110,18201,1395,-923,-9319,176,-436,17580,-904,286,-10255
10795,-301,-29,16569,125,-961,-9583,-576,424,16568,1213,370,-10700
10845,-131,258,17762,1116,-1292,-9248,-128,100,17528,-701,153,-9977
10855,-377,1011,16564,354,-1222,-9300,-332,1744,16048,760,80,-10395
10865,-1,977,17368,355,-1276,-9777,516,436,17412,337,-88,-10889
10876,280,561,17004,523,-1182,-10028,-1788,2392,9640,-1026,718,-10281
10885,387,665,17618,-218,-887,-9694,1048,632,18868,87,-602,-9196
10895,-144,-1499,18209,1836,-1226,-8847,360,1880,12160,-1850,744,-8918
10905,-161,784,15320,-367,-724,-8470,-552,-2420,18904,1486,-155,-8357
10915,-538,-1716,18799,1793,-1239,-7915,-92,1064,15816,-1338,269,-8683
10925,-190,1519,16957,-597,-899,-8266,-460,2892,14992,2324,-148,-8844
10935,-680,829,17692,1373,-1178,-8393,-716,1720,17032,-2023,779,-10303
10965,-649,1724,17091,1975,-1020,-9303,-1012,3212,14536,1530,-357,-10262
10976,-374,1900,17348,1147,-966,-9476,228,1904,18264,108,416,-11927
10985,367,1892,17221,822,-1198,-10573,-252,1616,16944,824,60,-12588
10995,-61,1064,17234,1585,-1081,-11514,-464,1916,17356,623,-232,-13129
11005,-1,1079,17351,289,-746,-11772,-108,2144,17276,-52,-85,-12588
11015,-28,1498,17541,-734,-633,-11959,-248,1040,18724,588,634,-13107
11025,335,-163,17370,329,-615,-11915,208,-576,16600,-438,187,-12741
11055,-233,578,16997,243,-1094,-11483,488,-1468,18156,-192,93,-12615
11065,236,-971,17432,55,-754,-11455,308,1300,15648,789,97,-12547
11076,106,838,17326,-1897,-488,-11668,444,-76,16688,-786,1,-11911
11085,-200,602,17450,-76,-707,-11492,340,1260,16924,1145,-230,-12580
11095,-31,1225,17237,893,-662,-10949,716,-248,17824,235,401,-12408
11105,294,-40,17431,384,-899,-7888,-484,144,17180,-335,449,-11337
11115,-396,75,16828,1402,-901,-5501,452,-152,18016,964,390,-11867
11145,-22,-870,16964,349,-467,-5225,608,-376,16780,-692,587,-11040
11155,130,200,17650,562,-662,-4792,-340,-196,16560,314,60,-10396
11165,-28,657,17536,1161,-832,-6174,356,636,17036,68,424,-10305
11176,41,-535,17313,1215,-984,-7957,608,-1232,17040,-734,312,-10318
11185,-14,-647,16911,61,-853,-9429,300,-4,15272,-1296,-489,-9739
11195,154,-416,17614,-500,-491,-9056,136,-356,19064,135,156,-8929
11205,-322,-293,16826,852,-1098,-8551,-100,-552,15248,208,664,-9188
11215,-23,217,17526,942,-1003,-8636,16,560,16932,990,455,-9412
11245,-6,-133,17528,52,-938,-8103,60,-96,17232,-490,-54,-8137
11255,91,545,17270,717,-874,-7814,336,996,16740,1008,411,-8165
11265,-196,-707,17235,186,-956,-7780,-252,-624,16216,-628,208,-8475
11295,-240,846,16843,1145,-1021,-8157,-36,872,15616,642,98,-8573
11305,-157,-994,17666,1168,-1218,-8133,268,-2092,17232,-1257,-435,-8171
11315,-211,-1561,17069,35,-1192,-7859,-220,-1136,16136,77,-137,-7533
11325,105,212,17237,639,-1007,-7290,148,740,17288,589,-50,-6736
11335,-353,900,17182,1408,-1045,-6589,-552,1100,16428,-394,176,-6840
11345,-142,893,17083,1221,-1047,-6746,-100,420,17788,872,220,-7365
11355,-183,379,17518,1224,-1090,-7120,-152,488,17316,-286,338,-7501
11385,-47,717,17093,748,-868,-6787,88,492,17140,452,-285,-5976
11395,-314,44,17671,1298,-965,-5943,68,-196,17336,-225,722,-5030
11405,-236,472,16973,-227,-893,-5051,-328,-120,16516,222,169,-4796
11415,-189,-253,17163,879,-859,-4909,244,-76,17264,-395,108,-5669
11425,97,566,17668,786,-911,-5545,224,452,17356,83,289,-5689
11435,-398,-71,17582,972,-1092,-5696,-172,-560,17140,-140,25,-5885
11445,-140,-337,16943,582,-1098,-5758,300,-120,16340,722,493,-6210
11476,-268,443,16945,308,-842,-6120,532,1208,17684,592,318,-6372
11485,-73,1173,17662,1596,-871,-6261,68,1104,17592,-209,289,-5434
11495,-401,1151,17360,880,-934,-5497,36,500,17044,105,451,-4255
11505,-92,342,17178,506,-960,-4544,444,108,17040,-459,-38,-3327
11515,-99,370,17492,338,-1018,-3765,-12,280,17184,-194,322,-2400
11525,-312,736,17376,699,-999,-2927,36,860,17080,-213,208,-1433
11535,-247,1102,17320,705,-998,-2067,116,1016,17416,-93,230,-549
11565,-43,-360,17293,686,-1014,-671,-92,20,17240,6,220,32
11576,-252,121,17428,819,-1019,-613,-76,128,16960,220,195,0
11585,-227,169,17337,888,-1010,-588,16,316,17000,54,206,1
11595,-187,383,17285,817,-1018,-611,-52,384,17108,82,192,32
11605,-190,327,17470,808,-1032,-589,-12,328,16968,5,210,23
11615,-207,331,17297,762,-1014,-588,-16,276,16956,8,181,28
11625,-185,284,17344,733,-1021,-580,-4,300,17096,-58,235,24
11635,-205,297,17395,704,-1021,-582,-16,216,16896,-26,209,18
11645,-195,297,17285,700,-1009,-575,-144,280,16952,-79,213,93
11655,-227,359,17323,685,-1033,-573,-36,172,17216,-6,208,31
11665,-165,234,17428,672,-1031,-545,24,204,17024,-26,186,50
11676,-147,266,17312,688,-1027,-544,36,208,17036,-53,191,102
11705,-162,-77,17161,758,-1063,-519,220,-484,16572,-75,113,475
11715,-71,-172,16962,779,-1040,-373,-504,536,17728,578,186,243
11725,-476,551,17488,992,-1053,-265,40,1016,16984,-357,198,92
11735,-144,209,16893,775,-1008,-449,20,-104,16696,-55,183,55
11745,-138,334,17569,660,-998,-530,-20,432,17224,104,215,34
11755,-218,299,17483,736,-1047,-566,-24,416,16936,-63,190,56
11765,-145,205,17015,737,-1023,-580,52,132,16668,41,243,2
11776,-213,292,17495,726,-1034,-573,-148,112,17240,66,181,36
11785,-222,326,17461,752,-1022,-579,-4,284,17108,-54,214,35
11795,-152,270,17065,689,-1025,-570,44,244,16640,103,199,52
11805,-210,277,17460,763,-1027,-576,-116,172,17280,-63,193,27
11815,-204,301,17454,735,-1032,-572,-24,232,17136,8,200,28
11855,-181,271,17193,744,-1022,-578,-8,192,16736,18,233,59
11865,-187,297,17373,742,-1011,-575,-24,240,17108,56,212,26
11876,-214,293,17413,727,-1020,-572,-72,292,16976,12,207,39
11885,-167,266,17219,737,-1013,-579,80,216,16720,-11,194,-12
11895,-208,293,17372,728,-1024,-572,-32,164,17116,26,172,31
11905,-197,290,17420,734,-1029,-569,-36,220,17020,32,193,26
11915,-187,278,17242,726,-1036,-574,36,180,16888,23,201,26
11925,-194,291,17369,749,-1017,-585,-8,216,17012,24,181,36
11935,-195,297,17414,746,-1012,-579,32,188,17048,-2,212,37
11945,-181,284,17260,739,-1025,-578,4,188,16932,52,201,28
11955,-189,275,17355,750,-1046,-575,-8,192,17084,28,203,30
11965,-196,287,17399,739,-1022,-568,48,240,16968,-21,181,63
11976,-184,287,17275,744,-1013,-574,-84,200,16916,56,167,30
11985,-178,291,17346,747,-1015,-581,-64,160,17012,-11,183,28
11995,-221,280,17381,724,-1023,-567,24,256,16924,29,205,21
12035,-181,273,17300,739,-1020,-573,-52,180,16868,41,189,26
12045,-174,283,17367,757,-1008,-591,28,252,17004,-8,210,37
12055,-198,293,17360,734,-1015,-575,8,160,16936,8,218,12
12065,-184,279,17318,714,-1052,-563,16,232,17040,28,176,37
12076,-205,283,17355,729,-1034,-568,-16,244,16912,42,185,28
12085,-189,279,17362,737,-1025,-573,-108,220,16872,6,177,35
12095,-185,290,17322,737,-1014,-574,-36,200,16928,7,199,38
12105,-196,297,17338,734,-1024,-569,-12,196,16936,-8,183,25
12115,-198,275,17374,742,-1032,-573,-24,196,16888,27,208,66
12125,-189,268,17310,726,-1035,-573,-44,208,17020,47,209,33
12135,-196,290,17328,726,-1033,-563,-44,212,16980,29,215,32
12145,-209,295,17375,733,-1021,-569,40,156,17056,-14,187,35
12155,-188,284,17314,742,-1021,-575,-28,220,16872,2,205,29
12165,-196,281,17347,751,-1030,-581,-4,272,16912,35,196,27
12176,-199,289,17353,734,-1022,-575,32,156,16912,2,180,6
12185,-186,281,17330,741,-1016,-583,124,200,16924,86,195,78
12225,-212,41,17255,784,-1015,-530,-28,-504,17024,-76,176,431
12235,-223,-368,17350,698,-1017,-371,236,-336,17048,171,196,827
12245,-100,-362,17395,756,-1031,-69,164,-292,17008,-84,143,1129
12255,-170,-140,17272,794,-1036,253,-172,256,16956,101,182,1152
12265,-321,328,17409,713,-1032,415,-188,984,17132,109,195,902
12276,-281,984,17529,796,-1024,327,56,1056,16920,-181,198,510
12305,-185,184,17229,651,-1036,-565,-56,60,16776,243,204,41
12315,-200,-140,17391,698,-1024,-561,-8,-32,17216,35,165,197
12325,-230,37,17377,847,-1031,-499,-4,40,16996,-6,169,408
12335,-89,103,17222,676,-1034,-335,68,-16,16836,93,155,465
12345,-100,514,17287,775,-1059,-213,64,504,16920,113,176,376
12355,-266,717,17487,789,-1032,-320,-152,632,17188,34,146,169
12365,-219,667,17394,733,-1051,-511,-64,476,17108,-127,170,23
12376,-198,297,17219,586,-1040,-581,12,224,16716,-151,165,31
12385,-190,191,17420,667,-1037,-581,-44,88,17200,18,155,36
12395,-192,440,17338,705,-1050,-592,-8,448,17048,-105,199,-42
12405,-193,547,17280,663,-1030,-656,-88,400,16980,-97,158,-156
12415,-157,459,17426,677,-1049,-774,-12,440,17112,-40,202,-340
12425,-221,459,17337,741,-1026,-895,-128,428,16836,209,213,-339
12435,-117,160,17368,979,-1020,-947,140,40,17048,527,214,-442
12445,-231,237,17322,1203,-1011,-988,-148,188,17028,545,221,-393
12455,-273,314,17327,1185,-1006,-945,-4,240,16996,338,204,-345
12485,-138,228,17321,2436,-1004,-1017,8,196,16612,3498,244,-552
12495,-147,228,17409,3960,-1001,-1137,44,132,17040,5283,173,-716
12505,-180,454,17460,5396,-1011,-1266,-88,628,17028,6259,201,-677
12515,-445,626,17348,6239,-967,-1230,-204,496,16976,6418,198,-435
12525,-151,543,17455,6305,-939,-1050,56,604,17452,5674,104,-224
12535,67,846,17010,5810,-992,-861,32,960,16216,5307,225,-101
12545,-453,1074,17343,5479,-982,-750,-212,1132,17432,5454,154,38
12576,-149,1528,17167,6787,-998,-734,0,1692,16848,8016,161,-235
12585,-153,1902,17514,7792,-1002,-887,32,1940,16848,9689,82,-547
12595,-157,1936,17386,9180,-1023,-1131,16,1780,16664,11475,39,-908
12605,-254,1948,17351,10711,-1025,-1433,-72,2072,16964,12405,9,-924
12615,-252,2166,17281,11607,-1038,-1515,-20,2244,16844,12280,42,-683
12625,-253,2566,17020,11653,-1045,-1342,-100,2764,16664,12363,85,-490
12635,-136,2967,17292,11662,-1047,-1155,132,3332,16940,13145,-5,-531
12665,-39,3462,17057,13254,-1074,-1510,204,3544,16752,14397,-55,-882
12676,-39,3749,17104,13429,-1113,-1530,108,3744,16780,14793,-32,-643
12685,-211,3884,17083,13741,-1112,-1367,28,4012,16576,15195,8,-463
12695,-252,4177,16982,14114,-1065,-1191,-2356,3536,32767,12493,-345,-467
12705,-260,5168,19387,13745,-1189,-988,712,3948,16092,14683,202,-265
12715,-242,5138,16396,13574,-1082,-793,-188,5168,16048,14815,-430,-194
12725,-263,5435,16370,13894,-1432,-786,-392,5796,15984,14532,-1643,-74
12777,-492,6727,16026,12995,-204,-423,-28,7576,15160,14502,487,319
12786,100,7403,15757,13513,-874,-167,96,7468,15112,13755,44,172
12796,-255,7683,16194,13273,-719,-589,-60,7696,15376,14596,20,167
12806,-180,7682,15730,13325,-1173,-527,32,7900,14880,14543,357,157
12816,-212,7932,15460,13623,-832,-579,0,8232,14740,15531,-121,185
12826,-201,8181,15164,14054,-908,-562,32,8572,14764,15827,278,193
12836,-199,8529,14603,14648,-1019,-538,-44,9144,14140,16168,85,381
12846,-42,9129,14675,14874,-807,-513,100,9120,14380,16257,339,419
12856,-313,9696,14100,15140,-923,-368,-44,9852,13600,16237,467,547
12866,-283,9978,13544,15139,-643,-147,16,9980,13136,15651,441,823
12877,-334,10395,13528,15060,-499,30,-68,10432,12976,14782,932,1060
12886,-428,10826,13294,13975,-179,310,-88,10800,12816,15137,1089,1578
12896,-338,10753,13516,14203,25,701,-24,10740,13076,15250,1691,1845
12906,-487,10921,12842,14239,454,963,-280,11044,12484,14916,1768,2253
12956,-243,11936,12135,14089,262,566,32,12180,11464,15283,1375,1490
12966,-266,12359,11677,14197,161,607,48,12516,11268,14891,1769,1658
12977,-381,13001,10955,14021,523,781,-56,13132,10260,15108,2267,2161
12986,-287,12946,11046,14105,910,1146,52,12916,10852,15076,2803,2419
12996,-236,12942,11054,14152,1375,1375,28,12976,10436,15355,3046,2554
13006,-159,12907,10999,14376,1615,1464,168,12996,10620,15304,3071,2507
13016,-137,12967,10892,14345,1601,1375,128,13124,10436,15163,2931,2277
13026,-131,13216,10569,14204,1482,1175,188,13368,10136,15182,2596,1978
13036,-118,13399,10416,14215,1250,958,8,13532,9956,15203,2393,1691
13046,-273,13549,10049,14235,1029,740,16,13564,9756,15164,2235,1579
13077,-204,14412,8818,14565,1424,827,52,14656,8092,15998,3301,2043
13086,-380,14717,8221,14916,1831,998,-88,14848,7580,16306,4010,2335
13096,-445,14848,7753,15108,2386,1218,-108,14972,7180,16048,4639,2479
13126,-162,14915,7430,14551,3340,1378,144,14976,7080,14947,5100,2328
13136,-73,14963,7350,14007,3172,1252,148,15088,6916,14239,4772,2122
13146,-129,15076,7071,13472,3083,1079,116,15216,6884,13489,4463,1837
13156,-142,15204,6852,12789,2759,880,132,15364,6272,12910,4116,1597
13166,-193,15291,6615,12206,2501,709,160,15452,6156,11861,3753,1410
13176,-119,15328,6476,11468,2178,516,292,15472,6244,10992,3123,1107
13186,35,15372,6469,10603,1668,301,464,15528,5932,9891,2376,811
13216,-68,15695,5914,7766,-709,-471,220,16052,4656,7966,-246,-45
13226,-176,15993,4913,7748,-1238,-628,80,15992,4704,7623,-555,-105
13236,-209,15969,4927,7666,-1497,-725,20,16108,4292,7945,-900,-156
13246,-301,15961,5049,7698,-1771,-773,276,15920,5024,8077,-1061,-195
13256,-50,15945,5015,7905,-1996,-798,172,16140,4120,8167,-1203,-203
13266,-174,16081,4448,7926,-2082,-814,144,16160,3844,7723,-1269,-191
13276,-204,16142,4062,7740,-2172,-827,160,16244,3796,7110,-1476,-264
13326,-195,16260,3577,6086,-3816,-1050,156,16308,3044,5692,-4152,-696
13336,-183,16283,3410,5904,-4372,-1117,200,16316,2948,5510,-4801,-751
13346,-208,16307,3360,5721,-4948,-1181,188,16300,2808,5442,-5286,-792
13356,-200,16309,3273,5613,-5435,-1210,100,16440,2668,5371,-5675,-850
13366,-212,16330,3158,5569,-5796,-1240,136,16368,2724,5118,-5908,-803
13376,-200,16336,3140,5441,-6065,-1221,148,16368,2548,5091,-5871,-774
13386,-237,16349,3016,5312,-6157,-1204,268,16444,2732,5283,-5543,-713
13396,-198,16358,2883,5377,-6009,-1148,416,16532,2104,4312,-5160,-670
13406,123,16393,2618,5159,-5658,-1041,1496,16920,2764,2585,-3913,-320
13416,1165,16467,2131,3637,-5097,-894,1040,17760,1944,2129,-2887,-54
13446,-6,16582,2072,2299,-2701,-1040,592,16688,1780,1116,-592,-424
13456,-248,16246,1954,1868,-1498,-879,92,16300,1500,1075,65,-153
13466,-698,15914,2254,1656,-1047,-751,-616,15412,2212,926,374,-249
13477,-247,16915,2627,1388,-841,-866,264,16980,2432,609,494,-307
13486,-33,16209,2317,1275,-754,-850,424,16176,1804,498,476,-72
13496,-258,16235,2183,1113,-859,-702,108,16340,1676,210,143,-63
13506,-147,16294,2270,823,-1088,-663,316,16356,1996,-172,-58,-13
13516,-183,16283,2257,528,-1246,-589,140,16328,1848,-493,-147,114
13526,-363,16213,2269,200,-1278,-516,-12,16296,1936,-930,50,107
13536,-334,16254,2334,-174,-1131,-557,20,16360,2096,-1324,330,-60
13546,-230,16285,2390,-489,-864,-685,156,16372,1992,-1673,660,-233
13596,96,16436,2701,83,-1082,-482,276,16424,2300,-306,274,-45
13606,-276,16402,2675,394,-961,-577,216,16480,2144,-264,373,170
13616,-267,16415,2640,474,-880,-472,96,16448,2312,-353,377,245
13626,-298,16415,2611,411,-890,-379,88,16476,2192,-490,282,496
13636,-266,16397,2736,282,-955,-307,-40,16448,2320,-450,194,36
13646,177,16459,2562,266,-937,-559,156,16552,2504,-407,311,44
13656,-188,16427,2594,267,-918,-594,136,16492,2232,-638,275,61
13666,-148,16414,2598,141,-919,-604,228,16488,2316,-927,372,6
13676,-167,16408,2590,-80,-881,-598,176,16472,2372,-1227,369,8
13686,-165,16407,2617,-348,-822,-585,248,16464,2212,-1487,409,26
13696,-176,16399,2692,-584,-845,-594,208,16392,2328,-1660,324,-10
13726,-186,16380,2687,-1657,-1035,-598,200,16520,2260,-3298,314,-11
13736,-192,16376,2709,-2179,-1007,-594,168,16428,2464,-3973,245,-46
13746,-170,16377,2819,-2726,-1025,-595,192,16492,2560,-4557,206,-57
13756,-189,16354,2890,-3247,-1043,-595,168,16400,2636,-5221,254,-36
13766,-179,16349,2995,-3795,-1045,-606,124,16368,2680,-5858,244,-40
13776,-182,16312,3136,-4353,-1056,-601,188,16284,2804,-6509,227,-65
13786,-193,16306,3246,-4926,-1056,-600,224,16352,3016,-7184,222,-68
13796,-191,16262,3419,-5493,-1054,-605,212,16300,3268,-7706,237,-72
13806,-162,16219,3681,-5985,-1074,-611,148,16284,3488,-8058,161,-80
13816,-187,16178,3803,-6344,-1124,-619,104,16216,3624,-8611,14,-103
13826,-170,16157,3954,-6799,-1226,-631,168,16156,3868,-9148,-21,-136
13896,-189,15749,5436,-8594,-1075,-594,100,15788,5316,-11116,269,-85
13906,-189,15680,5709,-8983,-1125,-595,140,15724,5508,-11537,258,-115
13916,-188,15595,5882,-9343,-1092,-602,36,15620,5728,-12114,209,-131
13926,-190,15528,6072,-9787,-1093,-596,120,15504,5972,-12631,254,-150
13936,-184,15399,6418,-10298,-1097,-590,104,15348,6284,-12893,263,-98
13946,-185,15290,6776,-10600,-1099,-612,100,15240,6768,-12991,281,-88
13956,-191,15187,7123,-10762,-1105,-610,100,15144,6980,-12954,263,-135
13966,-192,15073,7467,-10792,-1081,-613,116,15052,7288,-12758,267,-129
13976,-199,14942,7768,-10682,-1098,-612,204,15016,7468,-12607,262,-115
13986,-200,14853,8049,-10492,-1090,-601,148,14788,7620,-12604,285,-97
13996,-184,14743,8112,-10446,-1088,-602,148,14672,7752,-13124,255,-119
14006,-195,14484,8303,-10663,-1085,-601,48,14568,8000,-13855,283,-113
14016,-186,14325,8597,-11183,-1099,-595,92,14428,8400,-14604,300,-134
14046,-201,13761,9747,-13328,-1117,-620,100,13844,9428,-15889,282,-179
14056,-206,13568,10079,-13405,-1114,-616,84,13480,9636,-15923,291,-164
14066,-183,13332,10334,-13457,-1102,-615,104,13392,10108,-16041,258,-176
14076,-132,12989,10790,-13574,-1124,-627,160,13092,10568,-16194,205,-170
14086,-109,12656,11300,-13763,-1150,-639,196,12752,10992,-16394,212,-262
14096,-110,12384,11627,-13821,-1186,-680,16,12256,11436,-16439,72,-349
14156,-304,11238,12709,-15284,-2257,-1803,-60,11196,12460,-18177,-815,-1412
14166,-418,10949,12933,-15456,-2031,-1600,-116,10896,12516,-18449,-446,-995
14176,-425,10653,13301,-15655,-1712,-1277,-132,10508,13016,-18635,17,-546
14186,-325,10613,13455,-15809,-1353,-908,12,10596,13100,-18508,299,-180
14196,-189,10362,13689,-15671,-1125,-634,156,10356,13372,-18247,311,-172
14206,-24,10048,13902,-15474,-1140,-650,160,9888,13524,-18103,3,-608
14216,18,9366,14333,-15364,-1398,-996,140,9020,14164,-18137,-405,-1161
14226,52,8625,14956,-15332,-1694,-1471,216,8548,14608,-17870,-590,-1568
14236,-77,8328,15284,-15148,-1874,-1780,-52,8208,14872,-17288,-626,-1733
14246,-266,8140,15405,-14683,-1905,-1890,-12,7980,14964,-16744,-519,-1463
14256,-269,7773,15529,-14183,-1781,-1773,28,7500,15212,-16419,-223,-1105
14266,-332,7448,15629,-13881,-1559,-1457,-44,7440,15292,-16190,7,-687
14276,-297,7230,15741,-13698,-1350,-1080,-20,7408,17160,-16473,277,-300
14286,-250,7733,16704,-13675,-1129,-748,-424,7264,15124,-15611,255,99
14336,-505,5949,16388,-12130,680,-79,-640,5356,16148,-13804,137,1122
14346,-532,5634,16678,-11677,-651,399,360,5476,16512,-12733,795,438
14356,340,5172,16879,-10895,-949,52,-48,5204,16316,-11871,85,330
14366,-348,5305,18828,-10180,-1091,-229,-272,5748,21516,-13347,447,198
14376,-389,5321,19281,-10875,-1085,-341,-120,4544,13568,-12909,497,99
14386,-262,4355,14059,-11059,-1009,-412,176,4440,15284,-11743,133,-58
14416,-448,3493,15673,-9404,-992,-208,68,3036,15924,-9607,278,447
14426,-188,3125,17161,-8248,-1040,-136,328,3248,18052,-9362,335,465
14436,99,3289,18049,-7657,-1055,-135,48,3096,15932,-8465,309,366
14446,-239,3168,16391,-7097,-1030,-177,-76,3064,16596,-7509,175,119
14456,-194,3169,17189,-6213,-1055,-368,76,3176,17304,-7348,276,-22
14466,-180,3097,17599,-5830,-1091,-539,-112,2556,16504,-7078,221,-64
14476,-285,2586,16832,-5641,-1066,-592,4,2388,16500,-6748,217,60
14506,-233,2125,17031,-5367,-1053,-480,-4,1912,16808,-7160,209,50
14516,-199,2008,17176,-5537,-1053,-487,56,1848,17116,-7321,215,21
14526,-140,1929,17466,-5709,-1071,-525,-4,1620,16888,-7082,252,-45
14536,-181,1644,17256,-5689,-1087,-557,-84,1372,16740,-6508,213,-37
14546,-206,1432,17243,-5339,-1080,-585,-8,1236,17032,-5918,214,-50
14556,-206,1317,17472,-4833,-1073,-593,-20,1200,16832,-5493,224,-22
14566,-222,1267,17333,-4363,-1063,-599,80,1064,16820,-5183,253,-21
14616,-214,618,17376,-4164,-1082,-588,0,512,16912,-5516,203,7
14626,-199,467,17305,-4200,-1060,-579,-36,424,16952,-5342,219,-7
14636,-255,734,16775,-3966,-1077,-578,-20,248,15316,-4881,228,12
14646,-239,-1011,18435,-977,-1048,-432,-576,-1980,20376,2131,67,438
14656,-62,-609,17617,2184,-948,-345,496,-536,16116,784,432,11
14666,-74,1298,15449,1151,-1003,-690,-192,1060,15988,-153,176,-195
14676,-268,940,18734,540,-1032,-680,20,616,18884,-689,89,204
14706,-92,422,17801,999,-1060,-628,-8,336,18164,-135,255,-44
14716,-389,681,17817,672,-1018,-654,-244,400,16988,-252,231,26
14726,-176,242,16713,591,-1011,-576,96,20,16384,14,155,118
14736,-115,331,17466,768,-1037,-568,-56,284,17524,-42,220,-1
14746,-324,450,17677,728,-1029,-589,-216,380,17088,-39,205,53
14756,-159,255,16973,730,-1023,-564,160,144,16500,58,208,25
14766,-144,434,17373,790,-1032,-584,-40,328,17272,-21,191,23
14778,-281,402,17588,714,-1047,-589,-36,348,16880,-190,223,46
14787,-169,347,17136,589,-1023,-580,48,200,16592,-86,168,22
14797,-141,354,17346,609,-1040,-588,-44,400,17356,-386,219,8
14807,-218,428,17559,416,-1018,-607,8,152,17220,-1054,215,-100
14817,-194,185,17394,-298,-1020,-682,12,708,18648,-4669,99,-411
14827,-88,2432,16152,-1515,-1030,-847,-916,1060,20304,3525,-186,-166
14837,-137,-1980,19752,1901,-1083,-784,-772,-404,17572,-2350,411,-605
14847,-553,1140,14952,-146,-954,-931,24,764,15900,1967,-105,-142
14857,70,-186,18298,1408,-1069,-810,128,208,18960,-1003,356,-547
14887,155,487,17427,708,-984,-1091,-120,468,16816,459,-49,-257
14897,-462,164,17850,621,-1082,-962,-128,-1020,18216,-377,460,-729
14907,-72,66,17093,845,-976,-1091,184,804,15324,666,-9,-321
14917,-157,155,16955,636,-1067,-1004,-44,-976,18900,-766,315,-397
14927,-272,24,18012,818,-1014,-917,-24,-80,16044,781,159,-58
14937,-200,-170,17051,680,-1027,-738,200,-316,17336,-752,187,-99
14947,-109,395,17072,803,-1021,-682,-60,-320,17448,391,138,14
14977,-111,223,17091,732,-997,-590,-160,112,17260,45,166,-15
14987,-287,233,17649,768,-1030,-573,92,376,17052,-37,207,29
14997,-133,288,17336,697,-1021,-587,-88,312,16656,53,228,31
