0,-174,95,17339,450,-872,-342,-132,200,16884,82,202,12
10,-179,96,17350,476,-853,-346,-84,248,16856,28,184,43
20,-174,93,17327,470,-873,-341,-112,192,16892,39,178,33
30,-185,98,17305,464,-860,-339,-72,172,16792,48,176,9
40,-177,90,17371,471,-880,-338,-20,168,16920,38,166,36
50,-214,88,17306,474,-879,-341,-152,168,16732,19,212,27
60,-166,100,17344,474,-872,-340,-32,140,17016,66,168,31
70,-149,92,17359,468,-879,-345,-104,168,16900,40,178,35
80,-185,102,17308,459,-875,-340,-96,204,16860,38,193,40
90,-174,88,17343,466,-877,-343,-36,176,16952,-4,186,26
100,-181,89,17350,480,-870,-349,0,164,16884,24,192,39
110,-150,96,17340,444,-878,-326,-52,200,16872,32,191,29
120,-169,98,17368,467,-870,-341,-168,104,16888,42,194,20
130,-179,100,17339,482,-878,-349,-8,156,16804,34,193,21
140,-186,86,17327,470,-878,-340,-36,188,16916,30,197,19
150,-169,95,17330,480,-878,-343,-112,144,16916,56,194,84
160,-182,85,17325,491,-881,-335,-100,216,16856,87,192,63
170,-179,105,17361,482,-882,-333,-100,148,16984,27,214,9
180,-177,81,17340,477,-867,-339,-72,128,16896,39,201,20
190,-189,80,17321,470,-875,-339,-96,152,16920,17,175,20
200,-169,101,17349,469,-876,-344,-12,168,16924,15,204,24
210,-170,93,17347,459,-872,-341,-16,172,16880,37,205,11
220,-183,96,17322,449,-871,-330,-64,136,16884,44,200,40
230,-188,93,17355,460,-877,-338,-108,200,16752,31,154,-6
240,-160,98,17333,470,-879,-334,-120,108,16808,17,197,67
250,-173,86,17328,470,-887,-335,-168,180,16920,22,171,42
260,-186,106,17355,451,-886,-336,-36,188,16872,22,186,30
270,-171,89,17299,453,-881,-340,-104,164,16796,51,186,39
280,-177,88,17348,476,-864,-347,-80,192,16852,39,165,53
290,-184,108,17328,472,-869,-346,-52,152,16980,28,213,20
300,-183,92,17343,484,-873,-341,-92,144,16900,30,189,36
310,-178,92,17353,489,-863,-347,-68,176,16992,30,211,43
320,-187,81,17336,476,-869,-348,-80,140,17028,82,176,31
330,-189,67,17311,478,-868,-340,-96,92,16836,100,235,14
340,-174,37,17337,493,-849,-345,-84,176,16820,97,195,24
350,-169,102,17355,544,-873,-354,-68,148,16808,19,174,13
360,-188,113,17355,506,-880,-356,8,164,16920,59,210,21
370,-188,104,17328,491,-864,-355,-64,108,16948,20,182,12
380,-176,81,17368,504,-854,-363,-68,232,16864,7,211,5
390,-150,143,17322,471,-863,-361,-44,216,16932,9,217,22
400,-174,130,17345,469,-871,-349,-20,172,16912,23,182,34
410,-176,89,17331,440,-871,-344,-32,184,16840,19,179,45
420,-182,100,17359,469,-862,-346,-32,144,16976,44,205,19
430,-175,93,17360,453,-887,-332,-72,180,17004,23,216,39
440,-184,96,17298,456,-863,-353,-24,192,16772,55,195,63
450,-175,98,17326,471,-877,-346,0,212,16952,56,192,57
460,-178,97,17345,485,-860,-344,-56,200,16828,36,186,30
470,-175,97,17340,485,-875,-345,-96,168,16908,50,173,19
480,-173,96,17336,480,-882,-341,-88,212,16888,40,197,44
490,-162,102,17363,480,-861,-352,-52,116,16940,67,211,6
500,-179,111,17332,469,-878,-339,-100,132,16960,53,186,28
510,-189,106,17353,469,-875,-344,-44,124,16912,32,199,20
520,-176,97,17334,467,-868,-345,-60,212,16852,35,197,56
530,-181,106,17336,453,-874,-334,-20,192,16804,23,201,45
540,-175,101,17335,473,-862,-334,-32,160,16876,62,197,45
550,-184,107,17343,487,-873,-344,-56,120,16944,28,194,49
560,-167,100,17328,470,-875,-332,52,148,16900,26,199,11
570,-161,91,17329,473,-873,-334,-52,176,16960,-7,180,11
580,-174,107,17351,470,-880,-330,-24,192,16876,30,212,23
590,-172,88,17342,465,-878,-339,-32,124,16920,20,163,18
600,-156,96,17336,481,-863,-351,0,144,16888,60,181,26
610,-162,95,17338,480,-869,-335,-28,164,16908,43,209,65
620,-184,96,17315,485,-870,-339,-72,132,16968,98,203,32
630,-172,44,17332,506,-865,-335,8,28,16904,91,187,6
640,-154,-3,17341,547,-867,-338,20,28,16868,94,182,44
650,-180,3,17314,569,-862,-329,-76,60,16920,84,194,61
660,-201,59,17373,524,-866,-332,-104,204,16980,93,190,45
671,-211,102,17379,510,-855,-339,-48,148,16880,85,211,33
681,-164,118,17287,494,-855,-346,-72,108,16864,95,209,35
691,-166,118,17364,487,-864,-344,-44,152,16908,38,209,69
701,-155,72,17329,493,-853,-342,-20,100,16828,61,182,51
711,-157,52,17259,517,-854,-336,-32,68,17020,57,229,-10
721,-188,126,17395,502,-861,-335,-8,152,17028,128,214,28
731,-206,119,17328,525,-858,-331,-56,228,16932,122,238,41
741,-204,148,17276,525,-844,-335,-20,232,16860,99,210,47
751,-195,194,17430,520,-834,-337,-88,268,17072,74,221,34
761,-205,178,17413,515,-834,-352,8,284,16848,0,237,-6
801,-368,287,17570,446,-647,-336,180,372,17724,-268,813,-52
811,19,288,18186,315,-463,-415,216,252,18320,-449,1394,-83
821,45,126,18618,30,-72,-435,60,32,18736,-1001,2146,-125
831,-124,-21,18941,-258,521,-472,-240,104,18640,-1422,3049,-261
841,-276,8,18900,-728,1217,-578,-304,92,18272,-1547,3741,-234
851,-466,173,18678,-954,1888,-635,-500,220,18788,-1591,4602,-327
861,-551,205,18638,-1007,2557,-715,132,800,17400,-2445,4899,-309
871,-51,544,17809,-1478,3015,-714,-236,-16,18124,-1957,5193,-286
881,-328,74,17983,-1420,3294,-703,-668,588,16552,-2714,5277,-508
891,-738,333,17278,-1862,3387,-794,-508,-128,17824,-2069,5312,-680
901,-649,-140,17760,-1593,3457,-944,-876,-252,16760,-2594,5527,-576
911,-1012,-504,17514,-1821,3508,-996,-812,-1072,17944,-2477,5694,-324
921,-1027,-1098,17869,-1815,3684,-861,-860,-952,17156,-2828,6061,-148
931,-1033,-1055,17629,-2010,3912,-677,-920,-556,17140,-2901,6301,-192
1001,-1927,-960,18217,25,5658,-954,-1684,-820,17960,-1756,8229,-531
1011,-2260,-972,17638,-1599,5953,-977,-2012,-720,16788,-3215,8505,-408
1021,-2570,-845,17170,-2153,6124,-878,-2316,-916,16384,-2163,8550,-303
1031,-2697,-1130,17288,-1107,6249,-838,-2496,-1388,16948,-714,8728,-303
1041,-2727,-1555,17697,-398,6441,-825,-2544,-1556,17432,-1227,9024,-270
1051,-2944,-1619,17509,-1096,6651,-790,-2684,-1336,16936,-2705,9222,-125
1061,-3201,-1307,16835,-2025,6762,-620,-3004,-1244,16164,-2784,9228,169
1071,-3404,-1109,16679,-1805,6768,-423,-3216,-1084,16092,-1619,9150,284
1081,-3448,-1068,16836,-887,6737,-371,-3268,-1120,16532,-774,9200,121
1091,-3668,-1101,17352,-340,6798,-472,-3476,-1080,17056,-1093,9430,-35
1101,-4004,-1072,17586,-756,6993,-618,-3856,-1004,17284,-2256,9730,-162
1111,-4193,-990,17278,-1626,7205,-694,-4028,-972,16940,-2737,9969,-162
1121,-4335,-1141,16998,-1973,7418,-715,-4168,-1200,16388,-2196,10178,-186
1171,-5271,-1718,16408,-1874,8262,-35,-5072,-1556,16004,-2893,11042,821
1181,-5528,-1602,16235,-2184,8329,122,-5464,-1472,15716,-3127,11097,922
1191,-5853,-1428,16017,-2278,8345,208,-5632,-1456,15372,-2681,10981,928
1201,-6124,-1250,15827,-1866,8298,232,-5924,-1372,15500,-1622,10976,815
1211,-6242,-1261,15934,-1152,8322,163,-6172,-1144,15528,-995,11028,716
1221,-6386,-1368,15946,-716,8365,54,-6320,-1068,15468,-904,11070,668
1251,-7083,-1683,15404,-187,8339,-127,-6988,-1692,14700,-274,11035,481
1261,-7316,-1749,15301,117,8334,-180,-7204,-1724,14596,127,10925,446
1271,-7535,-1730,15055,444,8265,-212,-7408,-1612,14424,618,10900,399
1281,-7672,-1625,14995,802,8226,-239,-7580,-1384,14424,976,10746,362
1291,-7893,-1441,14855,1118,8125,-273,-7780,-1264,14240,1299,10646,331
1301,-8113,-1419,14741,1424,8045,-328,-8060,-1352,14048,1507,10565,208
1311,-8382,-1495,14717,1636,7958,-415,-8328,-1376,14240,1510,10533,111
1341,-8818,-1823,14524,1533,8001,-483,-8640,-1700,13812,1117,10588,281
1351,-8926,-1826,14341,1377,7980,-405,-8856,-1716,13616,972,10528,405
1361,-9160,-1833,14089,1234,7921,-296,-9016,-1700,13560,795,10384,543
1371,-9355,-1830,14029,1118,7860,-188,-9256,-1632,13432,567,10321,652
1381,-9513,-1809,13874,938,7769,-90,-9412,-1704,13376,292,10243,793
1391,-9675,-1824,13811,709,7700,40,-9688,-1740,13156,63,10186,926
1401,-9920,-1843,13631,487,7642,176,-9816,-1692,12900,-28,10123,1104
1431,-10371,-1773,13020,328,7406,588,-10380,-1524,12476,-68,9748,1533
1441,-10640,-1712,12835,320,7281,714,-10320,-1500,12112,-265,9607,1690
1451,-10791,-1778,13267,211,7168,830,-10772,-1312,12568,-591,9719,1812
1461,-11112,-1515,13123,9,7180,944,-10896,-1156,12644,-991,9835,1799
1471,-11104,-1370,13091,-276,7281,1018,-10848,-1100,12348,-1180,9910,1744
1481,-11058,-1200,12817,-527,7341,1011,-10940,-976,12400,-1159,9877,1612
1551,-12510,-1538,11291,-587,7135,121,-12224,-1328,10648,-903,9480,978
1561,-12697,-1500,10937,-490,6988,352,-12476,-1288,10336,-751,9341,1245
1571,-12742,-1585,10844,-285,6888,562,-12532,-1364,10196,-622,9311,1346
1581,-12725,-1502,10860,-216,6861,636,-12336,-1268,10092,-654,9287,1446
1591,-12873,-1412,10770,-229,6826,703,-12576,-1256,10016,-744,9237,1495
1601,-13092,-1343,10655,-332,6793,767,-12848,-1096,10140,-891,9200,1489
1611,-13286,-1229,10330,-444,6764,749,-13108,-984,9736,-1001,9162,1415
1621,-13368,-1122,10179,-491,6715,678,-13076,-824,9504,-925,9048,1312
1631,-13334,-1114,9801,-443,6594,570,-13116,-900,8984,-756,8835,1180
1641,-13436,-1136,9718,-271,6425,448,-13208,-848,8920,-429,8633,1042
1651,-13656,-1144,9575,12,6240,328,-13488,-932,8944,16,8407,894
1661,-13759,-1211,9524,441,6118,197,-13528,-1028,8812,501,8369,729
1671,-13988,-1274,9616,901,6029,58,-13708,-1016,8920,991,8215,541
1721,-14406,-1230,8778,2179,5928,169,-14172,-920,8068,1895,8216,932
1731,-14382,-1123,8565,2019,5947,244,-14144,-804,8044,1618,8132,910
1741,-14461,-1049,8409,1802,5911,232,-14196,-780,7788,1266,8046,885
1751,-14563,-1035,8188,1495,5824,227,-14336,-800,7348,883,7912,827
1761,-14648,-1037,7903,1173,5715,199,-14416,-780,7188,625,7780,792
1771,-14734,-1006,7756,948,5591,169,-14536,-744,7100,500,7615,780
1781,-14798,-997,7771,825,5420,154,-14584,-700,7172,516,7465,730
1791,-14864,-912,7776,833,5334,120,-14664,-568,7028,693,7429,646
1801,-14915,-772,7668,969,5286,43,-14672,-516,6868,1045,7384,479
1811,-14959,-738,7451,1270,5249,-90,-14736,-480,6604,1587,7259,324
1821,-15032,-672,7186,1712,5156,-239,-14808,-340,6264,2064,7125,138
1831,-15273,-653,6994,2178,5040,-396,-15176,-64,6544,2440,6947,-71
1841,-15139,-498,6317,2557,4898,-559,-15200,-320,5908,2950,6581,-272
1851,-15385,-659,6197,2914,4643,-723,-15000,-532,5184,3263,6139,-393
1901,-15531,-842,5761,2503,2773,-921,-15312,-556,5092,1612,3900,-523
1911,-15623,-815,5599,1958,2399,-910,-15356,-568,4988,1035,3452,-483
1921,-15636,-829,5488,1462,2020,-889,-15392,-632,4824,478,2995,-469
1931,-15675,-894,5407,990,1631,-866,-15384,-764,4724,-5,2533,-420
1941,-15664,-1004,5338,552,1225,-810,-15288,-808,4812,-456,2016,-403
1951,-15651,-1060,5387,164,833,-751,-15348,-772,4876,-865,1543,-295
1961,-15673,-1057,5359,-203,400,-676,-15352,-736,4688,-1107,1054,-242
1971,-15720,-1002,5261,-486,2,-625,-15416,-800,4544,-1199,554,-252
1981,-15723,-949,5195,-597,-388,-590,-15372,-648,4492,-995,87,-325
1991,-15701,-930,5209,-518,-811,-603,-15320,-660,4648,-690,-360,-332
2001,-15670,-944,5386,-298,-1219,-624,-15296,-640,4756,-381,-730,-374
2011,-15671,-990,5595,-15,-1565,-663,-15408,-728,5156,-73,-1052,-409
2021,-15694,-1017,5777,253,-1839,-691,-15400,-784,5180,133,-1289,-362
2031,-15693,-1064,5903,486,-2051,-657,-15312,-856,5280,350,-1447,-328
2101,-15515,-928,6440,669,-3104,-546,-15316,-692,5852,-83,-2611,-298
2111,-15577,-1000,6324,455,-3193,-561,-15236,-792,5748,-205,-2725,-307
2121,-15498,-963,6193,319,-3270,-562,-15224,-652,5576,-201,-2967,-324
2131,-15494,-893,6061,279,-3420,-585,-15156,-620,5440,-19,-3288,-383
2141,-15446,-903,6198,349,-3890,-639,-15248,-600,5388,122,-3555,-474
2151,-15395,-876,6292,603,-4141,-700,-15072,-596,5504,275,-3882,-547
2161,-15358,-913,6341,729,-4419,-767,-15048,-620,5616,462,-4233,-669
2171,-15304,-954,6413,906,-4689,-837,-14936,-712,5768,670,-4548,-697
2181,-15232,-989,6560,1100,-4956,-897,-14912,-672,5924,912,-4887,-798
2211,-15094,-992,6868,1649,-5762,-1043,-14828,-752,6256,1426,-5860,-949
2221,-15047,-908,6865,1816,-6049,-1096,-14740,-640,6236,1624,-6224,-1033
2231,-14983,-838,6952,1961,-6355,-1153,-14704,-584,6232,1720,-6651,-1123
2241,-14890,-807,6873,2052,-6718,-1239,-14552,-568,6232,1863,-7095,-1231
2271,-14656,-1333,7331,2069,-7908,-1405,-14292,-1184,6824,1783,-8490,-1354
2281,-14584,-1559,7614,2121,-8231,-1325,-14228,-1368,7016,1992,-8797,-1113
2291,-14483,-1637,7945,2249,-8513,-1116,-14152,-1396,7480,2051,-9047,-790
2301,-14420,-1653,8425,2356,-8713,-800,-14016,-1420,8064,2007,-9189,-348
2311,-14122,-1567,8752,2289,-8833,-451,-13732,-1308,8420,1820,-9344,-14
2321,-13669,-1516,9038,2105,-8964,-162,-13152,-1316,8548,1606,-9721,164
2371,-13423,-852,9383,3456,-10513,196,-13060,-452,8364,4234,-11420,379
2381,-13246,-725,9913,4174,-10717,213,-12724,-436,9516,4853,-11737,374
2391,-12833,-698,10404,4789,-10917,225,-12408,-520,10060,5218,-11997,482
2401,-12647,-711,10616,5162,-11144,298,-12268,-400,10124,5482,-12175,680
2411,-12597,-632,10802,5402,-11308,434,-12140,-424,10304,5622,-12341,840
2421,-12465,-609,10826,5557,-11466,596,-11936,-320,10196,5833,-12579,874
2451,-11785,-484,11331,6196,-12259,854,-11456,-332,10776,6824,-13618,1354
2461,-11830,-393,11485,6540,-12513,1068,-11380,52,10708,7376,-13789,1433
2471,-11609,71,11637,7001,-12683,1161,-11008,732,11496,8003,-14062,1412
2481,-11147,663,12151,7524,-12834,1169,-10584,1216,11636,8445,-14347,1409
2491,-10823,1020,12232,7960,-13084,1162,-10416,1228,11980,8938,-14552,1318
2501,-10689,1024,12515,8398,-13297,1116,-9952,1064,12252,9333,-14869,1387
2581,-8326,1931,14490,6126,-15002,2704,-7500,2276,14404,4249,-16465,3262
2591,-7760,2117,14642,4915,-14959,2809,-7100,2252,14648,3158,-16451,3389
2601,-7447,2159,14943,3880,-14977,2946,-7068,2424,15140,2234,-16335,3459
2611,-7361,2299,15474,2971,-14950,3025,-6900,2664,15752,1301,-15928,3493
2621,-7168,2451,16017,2110,-14741,3065,-6692,2460,16660,138,-15244,3469
2631,-6890,2390,16787,1199,-14304,3057,-6400,2584,17032,-1214,-14294,3505
2641,-6628,2399,17299,104,-13650,3053,-5956,2368,17480,-2720,-13378,3662
2651,-6254,2261,17538,-1131,-12863,3124,-5632,2420,17172,-4267,-12546,3686
2661,-5939,2247,17368,-2466,-12112,3211,-5540,2544,16632,-5650,-11882,3512
2672,-5553,2696,16374,-4788,-11089,2930,-5360,2872,15968,-6787,-11591,3102
2683,-5272,2756,15695,-5504,-10990,2595,-5000,2892,15248,-6993,-11702,2673
2692,-4832,2412,15665,-5539,-11101,2257,-4544,2376,15236,-6591,-11912,2420
2702,-4577,1811,16642,-5158,-11244,2100,-4264,1908,15688,-6054,-11980,2362
2732,-4200,2333,18441,-4191,-9927,1853,-4064,2440,18184,-4959,-9678,1922
2742,-4157,2502,18497,-3799,-9175,1550,-3920,2568,18044,-4457,-8922,1555
2752,-4119,2258,18030,-3282,-8559,1171,-3852,2140,17484,-3686,-8236,1129
2762,-3940,1965,17610,-2634,-8068,815,-3664,2064,16872,-2843,-7933,729
2772,-3561,1884,16622,-1870,-7809,460,-3256,2000,15968,-1774,-7783,348
2782,-3215,1577,16536,-952,-7750,141,-2944,1516,15800,-744,-7995,123
2792,-3077,1197,16680,-27,-7835,-51,-2832,1192,16380,283,-8012,100
2822,-2661,1287,17898,1476,-7452,-98,-2300,1312,17424,1071,-7292,133
2832,-2654,893,17900,1399,-7174,-25,-2380,672,17744,738,-6807,427
2842,-2658,384,18282,1107,-6784,243,-2324,380,18176,85,-6239,956
2852,-2663,457,17886,528,-6374,658,-2416,832,17200,-640,-5834,1309
2862,-2467,1208,17450,-70,-6010,947,-2140,1648,17404,-1316,-5529,1400
2872,-2186,1739,17548,-677,-5773,996,-1836,2000,17164,-1924,-5256,1121
2882,-1999,2024,17836,-1219,-5536,782,-1772,2208,18120,-2281,-4854,710
2912,-1793,1446,18304,-1576,-4227,-102,-1552,1268,17728,-1857,-3089,98
2922,-1744,809,17948,-1231,-3740,-171,-1468,352,17276,-1313,-2723,352
2932,-1722,170,17566,-777,-3432,32,-1528,120,16824,-908,-2693,833
2942,-1766,23,17099,-391,-3333,401,-1412,60,16504,-859,-2760,1296
2952,-1656,201,16752,-282,-3397,816,-1328,560,16104,-1038,-3068,1617
2962,-1507,734,16328,-430,-3596,1122,-1280,1224,16040,-1323,-3350,1699
3032,-1151,398,17384,-2139,-2744,-65,-888,388,16468,-1819,-1997,556
3042,-1143,323,16982,-1428,-2739,122,-872,472,16352,-966,-2197,699
3052,-1071,410,16872,-675,-2852,313,-736,528,16384,-624,-2404,718
3062,-946,484,16868,-199,-3030,375,-624,540,16672,-723,-2592,792
3072,-846,400,17094,-118,-3207,416,-620,468,16848,-1087,-2684,898
3082,-797,435,17201,-389,-3325,480,-500,484,17172,-1577,-2690,913
3092,-688,469,17542,-796,-3332,524,-424,656,17284,-2027,-2485,853
3102,-561,520,17626,-1230,-3234,508,-384,616,17280,-2281,-2289,725
3112,-620,474,17708,-1526,-3088,418,-496,524,17384,-2307,-2115,747
3122,-755,416,17699,-1628,-2912,373,-424,464,17120,-2183,-1925,784
3132,-591,318,17602,-1562,-2741,390,-236,144,16652,-2034,-1891,788
3142,-480,48,17238,-1475,-2707,430,-312,80,17028,-1704,-1944,843
3152,-517,35,17349,-1196,-2692,423,-284,172,16572,-1238,-1951,952
3162,-450,130,17186,-812,-2715,497,-224,284,16768,-714,-2025,955
3192,-190,265,17424,195,-2736,427,36,292,17112,-7,-1910,694
3202,-178,227,17806,378,-2672,336,-188,324,17108,140,-1702,590
3212,-524,592,22980,497,-2576,275,1416,1668,24644,-645,302,-152
3222,-266,-300,15249,670,-1534,-123,-512,-460,12424,208,304,38
3232,-645,-353,16088,194,-739,-412,-392,-840,16304,1253,78,70
3242,157,600,18643,1073,-840,-305,424,632,18668,675,142,-4
3252,-152,168,17228,1415,-825,-370,-4,-44,16708,533,336,-18
3262,-335,133,16881,952,-830,-363,-156,232,16360,589,162,-86
3272,-65,327,17660,891,-865,-377,148,424,17560,361,198,-15
3282,-237,244,17296,632,-883,-398,-72,316,16736,126,219,-126
3292,-214,195,17227,464,-867,-447,-68,280,16964,-55,154,-108
3302,-188,90,17283,259,-909,-450,-8,128,16832,-419,205,-158
3312,-216,200,17343,2,-912,-483,-132,252,16908,-669,132,-237
3322,-198,215,17207,-155,-923,-526,56,232,16864,-688,167,-168
3332,-142,322,17335,-182,-908,-485,24,396,16852,-665,117,-152
3342,-170,224,17353,-90,-927,-436,64,232,17004,-411,172,-44
3382,-192,142,17362,565,-891,-341,-48,276,17000,128,138,14
3392,-172,162,17314,550,-896,-347,12,240,16836,92,181,25
3402,-173,180,17375,518,-898,-345,-12,212,16968,57,153,-20
3412,-162,152,17339,491,-896,-343,20,104,16972,72,209,-12
3422,-159,206,17372,489,-906,-330,48,288,16824,89,143,25
3432,-184,169,17263,516,-909,-330,-36,184,16832,98,183,13
3442,-195,175,17251,529,-908,-327,-8,264,16820,122,139,4
3482,-154,220,17385,770,-947,-335,-56,248,16760,452,93,26
3492,-237,222,17335,806,-966,-324,-140,408,17044,374,53,50
3502,-216,283,17381,765,-993,-302,44,276,16980,185,57,85
3512,-121,253,17442,616,-989,-277,8,308,17076,-117,101,98
3522,-173,206,17404,381,-982,-262,24,212,16980,-377,17,66
3532,-198,121,17327,166,-1022,-273,-104,228,16868,-423,-86,28
3542,-240,148,17540,72,-1115,-310,-88,140,17352,-474,-267,-42
3552,-129,39,18094,28,-1256,-346,212,140,18068,-601,-955,-75
3562,-57,205,18938,-96,-1746,-409,156,568,18852,-1054,-1793,-163
3572,-100,481,19120,-424,-2424,-422,52,564,18732,-1367,-2788,38
3582,-160,536,19147,-707,-3223,-318,32,428,18736,-1653,-3830,145
3592,-169,232,19267,-937,-4099,-162,4,104,18548,-1785,-4750,166
3602,-170,-62,18983,-1107,-4934,-87,120,-252,18132,-1692,-5590,55
3612,-73,-256,18667,-1082,-5717,-151,304,-188,18280,-1548,-6321,-122
3622,283,-225,18543,-944,-6320,-252,568,-200,17696,-1358,-6732,-195
3652,644,-216,17938,-545,-7204,-381,968,-20,17528,-1089,-7539,-260
3662,739,-90,17988,-437,-7408,-411,1020,12,17276,-851,-7734,-151
3672,841,100,17863,-296,-7580,-369,1296,116,17704,-521,-7972,-15
3682,1125,67,18099,-69,-7795,-259,1560,196,17836,-55,-8457,59
3692,1391,-56,18305,237,-8073,-143,1708,-92,17392,348,-8655,135
3702,1521,-32,17704,626,-8370,-59,1916,-44,16696,1125,-8899,256
3712,1780,27,17342,1246,-8556,22,2140,-44,17184,1877,-9058,444
3742,2159,24,17046,3098,-8762,275,2312,172,16984,3431,-9086,593
3752,1236,247,17115,3484,-8774,310,1240,76,18188,3415,-9287,626
3762,2127,188,17117,3665,-8759,302,4384,296,17964,3462,-9402,937
3772,4190,418,18032,3754,-8907,521,4408,188,17596,3076,-9619,867
3782,4162,259,17206,3484,-9088,581,3704,376,16836,2797,-10073,972
3792,3538,314,17506,3175,-9402,656,3468,300,17160,2509,-10263,983
3802,3248,350,17223,2919,-9664,719,3556,508,16912,2208,-10498,985
3832,4339,526,16887,2128,-10422,613,4536,580,16524,1249,-10996,876
3842,4533,607,16649,1850,-10420,604,4752,672,16304,958,-11054,790
3852,4896,683,16494,1241,-10441,578,5084,780,16292,432,-10974,760
3862,5250,622,16346,774,-10415,564,5500,640,16176,-225,-11039,773
3872,5433,388,16241,241,-10461,576,5520,416,15936,-707,-11073,741
3882,5431,41,16044,-105,-10499,490,5524,92,15684,-846,-11133,535
3892,5647,-228,16312,-164,-10599,270,5764,-220,16100,-747,-11249,186
3922,6142,714,15569,113,-10572,-389,6356,904,15312,-434,-11209,-250
3932,6454,1000,15753,132,-10582,-320,6800,1052,15556,-594,-11003,-87
3942,7039,1071,15634,-35,-10462,-173,7340,1112,15276,-832,-11041,153
3952,7192,901,15371,-234,-10438,39,7432,876,15108,-935,-10833,375
3962,7489,682,15053,-304,-10291,240,7852,668,14652,-888,-10746,540
3972,7724,321,15104,-193,-10225,343,7844,168,14844,-630,-10738,512
3982,7663,183,15119,-21,-10180,319,7768,252,14664,-495,-10500,459
4012,8128,151,14934,740,-9842,-18,8324,344,14636,265,-10207,45
4022,8395,379,14826,792,-9763,-91,8540,488,14380,321,-10262,18
4032,8576,393,14616,851,-9781,-132,8708,320,14116,416,-10297,21
4042,8872,244,14447,902,-9788,-141,9220,248,13808,447,-10117,6
4052,9268,262,13926,953,-9647,-165,9476,300,13368,587,-9962,-30
4062,9513,319,13810,1035,-9513,-225,9680,344,13544,385,-9926,-151
4072,9628,324,14210,878,-9513,-266,9576,192,14220,-168,-10073,-236
4082,9551,-9,14397,442,-9616,-340,9732,-236,14188,-681,-10231,-520
4112,10446,165,14230,-739,-10037,-1114,10596,304,13940,-1833,-10584,-1307
4122,10250,364,13574,-944,-10066,-1232,10432,516,12856,-1543,-10704,-1302
4132,10429,628,13329,-866,-10194,-1257,10564,664,12832,-1299,-10676,-1176
4142,10540,699,13008,-612,-10190,-1177,10848,580,12268,-800,-10655,-1051
4152,10769,536,12776,-254,-10139,-1073,10916,368,12304,-399,-10581,-1051
4162,10862,244,12849,116,-10084,-1054,10932,80,12712,-308,-10712,-1185
4192,10839,-148,12416,-202,-10252,-1584,11012,92,11984,-1318,-10409,-2230
4202,11034,156,12104,-486,-10002,-1970,11052,428,11316,-1627,-10159,-2311
4212,11280,513,11855,-827,-9750,-2131,11916,580,11860,-2066,-9848,-2248
4222,11840,599,11934,-1184,-9540,-2116,12088,700,11020,-2241,-9728,-2259
4232,12089,690,11221,-1428,-9376,-2101,12428,660,10308,-1829,-9573,-2163
4242,12378,698,10897,-1256,-9300,-2046,12160,560,11300,-1477,-9243,-2077
4252,12193,642,10735,-879,-9096,-1992,12272,568,10392,-937,-9018,-2124
4322,13247,783,10015,860,-6974,-1914,13364,864,9380,1048,-6746,-1739
4332,13337,931,10174,1277,-6832,-1792,13484,1032,9320,1414,-6600,-1513
4342,13268,1026,10082,1580,-6714,-1677,13236,836,11204,1326,-6553,-1368
4352,13257,1034,10062,1763,-6657,-1518,13324,1224,9536,1366,-6138,-1307
4362,13257,1157,9642,1778,-6427,-1425,13580,1200,8584,1328,-5955,-1291
4372,13468,1222,9250,1734,-6204,-1391,13316,1084,9440,1182,-5663,-1118
4382,13763,1141,9345,1617,-5980,-1313,13928,1208,8564,1174,-5346,-905
4392,13771,1064,9105,1521,-5713,-1180,13700,1116,8652,1316,-5114,-688
4402,14093,1103,9030,1522,-5531,-999,14044,1184,8084,1559,-4920,-547
4412,14322,1306,8773,1691,-5323,-693,14588,1404,7488,2143,-4848,-377
4422,14752,1442,8378,1980,-5176,-592,14900,1500,7812,2726,-4941,-194
4432,14788,1334,8057,3237,-5293,-422,14820,1412,7396,3487,-5157,-10
4442,14988,955,8106,3743,-5455,-287,14912,904,7624,4047,-5443,49
4472,14435,883,8390,4274,-6094,-234,14296,844,8100,3683,-6028,-69
4482,14411,982,8225,3590,-6094,-377,14416,1016,7728,2689,-5948,-306
4492,14648,1112,7982,2686,-6082,-548,14840,1148,7492,1539,-5954,-442
4502,14523,1240,7458,1764,-6009,-647,14656,1232,7172,845,-5668,-518
4512,14681,1228,7721,1182,-5853,-701,14672,1220,7436,445,-5574,-587
4522,14783,1311,7939,889,-5773,-737,14808,1396,7420,409,-5623,-565
4532,14779,1445,8022,872,-5836,-755,14780,1504,7484,566,-5753,-577
4582,14933,1290,6781,1110,-5344,-1308,14844,1288,6416,292,-4849,-1349
4592,15010,1368,6764,699,-5120,-1464,15028,1432,6184,-329,-4530,-1430
4602,15126,1507,6341,237,-4878,-1504,15172,1644,5808,-628,-4214,-1410
4612,15153,1619,6391,-73,-4670,-1510,15124,1748,6148,-917,-4069,-1348
4622,15073,1780,6747,-367,-4482,-1491,15156,1896,6436,-1404,-3746,-1364
4632,15126,1908,6660,-734,-4285,-1463,15148,1904,6104,-1744,-3625,-1256
4642,15191,1976,6372,-1022,-4133,-1387,15360,1920,5532,-1810,-3391,-1132
4652,15163,2042,6090,-1116,-3944,-1283,15376,2044,5260,-1607,-2968,-972
4662,15232,2031,5846,-961,-3627,-1135,15276,2068,5496,-1201,-2658,-748
4693,15293,1950,6118,112,-2797,-716,15404,1952,5408,86,-1706,-294
4703,15286,1920,5878,442,-2545,-601,15436,2052,5120,450,-1278,-151
4713,15328,1936,5688,785,-2224,-513,15412,1928,5240,802,-813,-60
4723,15346,1928,5755,1079,-1857,-415,15464,1944,5464,755,-542,64
4753,15364,1675,6151,505,-1224,-269,15372,1640,5456,-405,-63,26
4763,15383,1636,6070,181,-1137,-303,15384,1692,5584,-382,87,0
4773,15363,1727,6070,98,-1049,-351,15360,1896,5444,-215,199,50
4783,15335,1921,6183,206,-919,-353,15440,2004,5772,27,316,159
4793,15326,2031,6316,392,-808,-275,15396,2052,5976,256,369,316
4803,15324,1998,6396,587,-752,-154,15428,1908,5916,365,414,436
4813,15316,1924,6411,715,-703,-39,15332,1868,5844,355,486,548
4843,15355,1546,6209,586,-533,2,15340,1504,5916,-172,776,348
4853,15344,1504,6347,386,-433,-70,15356,1624,6048,-377,815,231
4863,15317,1556,6498,206,-407,-117,15360,1700,6080,-368,771,227
4873,15335,1658,6584,117,-393,-159,15384,1776,5840,-178,849,256
4883,15302,1781,6480,185,-371,-183,15356,1836,5680,89,949,343
4893,15311,1818,6300,398,-299,-133,15336,1776,5580,383,1116,434
4903,15290,1801,6245,642,-216,-54,15340,1772,5640,609,1233,495
4913,15326,1747,6069,850,-64,13,15352,1712,5588,708,1445,515
4923,15306,1616,5970,1021,94,50,15280,1716,5452,723,1816,543
4933,15312,1626,5760,1104,306,56,15364,1676,5156,648,2196,490
4943,15289,1608,5777,1058,847,22,15332,1668,5260,515,2563,500
4953,15251,1613,5934,966,1234,0,15316,1624,5460,241,2980,470
4963,15240,1685,5950,586,1581,-22,15232,1712,5396,80,3314,492
4973,15214,1755,5839,472,1878,-4,15292,1812,5416,18,3728,535
4983,15185,1831,5741,473,2268,51,15192,1904,5268,162,4312,644
4993,15140,2041,5533,588,2781,160,15252,2064,4996,349,4973,868
5043,14830,1461,6479,1525,5699,1194,14832,1484,6060,1266,8385,2118
5053,14612,1579,6585,1541,6195,1303,14468,1848,6000,1335,8989,2104
5063,14413,1731,6592,1568,6725,1230,14428,1824,5984,1494,9715,1836
5073,14322,1430,6820,1647,7303,990,14404,1344,6500,1450,10432,1625
5083,14340,1197,7381,1598,7842,834,14312,1120,7108,1003,10845,1541
5093,14198,1094,7773,1224,8191,706,14220,1116,7672,371,11137,1354
5103,14024,1058,8104,603,8461,552,14084,1172,7856,-433,11482,1194
5113,13941,1164,8275,-72,8717,416,13932,1216,7988,-1111,11737,1091
5123,13742,1316,8225,-617,8953,351,13552,1252,8080,-1357,12262,1117
5133,13667,1336,8568,-825,9324,370,13712,1092,8308,-1203,12538,1225
5143,13342,1022,9002,-758,9588,400,13448,1008,8400,-671,12910,1134
5153,13283,966,9288,-423,9922,337,13264,1152,9000,-143,13091,1042
5163,13140,1180,9672,90,10077,285,13124,1396,9228,468,13308,1215
5173,12866,1503,9788,659,10287,350,12860,1544,9356,1099,13614,1320
5223,11963,718,10802,3002,11420,626,11892,592,10472,3470,14924,1276
5233,11698,452,11206,3316,11639,400,11532,448,11224,3546,15106,916
5243,11355,515,11916,3444,11848,93,11620,744,11804,3243,15270,583
5253,11282,1034,12171,3317,11992,-200,11128,1440,11472,3067,15497,417
5263,10982,1536,11571,3118,12131,-361,10932,1568,10672,3304,15979,379
5273,10775,1447,11114,3188,12486,-401,10664,1116,11084,3510,16492,307
5283,10539,1111,11767,3377,12898,-488,10436,1036,11744,3479,16816,88
5293,10503,1105,12365,3341,13231,-663,10692,1324,13208,3211,17030,-187
5303,10515,1308,13527,3197,13446,-907,10152,1268,13616,2681,16793,-531
5333,8686,1468,14724,1516,12788,-1527,8460,1392,14144,514,16058,-1189
5343,8346,1414,14478,888,12621,-1692,8520,1332,14268,117,15860,-1435
5353,8486,1291,14573,488,12472,-1905,8800,1316,14444,-308,15813,-1700
5363,8664,1368,14647,151,12408,-2123,8692,1744,13812,-620,15917,-1770
5393,7625,1951,15337,-538,12439,-2137,7384,1920,15956,-1616,15450,-1499
5403,7158,1916,16189,-931,12240,-2041,7064,1752,16520,-2221,14673,-1437
5413,6660,1722,16922,-1430,11701,-1974,6180,1668,16996,-2682,13977,-1489
5423,6006,1592,17172,-1931,11088,-1955,5740,1440,16812,-3081,13513,-1539
5433,5594,1460,17155,-2272,10589,-2006,5816,1756,16152,-3132,13266,-1481
5443,5704,1754,16522,-2453,10296,-1993,6584,1924,15768,-2841,12934,-1309
5453,6316,1915,16233,-2341,10052,-1881,6760,1892,15652,-2429,12863,-981
5503,4329,1838,18808,483,8676,-675,4608,1764,18564,1277,9951,325
5513,4340,1345,18563,1139,7929,-476,4536,1360,18052,1869,9084,327
5523,4302,976,17614,1695,7108,-335,4420,888,17076,2496,8530,131
5533,4329,1039,17034,2238,5966,-560,4444,1072,16744,2992,8272,-95
5543,4497,1647,16852,3018,5976,-701,4668,1764,16572,3052,8139,-175
5553,4274,1938,16870,3060,5897,-720,4412,1948,16636,2916,7973,-87
5563,3653,1807,17298,2921,5658,-660,3720,1820,17096,2742,7606,-62
5573,3292,1747,17823,2726,5308,-677,3436,1692,17568,2488,7094,-195
5583,3392,1840,17962,2518,4883,-756,3628,1952,17624,2202,6554,-277
5593,3513,2035,17777,2308,4447,-798,3672,2064,17476,1936,6087,-278
5623,3211,1805,16993,1428,3735,-845,3400,1896,16828,682,5670,-471
5633,3192,1977,16555,927,3776,-949,3344,2112,16168,80,5817,-509
5643,2957,1924,16120,427,3918,-1005,2976,1840,15840,-349,6053,-565
5653,2682,1574,16215,75,4061,-1071,2752,1460,16128,-526,6192,-820
5663,2700,1503,16637,-120,4228,-1279,2840,1628,16296,-746,6420,-1099
5673,2695,1675,16710,-274,4393,-1494,2840,1828,16536,-853,6544,-1255
5683,2588,1918,16968,-373,4482,-1625,2704,1940,16760,-1022,6563,-1288
5693,2362,2000,17208,-516,4483,-1645,2392,2032,16868,-1221,6500,-1296
5703,1967,1978,17264,-688,4436,-1630,2084,1972,17164,-1388,6439,-1261
5713,1814,1872,17406,-837,4374,-1621,1996,1872,17088,-1559,6392,-1291
5723,1771,1841,17191,-998,4338,-1648,1900,1856,16836,-1642,6350,-1351
5773,1140,1631,17901,-1595,3881,-1947,1240,1676,17740,-2704,5504,-1725
5783,1056,1604,17881,-1938,3598,-1978,1236,1784,17672,-2990,5184,-1723
5793,926,1748,17824,-2241,3326,-1980,1032,1812,17452,-3187,4887,-1614
5803,784,1881,17687,-2398,3064,-1885,932,1932,17384,-3075,4632,-1419
5813,648,1789,17633,-2318,2844,-1705,744,1716,17256,-2700,4441,-1218
5823,590,1587,17639,-2041,2685,-1551,812,1604,17316,-2314,4231,-1058
5853,512,1373,17629,-1207,2143,-1150,560,1264,17144,-1607,3619,-697
5863,356,1114,17460,-1061,2018,-1084,484,1092,17168,-1623,3485,-729
5873,234,1083,17458,-1013,1917,-1097,380,1152,17140,-1773,3413,-800
5883,156,978,17453,-1112,1810,-1129,268,980,17336,-1972,3256,-856
5893,151,966,17588,-1282,1706,-1175,316,1156,17336,-2217,3139,-884
5903,111,1083,17558,-1474,1596,-1213,232,1136,17236,-2386,3044,-814
5913,23,1137,17451,-1639,1516,-1174,264,1164,16992,-2468,3018,-647
5943,385,1205,18397,-1443,1474,-837,-296,2412,25412,-3479,-1179,374
5953,-1179,1839,23722,-1766,-326,-422,-992,1420,15416,-3623,292,181
5963,-170,744,15000,-2763,-902,-110,1540,148,13772,-1837,413,54
5973,739,93,15730,-1720,-939,-333,-924,1056,19060,-2493,338,-90
5983,-1014,1031,19112,-1388,-851,-421,-196,932,16704,-3081,-12,79
5993,-137,660,17087,-2067,-928,-336,660,264,16540,-3034,338,45
6003,295,327,16834,-2152,-949,-377,-152,784,16844,-3517,170,-99
6053,-459,-926,17005,1368,-859,-80,868,1392,14060,-335,300,124
6063,304,863,19167,86,-805,-249,-364,100,18764,-3,279,91
6073,-292,-154,16563,179,-907,-248,-300,584,15248,-138,236,125
6083,151,-131,16884,388,-804,-257,484,0,16496,-92,297,70
6093,-392,225,18161,418,-919,-292,-392,576,17460,452,176,112
6103,-80,-59,17003,252,-850,-310,40,152,16440,-272,319,28
6113,-103,59,16914,574,-865,-354,-168,12,18172,184,76,40
6123,-223,218,17991,355,-932,-354,-32,376,17488,-28,270,7
6133,-112,140,17043,389,-902,-365,272,424,15832,-34,141,20
6143,-170,73,17102,451,-910,-356,-140,200,16720,-62,175,-19
6153,-239,29,17552,512,-914,-363,-132,80,17272,207,204,-34
6163,-161,173,17249,521,-902,-393,-72,260,16716,92,192,-20
6173,-155,119,17278,466,-911,-397,-20,264,16800,-12,193,13
6183,-133,133,17437,444,-904,-413,-12,204,17160,-20,173,-31
6193,-112,171,17307,420,-898,-403,-212,240,17024,-51,216,-11
6203,-173,136,17191,393,-889,-385,88,204,16664,-104,223,15
6243,-220,169,17350,355,-888,-351,-100,216,17048,-154,228,20
6253,-278,40,17108,332,-878,-352,-136,4,16592,-2,223,-3
6263,-69,94,17374,467,-871,-366,68,216,17024,10,172,54
6273,-217,93,17441,474,-879,-356,-116,116,16752,-2,228,13
6283,-112,101,17180,462,-878,-358,-24,184,16808,42,205,45
6293,-186,115,17333,485,-896,-348,-148,156,16948,69,194,26
6303,-161,120,17421,503,-895,-355,-4,140,16904,50,185,34
6313,-152,84,17210,487,-897,-345,-20,180,16680,41,193,43
6323,-154,113,17354,500,-901,-346,-76,216,17060,40,201,64
6333,-179,128,17394,507,-908,-355,-60,108,16812,52,211,15
6343,-150,100,17265,483,-903,-359,16,188,16828,67,189,47
6353,-157,106,17365,501,-897,-362,-20,124,16980,71,198,42
6363,-155,106,17370,499,-892,-359,-36,196,16872,3,196,35
6373,-162,96,17274,501,-889,-362,-60,180,16896,82,172,57
6383,-170,105,17348,516,-877,-358,-56,192,17020,68,218,60
6393,-171,96,17345,506,-906,-351,-20,124,16896,59,200,16
6403,-164,97,17276,509,-899,-354,-4,152,16960,65,218,3
6413,-152,109,17349,517,-892,-358,8,188,16944,72,235,32
6423,-183,107,17335,539,-885,-361,-16,192,16872,49,207,12
6433,-169,123,17309,527,-896,-358,-88,160,16836,12,204,21
6443,-171,128,17361,508,-898,-362,-16,200,16936,31,199,42
6453,-159,119,17323,476,-908,-347,-64,176,16824,20,199,0
6463,-148,123,17346,470,-896,-349,-32,148,16832,-6,185,32
6473,-174,128,17361,460,-885,-358,-128,144,16956,26,182,36
6513,-133,110,17317,470,-898,-357,-32,180,16836,15,157,24
6523,-190,119,17346,473,-898,-356,-32,92,17016,3,175,16
6533,-154,113,17351,460,-898,-359,-44,160,16884,10,187,-29
6543,-166,102,17276,475,-891,-357,-92,312,16836,0,200,4
6553,-150,110,17358,468,-902,-362,-92,208,16888,16,201,22
6563,-194,119,17355,475,-908,-350,-48,188,16928,0,216,4
6573,-127,100,17315,457,-893,-359,-92,180,16820,52,184,12
6583,-170,108,17322,486,-886,-364,-112,176,16876,20,177,13
6593,-154,113,17354,483,-891,-362,-72,196,16904,36,207,12
6603,-154,102,17329,479,-900,-367,-104,140,16892,0,204,22
6613,-193,107,17342,476,-903,-365,0,120,16844,-13,222,-6
6623,-138,106,17302,470,-893,-373,-88,180,16860,38,227,10
6633,-163,105,17289,486,-891,-364,-40,148,17060,40,152,52
6643,-159,110,17337,479,-910,-366,-92,128,16820,20,205,29
6653,-173,123,17317,491,-913,-363,-44,240,16948,16,188,22
6663,-150,96,17344,493,-911,-366,-32,224,16836,70,190,12
6704,-133,202,17335,509,-937,-346,204,296,16972,203,148,-12
6714,-152,84,17440,492,-919,-366,-272,232,16824,-183,207,103
6724,-212,49,17312,487,-916,-364,92,-32,17284,77,198,28
6734,-175,147,17245,452,-903,-365,-248,124,16484,100,172,49
6744,-156,-145,17423,545,-915,-361,40,-64,17028,-53,202,54
6754,-92,-209,17163,559,-946,-341,-140,48,16276,483,180,59
6764,-95,-443,17552,1207,-936,-385,28,-632,17452,1710,110,-130
6774,-231,-1081,17412,1886,-941,-582,-316,-1076,16736,1243,172,-632
6784,-146,-797,16851,1568,-937,-967,152,-212,16200,948,194,-996
6794,-152,-45,17792,1354,-966,-1136,-284,16,18128,981,270,-605
6804,-274,627,17172,1446,-940,-949,40,1148,15784,1865,207,-239
6814,-53,1173,17291,2046,-920,-581,244,1544,16992,2383,103,474
6824,-115,1380,17396,2559,-911,-14,-224,1256,16856,2524,159,779
6834,-257,1106,17235,2815,-889,189,76,1220,16780,3305,140,191
6884,-144,738,17247,4268,-885,-243,-8,820,16680,5226,159,248
6894,-238,762,17416,5086,-866,-199,-84,912,16840,6500,180,345
6904,-198,947,17468,6127,-871,-143,60,1300,16640,8108,183,544
6914,-316,1573,17301,7481,-835,4,-300,2244,16592,9739,249,981
6924,-385,2167,17380,8897,-791,344,-112,2584,16744,10745,288,1290
6934,-53,2483,17202,9905,-733,649,204,2832,16732,11263,264,1508
6944,67,2551,17096,10404,-687,809,44,2572,16760,11152,371,1496
6954,-81,2302,17138,10385,-684,854,-88,2164,16976,10519,349,1411
6964,-216,2009,17256,9957,-680,761,-120,2012,16800,9828,314,1170
6974,-195,1906,17221,9329,-712,576,-80,2032,16792,9398,271,886
6984,-121,1992,17250,8898,-739,348,-4,2224,16916,9451,276,702
6994,-122,2141,17331,8866,-759,180,-92,2368,16728,9888,207,609
7004,-175,2387,17281,9165,-758,73,-136,2752,16564,10828,185,463
7014,-224,2778,17291,9849,-792,-33,-32,3168,16680,11966,164,343
7024,-162,3226,17235,10785,-826,-137,-92,3644,16852,13148,101,219
7034,-123,3694,17127,11801,-836,-260,-44,4288,16364,13866,131,221
7064,-307,5164,17900,13225,-764,-169,928,5684,16572,12184,201,986
7074,-227,5684,17201,11928,-980,43,180,5000,15660,11054,-101,663
7084,-69,4880,16254,11244,-689,125,-132,5028,15768,11293,70,461
7094,-170,5089,16189,10662,-960,-2,-20,5752,16124,10953,-697,151
7104,-105,5712,16614,10229,-1341,-233,-256,5976,15620,11122,-1774,13
7114,-203,5887,16192,10404,-2026,-379,-1008,5688,17636,12224,-333,-185
7124,15,5967,16250,10508,-2020,-474,136,6572,15444,11022,1618,-86
7154,-595,6841,15967,11498,-851,-50,-20,6956,15520,12043,1453,94
7164,-147,6973,15636,11567,-409,-241,2532,8500,14252,12106,-24,1149
7174,67,7919,15981,11153,-199,-214,-316,7144,15432,11042,443,389
7184,-533,8101,15225,10966,-950,248,720,8340,14580,11348,443,660
7194,216,7858,15127,10193,-395,-156,-1012,7592,15112,10580,344,547
7204,138,8321,14908,10417,-761,209,620,8520,14088,10332,541,584
7214,-325,8341,15057,9787,-508,-52,-456,8412,14792,10396,375,708
7244,-128,9156,14741,10321,-293,480,208,9344,14056,11249,943,1155
7254,-89,9033,14510,10649,-195,615,-164,9008,14168,11504,776,1283
7264,2,9038,14465,10587,-267,515,192,9316,13720,11122,797,926
7274,-68,9169,14304,10339,-360,314,-92,9264,13996,10808,497,737
7284,-178,9387,14161,9946,-540,74,-32,9748,13672,10225,394,395
7294,-283,9630,14009,9570,-671,-118,-256,9672,13740,9964,177,237
7304,-293,9966,13817,9286,-796,-274,-164,10252,13464,9706,162,170
7334,-195,10589,13587,9298,-791,-299,-52,10816,12996,10232,253,274
7344,-225,10793,13341,9645,-729,-224,40,11060,12840,10600,372,410
7354,-209,11067,12986,9894,-622,-103,12,11268,12476,10649,523,572
7364,-190,11241,12720,9929,-468,59,4,11424,12292,10443,749,806
7374,-156,11376,12541,9756,-316,213,20,11632,12000,10168,899,945
7384,-155,11425,12521,9510,-198,340,24,11544,12080,9903,974,989
7394,-138,11558,12449,9294,-133,378,64,11704,11912,9868,1011,1002
7404,-96,11626,12430,9214,-100,395,216,11860,11936,9789,1026,982
7414,-42,11761,12292,9187,-94,400,84,11860,11848,9801,1098,1027
7424,-27,11944,12101,9179,-31,431,124,12172,11688,9831,1193,1079
7434,-103,12116,11982,9215,33,472,56,12388,11420,9971,1274,1156
7444,-186,12362,11769,9357,119,528,40,12620,11076,10377,1438,1240
7454,-213,12596,11468,9674,247,628,-40,12796,10776,10725,1654,1428
7464,-250,12840,11054,9961,478,755,-136,13096,10404,10768,1964,1674
7474,-349,13028,10742,10050,730,928,-104,13248,10300,10690,2258,1815
7544,-229,13534,10045,9592,761,745,-148,13536,9748,10166,1939,1311
7554,-223,13530,10060,9550,693,680,-128,13760,9524,10088,1865,1235
7564,-221,13634,9902,9511,660,611,-136,13820,9324,10014,1807,1124
7574,-270,13771,9635,9419,589,528,-88,14016,9000,9801,1601,1024
7584,-255,13857,9426,9238,429,416,64,14284,8696,9562,1358,828
7594,-126,14023,9256,9016,250,265,240,14380,8584,9478,1001,618
7604,-44,14151,9021,8854,-29,112,180,14436,8420,9191,680,421
7614,-78,14221,8915,8721,-288,-48,-20,14576,8100,9022,548,276
7624,-270,14393,8643,8525,-471,-164,-144,14564,8212,8889,228,131
7634,-216,14470,8423,8398,-689,-273,-200,14696,7868,8526,-23,-25
7644,-379,14641,8158,8189,-895,-373,112,15084,7452,8764,-325,-86
7654,-281,14651,8088,8144,-1135,-475,-196,14924,7380,8412,-353,-180
7664,-365,14819,7839,8033,-1283,-544,-184,14908,7476,8438,-375,-108
7674,-340,14733,7897,7984,-1309,-520,24,15104,7072,8344,-241,-53
7684,-296,14912,7630,7896,-1230,-501,-72,15152,7080,8345,-148,11
7694,-275,14923,7544,7916,-1137,-451,40,15236,6856,8249,75,91
7704,-224,15029,7326,7860,-1002,-403,60,15336,6544,8341,234,142
7714,-189,15157,6993,7885,-848,-362,40,15420,6276,8097,203,143
7744,-180,15355,6390,7238,-862,-347,100,15624,5652,7174,185,78
7754,-158,15408,6243,6974,-867,-344,112,15656,5668,6923,54,28
7764,-141,15481,6094,6738,-882,-360,32,15684,5528,6716,-260,-46
7774,-135,15535,5913,6543,-1048,-420,-20,15712,5480,6605,-595,-116
7784,-168,15589,5787,6434,-1305,-502,80,15832,5192,6590,-904,-243
7794,-164,15642,5643,6372,-1610,-577,148,15792,5172,6538,-1082,-279
7804,-174,15672,5484,6319,-1834,-618,60,15856,4996,6405,-1036,-255
7814,-201,15718,5239,6263,-1928,-646,136,15908,4696,6163,-1008,-245
7824,-155,15767,5079,5879,-1855,-605,56,16000,4600,5713,-975,-205
7834,-181,15793,5067,5482,-1817,-625,88,15940,4628,5428,-988,-241
7844,-170,15833,4957,5284,-1853,-619,52,16072,4436,5263,-1036,-259
7894,-172,15958,4393,3960,-2038,-602,40,16116,3888,3643,-1150,-273
7904,-180,15967,4371,3661,-2032,-598,124,16208,3856,3340,-1057,-253
7914,-186,15990,4309,3435,-1912,-582,84,16192,3812,3110,-922,-194
7924,-182,16005,4245,3190,-1820,-551,52,16200,3668,2793,-823,-174
7934,-157,16013,4221,2949,-1699,-534,48,16196,3664,2583,-691,-159
7944,-166,16036,4173,2769,-1652,-533,116,16276,3708,2441,-723,-194
7954,-132,16039,4114,2611,-1664,-545,144,16260,3532,2258,-748,-252
7964,-130,16067,4037,2455,-1686,-612,148,16200,3564,1990,-733,-337
7974,-144,16074,3972,2229,-1670,-659,84,16224,3468,1759,-727,-331
7984,-109,16085,3904,2010,-1664,-664,376,16252,3188,1685,-695,-191
7994,-214,16060,3954,1915,-1616,-555,152,16256,3532,1486,-599,-123
8024,-191,16089,3890,1607,-1387,-417,152,16252,3508,1126,-303,13
8034,-168,16096,3856,1481,-1315,-386,24,16304,3320,953,-222,-25
8044,-173,16088,3852,1324,-1258,-389,128,16276,3320,824,-135,-57
8074,-232,16097,3825,1013,-1029,-435,68,16256,3348,479,116,53
8084,-182,16100,3858,922,-932,-356,104,16292,3372,476,221,40
8094,-194,16105,3841,918,-861,-353,140,16360,3188,499,236,50
8104,-177,16115,3770,906,-840,-346,72,16244,3264,371,300,57
8114,-191,16096,3821,833,-818,-344,36,16288,3300,400,315,52
8124,-203,16118,3836,806,-790,-338,144,16308,3248,370,257,60
8134,-224,16113,3788,814,-842,-321,44,16328,3236,369,172,136
8144,-196,16110,3790,788,-894,-266,48,16296,3252,354,93,194
8154,-171,16115,3804,796,-979,-229,192,16352,3260,378,-52,148
8164,-164,16115,3778,811,-1064,-226,176,16420,3260,346,-133,113
8174,-94,16118,3751,802,-1119,-279,108,16320,3132,333,-116,13
8204,-178,16117,3778,746,-1200,-405,124,16344,3140,332,-170,-48
8214,-157,16114,3684,748,-1206,-411,124,16380,3152,85,-151,-63
8224,-170,16114,3639,605,-1191,-406,104,16316,3092,-114,-129,-55
8234,-161,16130,3655,435,-1165,-408,192,16356,3128,-254,-100,-78
8244,-133,16138,3660,270,-1144,-418,148,16324,3000,-528,-90,-220
8254,-86,16125,3670,94,-1139,-504,116,16332,3248,-655,-98,-369
8264,-131,16135,3683,-76,-1145,-621,876,16040,2864,-437,-245,-63
8274,-210,16122,3543,-162,-1219,-632,172,16288,3168,-884,-286,-112
8284,-144,16133,3759,-271,-1346,-440,120,16320,3380,-792,-393,-93
8294,-174,16097,3860,-255,-1342,-451,-56,16220,3500,-893,-262,-60
8304,-270,16083,3872,-238,-1331,-441,32,16272,3440,-1036,-123,-54
8314,-225,16075,3873,-366,-1216,-409,68,16236,3320,-1130,23,-21
8364,-152,16062,3933,-1284,-1018,-388,84,16308,3500,-2405,-39,-54
8374,-166,16049,3975,-1503,-1072,-397,112,16300,3440,-2742,-28,-66
8384,-190,16032,4073,-1776,-1131,-394,56,16240,3564,-3050,-78,-45
8394,-190,16006,4153,-2083,-1138,-395,20,16156,3652,-3386,-47,-59
8404,-178,16013,4225,-2351,-1132,-390,116,16180,3704,-3655,-80,-70
8414,-178,15979,4227,-2891,-1147,-389,88,16232,3824,-4059,-68,-73
8424,-171,15977,4313,-3229,-1133,-402,56,16148,3940,-4480,-19,-79
8434,-185,15953,4400,-3601,-1119,-424,72,16104,3948,-4891,39,-85
8444,-207,15914,4470,-4026,-1091,-406,88,16132,4112,-5451,47,-70
8454,-174,15882,4599,-4465,-1053,-384,84,16000,4184,-5876,92,-52
8464,-181,15855,4722,-4891,-1049,-387,124,16068,4316,-6421,79,-37
8474,-192,15817,4837,-5354,-1025,-382,92,16040,4360,-6965,147,-58
8484,-168,15771,5031,-5807,-1002,-381,108,15972,4584,-7444,153,-85
8494,-178,15711,5181,-6219,-1004,-378,44,15904,4768,-7867,156,-32
8544,-165,15405,6005,-8545,-1103,-387,72,15560,5792,-10805,96,-149
8554,-149,15321,6214,-9190,-1118,-410,60,15544,5900,-11524,-61,-204
8564,-120,15211,6556,-9793,-1229,-455,140,15416,6132,-12015,-299,-341
8574,-105,15111,6890,-10230,-1444,-554,108,15256,6432,-12316,-667,-510
8584,-149,14984,7262,-10474,-1711,-689,60,15140,6804,-12426,-757,-584
8594,-222,14878,7482,-10570,-1818,-722,72,15040,7156,-12496,-540,-478
8604,-196,14759,7741,-10624,-1695,-678,28,14956,7396,-12598,-398,-427
8614,-173,14662,7852,-10751,-1565,-645,84,14816,7516,-13009,-405,-455
8624,-139,14537,8098,-11064,-1546,-657,92,14680,7804,-13345,-499,-531
8654,-174,14060,8869,-12387,-1432,-627,92,14112,8800,-15076,-155,-382
8664,-19,13677,9462,-12883,-1342,-598,212,13792,9296,-15668,-181,-424
8675,-33,13497,9911,-13352,-1334,-618,168,13408,9852,-15898,-405,-592
8685,102,13190,10297,-13574,-1489,-724,96,13288,9856,-16208,-594,-769
8715,-296,12987,10559,-14606,-1858,-1039,-116,12992,10276,-17541,-782,-1039
8725,-254,12687,10730,-14919,-1878,-1087,-16,12644,10628,-18339,-818,-1131
8735,-175,12362,11062,-15574,-1912,-1157,-24,12412,10928,-19100,-999,-1294
8745,-159,12070,11508,-16316,-2039,-1274,-36,11968,11416,-19584,-1096,-1502
8755,-155,11708,11983,-16822,-2174,-1426,52,11672,11880,-19899,-1218,-1641
8765,-143,11411,12378,-17140,-2261,-1577,24,11504,12164,-19944,-1175,-1724
8775,-217,11231,12636,-17229,-2310,-1672,-68,11336,12276,-19731,-1055,-1698
8805,-290,10576,13432,-16601,-1849,-1389,-96,10536,12944,-18726,-313,-966
8815,-285,10252,13535,-16315,-1626,-1154,-52,10088,13144,-18901,-99,-765
8825,-221,9853,13784,-16277,-1411,-959,64,9656,13568,-19160,-7,-668
8835,-141,9425,14009,-16435,-1290,-846,8,9088,13912,-19792,-6,-739
8845,-37,8907,14249,-16848,-1271,-816,100,8692,14084,-20492,-140,-936
8855,18,8386,14507,-17419,-1331,-935,124,7936,14504,-21273,-281,-1224
8905,-436,5851,16319,-17174,-729,-1146,-396,5840,15772,-17464,1254,-332
8915,-417,5998,16286,-15651,-343,-328,-52,6468,15352,-16906,531,36
8925,-396,4783,16262,-15063,-1041,-237,388,4344,15912,-17780,-672,-266
8935,-759,4499,16761,-15487,-2102,-491,-1100,4144,16392,-18023,-1003,-488
8945,-20,3969,17760,-15698,-1195,-1044,-1304,3840,16100,-17876,412,-1457
8955,447,4579,21921,-15721,-1409,-1535,420,4452,23364,-19324,-195,-1787
8985,-677,4847,19158,-13398,-1488,-2227,-452,5016,19648,-14976,34,-1784
8995,-15,4925,16806,-12651,-1192,-1643,472,4976,14672,-13504,373,-831
9005,97,4189,15743,-11167,-969,-825,352,4100,15632,-11829,178,206
9015,-172,3005,17950,-10151,-974,-58,-84,2784,18128,-11933,404,664
9025,-203,2202,17304,-10009,-860,233,-152,2108,16456,-11473,302,463
9035,-90,1915,16802,-9597,-907,46,12,2040,16780,-10772,250,107
9045,-158,1928,17667,-9031,-954,-209,-168,1956,17476,-10323,273,8
9075,-218,1438,17631,-6619,-952,-424,-92,1468,17216,-7230,251,-130
9085,-167,1206,17289,-5916,-943,-438,-32,1236,16644,-6555,247,-100
9095,-180,1052,17173,-5360,-922,-412,-40,1004,16860,-6090,253,-39
9105,-184,918,17508,-4948,-935,-387,-44,904,17152,-5833,283,-81
9115,-151,758,17264,-4727,-910,-404,-52,744,16580,-5526,236,-74
9125,-165,611,17237,-4474,-898,-414,-12,652,16820,-5189,259,-47
9135,-166,433,17440,-4153,-919,-397,-104,440,16876,-4835,254,-14
9185,-163,459,16303,1083,-904,-232,216,956,16488,-840,127,396
9195,-94,700,17773,-150,-937,-104,-52,496,18104,-1547,286,414
9205,-253,347,17768,-857,-910,-25,-32,12,16640,-2699,286,440
9215,-161,11,16523,-1851,-881,6,-12,632,15524,-3679,219,786
9225,-180,537,17463,-2589,-937,237,100,232,17864,-1619,142,851
9235,-97,325,18251,-1131,-930,368,-164,112,16392,-232,192,574
9245,-274,76,16653,200,-866,171,-8,-36,16456,50,118,139
9255,-64,64,17205,559,-903,-164,-52,312,17648,-511,198,57
9265,-224,411,17753,205,-916,-323,-28,360,16552,-371,224,165
9275,-131,253,17045,141,-894,-263,56,132,16720,-12,194,92
9285,-118,106,17306,340,-914,-281,-48,332,17112,-108,208,69
9295,-193,220,17507,360,-909,-334,-68,216,16916,-117,213,90
9305,-150,128,17178,341,-886,-325,-68,220,16836,-161,212,66
9315,-153,163,17335,315,-896,-331,-80,192,17124,-294,235,108
9325,-192,115,17450,221,-907,-297,-28,112,16892,-313,216,102
9335,-157,119,17240,159,-904,-277,-112,184,16988,-385,198,117
9345,-170,103,17385,166,-912,-271,8,200,16852,-614,205,142
9355,-145,149,17268,-2,-891,-256,40,264,16500,351,220,68
9365,-160,89,17565,288,-891,-298,-84,312,16804,-157,246,27
9375,-238,249,17215,589,-894,-354,80,80,16476,57,171,43
9385,-105,92,17132,422,-886,-359,-40,208,17136,87,206,-22
9395,-172,141,17548,491,-908,-346,-84,172,16756,-4,240,35
9405,-171,110,17194,459,-899,-352,4,184,16920,39,187,54
9415,-158,94,17264,497,-899,-350,4,204,17112,29,181,45
9455,-177,-26,17441,488,-884,-271,44,28,16856,3,240,295
9465,-188,-68,17287,482,-895,-185,-32,68,16848,31,207,318
9475,-170,22,17420,477,-912,-112,-104,136,16960,-10,217,355
9485,-197,118,17285,492,-903,-89,-88,184,16860,39,237,360
9495,-153,116,17306,477,-893,-92,0,172,16848,32,215,329
9505,-160,151,17346,483,-886,-109,-80,260,16920,51,200,284
9515,-178,209,17317,477,-907,-147,-36,216,16824,67,181,183
9525,-166,193,17334,496,-906,-205,-12,212,16988,25,203,206
9535,-147,141,17335,488,-912,-218,-60,160,16908,46,164,169
9545,-166,127,17308,513,-902,-231,-28,168,16900,18,200,144
9555,-159,132,17336,508,-896,-264,-76,140,16988,84,210,139
9565,-172,109,17379,526,-892,-286,-48,116,16792,55,234,127
9575,-159,128,17299,497,-887,-271,-72,200,16848,3,219,108
9585,-176,184,17348,479,-878,-283,-124,268,16928,-12,209,106
9595,-187,215,17376,479,-877,-312,-108,264,16900,-20,224,92
9605,-178,190,17287,472,-879,-338,-84,140,16648,9,214,46
9645,-168,95,17329,501,-908,-364,-20,216,16972,66,209,40
9655,-131,8,17355,511,-897,-359,84,72,16916,86,234,83
9665,-123,-236,17336,526,-916,-314,28,-252,16924,75,196,210
9675,-200,-274,17354,515,-882,-205,-140,-188,16844,92,242,329
9685,-248,-214,17397,515,-871,-127,-140,-72,16876,-6,231,353
9695,-250,-318,17255,452,-875,-66,0,-256,16632,-39,243,512
9705,-149,-173,17315,412,-882,48,4,48,16844,51,206,592
9715,-149,138,17312,502,-907,111,-80,304,16964,45,170,500
9725,-227,469,17300,511,-926,53,-104,680,16964,77,154,337
9735,-146,727,17347,530,-945,-85,60,852,16992,89,146,176
9745,-139,768,17381,542,-952,-194,36,792,16864,-46,150,132
9755,-143,418,17336,478,-913,-265,-56,248,16780,-43,196,82
9765,-189,62,17358,470,-908,-304,36,44,16792,76,214,130
9775,-119,-123,17356,518,-891,-287,48,-116,16824,60,191,255
9785,-179,-232,17316,502,-877,-183,-12,-192,16900,60,228,469
9825,-177,555,17368,517,-925,13,-52,688,16832,36,164,153
9835,-199,550,17335,511,-937,-188,-32,456,16912,6,177,32
9845,-174,192,17330,477,-939,-331,-132,132,16704,68,139,2
9855,-167,117,17302,492,-936,-377,-28,156,16856,40,165,15
9865,-141,100,17323,534,-939,-369,-64,180,16896,61,162,43
9875,-191,139,17383,492,-943,-370,8,204,16912,4,159,29
9885,-136,107,17330,488,-921,-365,-112,188,16812,36,176,10
9895,-175,110,17312,497,-912,-371,-56,220,16932,15,166,18
9905,-160,125,17391,513,-931,-370,-60,224,16776,52,173,5
9915,-166,125,17314,497,-938,-355,-44,176,16872,69,159,49
9925,-170,130,17358,515,-934,-356,-68,176,16964,42,154,54
9935,-173,116,17348,513,-930,-368,-100,164,16876,11,183,42
9945,-177,92,17290,517,-933,-371,-8,204,16896,33,169,21
9955,-165,108,17347,512,-949,-358,-72,132,16932,87,155,-2
9965,-168,93,17381,536,-941,-356,-44,108,16940,63,182,13
9975,-157,70,17359,536,-944,-360,-52,160,16880,59,174,7
9985,-167,75,17326,518,-922,-377,4,232,16988,255,174,5
9995,-174,148,17351,578,-932,-381,-44,156,16868,597,171,54
10005,-147,109,17397,841,-911,-368,-56,104,16740,907,178,62
10015,-148,54,17287,1157,-907,-348,-48,100,16716,1248,161,76
10025,-153,90,17325,1453,-915,-355,28,192,16940,1823,193,90
10035,-151,128,17381,1822,-918,-351,20,260,16840,2492,220,131
10045,-162,128,17327,2344,-906,-341,-44,196,16872,3100,145,144
10055,-181,158,17375,2915,-903,-306,-8,260,17056,3617,170,245
10125,-135,1408,17378,6881,-853,-37,56,1516,16852,7997,192,623
10135,-167,1599,17282,7822,-828,160,-116,1668,16808,9042,187,881
10145,-213,1773,17322,8704,-796,346,-8,1888,16868,9974,206,1039
10155,-205,1846,17346,9490,-771,471,-88,1868,16900,10650,253,1133
10165,-134,1765,17268,10075,-729,539,56,1828,16688,11252,257,1177
10175,-155,1912,17306,10564,-739,514,-4,2012,16732,11770,261,1026
10185,-157,2081,17373,10940,-733,340,-76,2204,16812,12007,231,756
10195,-160,2371,17211,11192,-751,106,-104,2524,16792,12312,160,456
10205,-143,2704,17186,11431,-786,-138,-44,2808,16820,12502,173,248
10215,-144,3044,17181,11593,-824,-297,-32,3252,16604,12667,102,110
10225,-195,3398,17056,11739,-851,-402,-100,3576,16536,12830,86,59
10235,-169,3801,16969,11924,-859,-464,-56,3976,16576,13112,84,-36
10245,-125,4173,16906,12140,-874,-531,-4,4396,16480,13375,66,-78
10255,-159,4420,16808,12365,-878,-564,-80,4636,16320,13563,93,-50
10265,-138,4634,16754,12557,-879,-568,-28,4788,16356,13739,54,-83
10275,147,5069,18978,12233,-996,-579,4,4356,17692,12309,280,222
10285,-296,4940,16113,11158,-957,-540,208,5756,15508,11244,-394,-141
10295,-214,5388,16499,10789,-1013,-651,196,5152,15720,11171,163,-116
10305,323,5156,16370,10471,-992,-579,384,5376,16200,11050,-386,227
10315,-49,5312,16659,10333,-1273,-299,-52,5284,15928,11411,-653,519
10325,-189,5770,16570,10675,-1526,-40,-608,6320,15724,12126,-712,511
10335,-739,6683,15915,11052,-1546,-49,-1016,7268,14896,12086,51,-241
10405,107,7740,15236,9168,-1101,-885,-144,7980,14880,9468,-255,-553
10415,-260,8175,15320,9063,-1159,-857,-76,8360,14444,9863,-119,-384
10425,-496,8250,15091,9153,-1070,-861,-480,8392,14948,10075,-67,-286
10435,-577,8333,15160,9367,-1082,-717,-364,8628,14492,10299,52,-124
10445,-456,8512,15047,9576,-949,-618,-328,8556,14332,10514,84,32
10455,-424,8593,14867,9786,-919,-480,-224,8896,14332,10626,155,72
10465,-313,8797,14781,9852,-851,-422,-200,9088,14104,10649,149,112
10475,-324,9003,14688,9962,-845,-384,-140,9280,14080,10864,166,123
10485,-274,9188,14547,10077,-817,-384,-148,9452,14000,11104,153,161
10495,-334,9374,14477,10273,-818,-342,-192,9688,13808,11432,211,219
10505,-367,9560,14291,10519,-758,-309,4,9980,13892,11641,220,253
10515,-314,9777,14133,10774,-743,-260,72,10004,13580,11735,234,243
10525,-210,9979,13884,10892,-770,-248,-72,10340,13104,11806,187,162
10555,-178,10523,13385,10911,-765,-255,72,10732,12684,11507,493,571
10565,-194,10714,13154,10760,-616,-85,40,11024,12532,11207,613,639
10575,-171,10923,12970,10556,-491,57,-60,11208,12248,10947,751,823
10585,-241,11120,12781,10343,-347,169,-16,11520,12196,10609,796,813
10595,-181,11343,12590,10018,-306,232,-72,11688,11888,10353,738,739
10605,-160,11523,12431,9790,-303,201,-64,11816,11844,10142,678,632
10615,-163,11655,12307,9594,-329,136,-60,11928,11784,9989,699,595
10665,-185,12538,11325,9610,-513,-71,24,12724,10900,10290,688,592
10676,-169,12703,11060,9477,-308,79,60,12976,10596,9832,880,697
10686,-178,12829,10856,9150,-205,180,108,13024,10384,9427,1008,803
10696,-151,12998,10729,8791,-90,253,40,13108,10292,9083,1124,837
10706,-124,13131,10591,8518,-20,278,52,13344,9996,8923,1083,834
10716,-140,13203,10546,8404,-22,276,60,13364,10036,8888,1094,805
10726,-152,13309,10433,8406,-42,252,36,13500,9968,9036,1058,777
10736,-172,13442,10284,8484,-69,225,-4,13712,9652,9190,1064,799
10746,-227,13547,10076,8630,-95,184,4,13800,9400,9260,1035,708
10756,-222,13654,9825,8684,-86,161,76,13836,9328,9120,1033,707
10766,-164,13760,9609,8560,-70,152,92,13912,9208,8852,1037,690
10776,-139,13771,9537,8279,-65,147,96,13992,9100,8360,1017,649
10786,-150,13846,9450,7906,-105,103,-44,14052,9060,7985,904,534
10796,-167,13894,9430,7563,-237,28,28,14128,8896,7704,748,419
10806,-221,13992,9290,7332,-355,-63,-20,14228,8852,7513,543,316
10836,-172,14328,8743,6938,-812,-327,-52,14484,8176,7155,170,84
10846,-172,14405,8597,6845,-837,-346,12,14648,7968,7045,161,120
10856,-177,14477,8465,6751,-843,-341,88,14668,7916,6965,178,114
10866,-189,14537,8281,6638,-848,-346,68,14796,7672,6734,145,84
10876,-188,14623,8111,6438,-845,-341,56,14860,7556,6394,207,89
10886,-182,14692,8020,6198,-842,-343,60,14804,7500,6222,174,88
10896,-187,14731,7929,5999,-841,-355,36,14884,7272,6042,181,90
10906,-169,14797,7831,5845,-847,-338,-4,14932,7324,5936,154,108
10916,-166,14847,7735,5729,-852,-337,32,15068,7088,5858,137,121
10926,-176,14908,7601,5669,-848,-341,96,15136,7012,5677,238,61
10936,-203,14963,7372,5551,-824,-342,32,15128,6876,5357,313,139
10946,-211,15006,7340,5273,-774,-303,60,15204,6748,5206,346,167
10956,-177,15040,7317,5123,-703,-264,52,15208,6576,5267,480,195
10966,-196,15091,7225,5121,-618,-250,44,15304,6608,5218,520,245
10976,-193,15124,7100,5109,-557,-199,108,15296,6544,5187,668,275
11026,-176,15336,6601,4760,-142,-84,40,15456,5960,4793,929,380
11036,-178,15369,6510,4712,-177,-87,88,15544,6088,4781,889,345
11046,-174,15376,6462,4729,-227,-109,20,15612,5960,4942,746,280
11056,-192,15437,6264,4802,-294,-146,80,15664,5664,4764,806,287
11066,-149,15470,6126,4729,-322,-160,48,15704,5692,4488,714,294
11076,-165,15502,6074,4581,-342,-176,108,15712,5408,4508,641,218
11086,-175,15526,6004,4481,-411,-190,148,15772,5416,4417,608,238
11096,-194,15566,5893,4386,-467,-210,60,15804,5316,4118,559,226
11106,-153,15598,5732,4262,-505,-228,148,15784,5180,3988,660,221
11116,-177,15623,5725,4064,-501,-226,64,15848,5148,3917,522,184
11126,-150,15643,5663,3976,-504,-238,64,15868,5084,3823,433,158
11136,-185,15667,5508,3911,-612,-275,136,15924,4952,3850,235,69
11146,-148,15692,5444,3793,-722,-294,140,15948,4808,3414,241,96
11156,-168,15728,5368,3629,-773,-324,68,15916,4840,3297,214,91
11166,-174,15732,5143,3441,-796,-327,76,16008,4784,3418,206,69
11216,-184,15858,4882,3328,-889,-353,44,16032,4416,3024,214,58
11226,-178,15862,4840,3109,-844,-341,36,16068,4380,2874,199,42
11236,-185,15880,4821,2982,-872,-341,132,16048,4244,2767,160,75
11246,-186,15892,4770,2928,-881,-358,52,16072,4272,2719,171,63
11256,-192,15911,4688,2847,-824,-341,16,16116,4164,2590,372,128
11265,-182,15923,4700,2740,-658,-305,116,16036,4192,2559,639,128
11276,-177,15926,4643,2721,-446,-286,156,16152,4180,2568,822,194
11286,-198,15940,4528,2746,-318,-261,84,16140,4012,2507,879,223
11296,-201,15958,4442,2702,-299,-210,76,16096,3912,2464,774,280
11306,-131,15982,4419,2597,-400,-193,44,16144,3964,2319,625,163
11316,-155,15999,4313,2491,-498,-265,156,16120,3976,2080,530,162
11326,-181,16000,4286,2292,-542,-279,28,16180,3788,1867,640,152
11335,-169,16011,4267,2092,-476,-266,144,16084,3812,1695,817,150
11345,-183,16010,4243,1949,-330,-244,216,16228,3856,1547,925,223
11355,-136,16038,4188,1810,-202,-243,224,16212,3684,1320,981,123
11386,-314,16014,4167,1231,-418,-448,-132,16220,3780,822,413,76
11396,-191,16038,4133,1152,-581,-315,116,16260,3632,664,563,66
11405,-188,16037,4139,1047,-580,-294,84,16248,3492,504,635,119
11415,-164,16045,4126,943,-508,-276,84,16196,3580,413,775,166
11426,-203,16035,4103,836,-406,-251,144,16204,3652,321,835,174
11436,-196,16044,4053,690,-327,-232,132,16228,3432,-24,830,218
11445,-182,16053,4065,479,-371,-230,84,16240,3572,-201,574,180
11476,-97,16047,4142,247,-1076,-208,316,16212,3756,-323,-5,-65
11486,-141,16030,4183,191,-1104,-307,84,16244,3640,-363,158,2
11496,-187,16024,4171,163,-947,-381,184,16232,3696,-393,222,15
11505,-160,16017,4211,102,-868,-359,72,16308,3676,-366,191,53
11515,-183,16007,4229,133,-919,-361,56,16180,3636,-360,141,8
11526,-161,16033,4175,138,-924,-365,96,16232,3660,-454,120,16
11536,-176,16017,4202,76,-928,-370,128,16232,3700,-513,116,-7
11545,-145,16028,4231,27,-962,-379,112,16216,3700,-571,35,-73
11555,-122,16022,4189,-19,-979,-420,116,16232,3784,-692,92,-174
11566,-143,16018,4181,-144,-970,-493,104,16252,3784,-937,191,-254
11575,-91,16049,4086,-314,-917,-561,-300,16108,3844,-1194,108,-17
11586,-329,15968,4286,-485,-977,-477,268,16284,3548,-1277,-3,-30
11596,-153,16008,4212,-656,-1055,-386,188,16152,3652,-1452,11,-38
11605,-195,15994,4252,-795,-1044,-400,104,16148,3844,-1829,105,-23
11615,-214,15979,4273,-1064,-1019,-380,92,16148,3816,-2115,159,-13
11666,-195,15936,4505,-2248,-1157,-438,64,16080,4008,-3490,-193,-141
11676,-204,15925,4554,-2500,-1225,-446,192,16132,4096,-3874,-235,-138
11686,-192,15903,4642,-2842,-1284,-449,108,16068,4252,-4267,-229,-140
11696,-184,15862,4752,-3185,-1325,-443,100,16012,4436,-4781,-194,-111
11706,-196,15837,4823,-3555,-1308,-431,52,15976,4548,-5254,-166,-131
11716,-206,15809,4927,-3966,-1252,-430,44,15892,4532,-5653,-140,-97
11725,-172,15767,5053,-4368,-1222,-429,40,15944,4692,-6044,-180,-100
11756,-170,15658,5663,-5250,-1379,-466,124,15700,5176,-6904,-301,-160
11765,-170,15542,5775,-5483,-1387,-473,104,15696,5368,-7226,-234,-186
11775,-199,15488,5931,-5755,-1352,-472,28,15696,5556,-7708,-283,-219
11786,-175,15473,5977,-6119,-1390,-494,116,15704,5524,-8176,-382,-259
11796,-174,15391,6128,-6558,-1390,-517,112,15592,5748,-8789,-464,-295
11805,-145,15306,6421,-7454,-1520,-551,76,15472,5964,-9194,-484,-347
11815,-174,15242,6713,-7721,-1577,-602,80,15416,6156,-9292,-563,-343
11846,-147,14994,7290,-8278,-1744,-691,96,15160,6816,-9963,-777,-506
11855,-154,14919,7436,-8430,-1811,-729,64,15028,7096,-10186,-733,-540
11865,-199,14828,7585,-8642,-1804,-744,100,14988,7184,-10516,-675,-501
11875,-218,14716,7815,-8961,-1679,-708,56,14848,7480,-10860,-423,-409
11886,-197,14601,8099,-9225,-1482,-623,132,14780,7660,-10993,-182,-323
11895,-194,14489,8304,-9369,-1317,-555,96,14616,7892,-11215,-111,-274
11945,-104,13856,9444,-10294,-1311,-579,32,14016,8948,-12228,-332,-491
11955,-115,13704,9634,-10403,-1481,-690,40,13872,9276,-12421,-558,-619
11965,-144,13558,9910,-10579,-1677,-831,60,13696,9476,-12510,-748,-795
11975,-214,13364,10190,-10662,-1785,-947,16,13536,9732,-12655,-622,-723
11986,-167,13218,10311,-10788,-1726,-923,100,13296,10044,-12974,-521,-710
11995,-116,12989,10549,-11107,-1621,-884,140,13040,10360,-13464,-483,-711
12006,-63,12776,10891,-11495,-1613,-867,60,12940,10536,-13742,-519,-762
12015,-109,12708,11050,-11725,-1652,-936,52,12728,10764,-13841,-660,-892
12025,-143,12587,11252,-11849,-1757,-1016,28,12648,10880,-13819,-694,-920
12035,-259,12488,11399,-11861,-1800,-1065,-64,12500,11140,-13766,-687,-975
12065,-283,11669,12290,-11459,-1480,-897,-48,11700,12040,-13390,-107,-526
12075,-291,11443,12518,-11434,-1317,-738,-4,11460,12196,-13455,101,-289
12086,-292,11226,12656,-11489,-1121,-551,76,11336,12384,-13640,299,-144
12115,-188,10681,13149,-12284,-850,-238,-12,10716,12716,-14602,388,-68
12126,-138,10467,13459,-12493,-903,-270,4,10408,13192,-14391,217,-159
12135,-170,10176,13864,-12365,-994,-381,-80,10096,13512,-13934,181,-254
12145,-145,9989,14077,-12016,-1007,-467,-28,9932,13624,-13381,64,-404
12155,-165,9722,14179,-11561,-1098,-561,-56,9692,13664,-13157,22,-441
12165,-206,9478,14227,-11274,-1169,-626,-52,9300,13796,-13214,99,-328
12175,-257,9188,14426,-11261,-1111,-598,-144,9100,14180,-13125,190,-203
12225,-6,8064,15200,-11391,-1087,-585,-44,7848,15032,-13039,-177,-945
12235,-28,7748,15473,-11237,-1271,-914,0,7704,14964,-12615,-298,-1200
12245,-140,7563,15653,-10937,-1421,-1222,-80,7616,15248,-12016,-303,-1272
12255,-245,7497,15822,-10476,-1469,-1356,44,8180,14872,-11456,16,-1179
12265,-144,7616,16473,-10061,-1334,-1308,-332,6940,15400,-11105,38,-1081
12275,-398,6831,15979,-9547,-1100,-1325,-228,6876,15288,-10766,-178,-811
12286,-250,6713,15665,-9252,-1207,-1099,-180,6488,15684,-11213,-63,-680
12295,-264,6438,16073,-9384,-1300,-957,-112,6496,15472,-11243,-77,-675
12305,-138,6279,16141,-9524,-1175,-848,-76,6160,15700,-11081,581,-1000
12335,-308,5444,16983,-9098,-1480,-1280,432,5436,16312,-10465,646,-1090
12345,-236,4933,16924,-9106,-1612,-1317,-276,5120,16364,-9171,-332,-687
12355,-748,4895,16686,-8444,-830,-1086,-472,4884,16188,-8213,544,-500
12405,-60,4103,17297,-7435,-955,-459,-28,4092,16340,-8674,299,-170
12416,-314,3656,16051,-7113,-908,-469,-236,3740,15604,-8191,172,-174
12425,-194,3827,17357,-6815,-987,-489,4,4020,17320,-8182,165,-140
12435,-118,3766,17201,-6713,-955,-470,16,3760,16448,-7810,289,-75
12445,-227,3332,16572,-6323,-908,-370,-20,3308,16152,-7288,257,50
12455,-204,3129,17237,-5996,-924,-271,-44,3116,16984,-7150,274,174
12465,-188,2982,17200,-5808,-892,-187,-68,2948,16500,-6746,322,244
12475,-147,2799,16940,-5483,-872,-132,16,2804,16540,-6543,310,265
12486,-67,2789,17131,-5337,-859,-121,76,2888,16796,-6520,298,241
12495,-136,2814,17184,-5282,-885,-154,-64,2940,16744,-6272,276,119
12505,-240,2749,17116,-5083,-917,-272,-148,2744,16616,-6041,248,-40
12516,-172,2605,17149,-4891,-922,-390,20,2604,16664,-5835,221,-73
12525,-145,2365,17210,-4686,-916,-403,20,2320,16808,-5453,252,-33
12535,-190,2155,17243,-4364,-945,-372,-108,2152,16768,-5078,247,-16
12586,-183,1650,17269,-3698,-932,-413,-28,1712,16896,-4594,225,-87
12595,-139,1527,17246,-3603,-933,-424,-76,1472,16796,-4363,224,-77
12605,-206,1411,17318,-3428,-930,-435,-68,1432,16920,-4169,219,-138
12616,-183,1359,17298,-3255,-922,-452,-44,1352,16832,-3957,224,-96
12625,-166,1302,17275,-3066,-909,-458,-48,1328,16888,-3756,261,-47
12635,-172,1237,17327,-2881,-931,-421,-72,1268,16912,-3605,219,-43
12645,-170,1155,17312,-2727,-921,-390,-72,1116,16912,-3490,190,9
12655,-182,1031,17304,-2631,-911,-363,-80,1052,16860,-3387,240,-19
12665,-201,901,17325,-2549,-916,-373,-28,820,16972,-3357,210,-49
12677,-200,828,17325,-2503,-921,-405,-68,780,16928,-3350,210,-80
12687,-169,692,17294,-2506,-923,-447,-28,604,16916,-3357,220,-159
12696,-169,472,17330,-2520,-917,-493,-56,440,16916,-3418,220,-164
12706,-191,269,17333,-2537,-921,-530,-44,252,16952,-3377,205,-205
12716,-124,137,17343,-2523,-912,-559,-76,172,16812,-3340,182,-215
12726,-99,133,17317,-2493,-911,-579,-24,252,16908,-3231,214,-222
12756,-86,801,17322,-2379,-936,-384,108,940,16808,-3025,217,320
12766,-162,883,17191,-2267,-928,-200,-392,824,17088,-1457,-14,609
12776,-381,933,17351,-1598,-973,86,-88,916,17632,185,273,549
12787,-108,599,17830,-123,-870,124,96,696,16320,-868,339,704
12796,-98,638,16783,123,-907,180,80,716,16816,-20,67,952
12806,-57,597,17376,28,-928,353,-148,436,18044,-172,189,999
12816,-274,336,17826,308,-912,472,-276,100,16504,-435,181,830
12866,-53,-255,17497,-142,-908,17,-16,104,16980,-414,197,708
12876,-191,51,17272,-33,-926,115,-100,200,16768,-336,192,671
12887,-158,281,17295,198,-903,202,0,312,16896,-456,182,674
12896,-127,365,17289,139,-908,218,-68,436,16896,-588,179,613
12906,-262,534,17454,-40,-922,59,-124,500,16896,420,225,398
12916,-82,357,17265,446,-884,-74,92,512,16676,-456,244,314
12926,-186,253,17253,359,-879,-123,-36,268,16808,249,112,287
12936,-171,122,17512,493,-908,-120,-72,360,16928,-225,179,330
12946,-152,126,17217,418,-900,-89,-72,192,16788,144,187,338
12956,-187,63,17389,501,-906,-55,-80,144,16844,-96,200,348
12966,-189,75,17386,474,-901,-30,-40,140,16988,199,190,406
12976,-154,-3,17325,541,-915,-20,12,148,16668,-32,235,389
12987,-153,29,17311,511,-909,-62,-60,112,16948,147,178,282
12996,-157,151,17401,532,-901,-161,-36,316,16836,-8,179,188
13006,-168,244,17322,479,-890,-257,-4,232,16972,79,200,21
13016,-179,107,17393,507,-903,-347,-72,112,17024,58,232,48
13027,-217,134,17376,529,-889,-369,-48,196,17004,116,192,41
13036,-181,79,17319,580,-886,-363,0,164,16880,107,199,8
13046,-142,95,17326,552,-910,-360,16,140,16952,-30,249,-31
13056,-167,135,17305,437,-893,-391,-172,272,16904,-115,134,5
13066,-154,49,17258,449,-916,-361,-180,44,17104,147,201,26
13076,-179,155,17417,522,-905,-359,-100,128,16980,-33,168,60
13087,-175,77,17301,485,-896,-368,-40,196,16964,47,186,20
13096,-173,107,17295,490,-900,-363,-128,76,16720,49,184,61
13176,-128,103,17329,504,-899,-367,-92,144,16780,64,185,51
13187,-208,114,17297,500,-901,-364,12,200,17048,22,202,46
13196,-138,115,17390,484,-893,-362,-152,200,16792,84,189,52
13206,-205,106,17294,477,-907,-355,-52,204,16976,-15,182,30
13216,-158,99,17342,484,-898,-355,-68,148,16984,53,168,-5
13226,-199,107,17363,492,-892,-357,-96,196,16880,-15,227,25
13236,-149,109,17324,478,-896,-363,-64,204,16872,37,182,15
13246,-196,99,17326,494,-896,-355,-4,128,16936,40,184,34
13256,-150,109,17378,462,-911,-346,-76,132,16928,34,200,36
13266,-200,108,17294,487,-896,-362,-8,192,16828,53,204,24
13276,-161,119,17337,477,-893,-356,-100,124,16864,20,173,23
13287,-182,110,17361,477,-903,-351,-68,152,16884,36,193,33
13296,-182,112,17319,482,-897,-362,-72,216,16820,42,192,42
13306,-188,101,17326,486,-905,-354,-12,140,17020,43,207,37
13316,-162,124,17350,482,-892,-357,-148,184,16880,22,215,52
13326,-187,95,17329,495,-892,-360,-8,164,16972,13,184,26
13336,-171,102,17335,500,-888,-362,-48,196,16804,19,193,49
13346,-171,92,17342,496,-879,-359,-64,156,16848,59,180,58
13356,-162,91,17318,480,-886,-362,-72,140,16912,49,179,36
13366,-180,109,17331,473,-888,-361,-40,204,16892,63,203,28
13406,-163,109,17343,481,-891,-354,-60,212,16936,60,190,46
13416,-151,99,17322,471,-900,-349,52,196,16900,11,200,1
13426,-170,105,17353,478,-879,-355,-48,212,16828,5,222,29
13436,-165,104,17338,486,-889,-355,-28,236,16828,11,176,26
13446,-177,103,17337,477,-900,-349,-56,252,16888,8,201,26
13456,-176,109,17330,471,-896,-347,-24,156,16800,19,212,19
13466,-167,104,17318,468,-893,-348,-12,184,16868,3,176,46
13506,-174,105,17345,477,-894,-354,-80,168,16936,42,199,32
13516,-167,101,17334,490,-889,-359,-92,172,16840,31,216,-11
13526,-171,96,17325,486,-875,-367,-56,144,16836,19,227,28
13537,-176,110,17344,488,-891,-358,-52,160,16952,28,193,31
13546,-170,116,17346,489,-869,-357,-92,148,16916,30,212,46
13556,-174,106,17344,481,-878,-362,36,140,16968,22,196,53
13566,-169,92,17346,478,-878,-354,16,156,16844,23,204,18
13576,-171,108,17332,482,-891,-353,-80,180,16832,34,193,36
13587,-182,103,17308,462,-889,-348,-44,252,16868,42,175,35
13596,-178,83,17323,470,-875,-356,-32,100,16924,14,194,32
13606,-177,102,17338,462,-894,-351,28,188,16880,22,199,48
13616,-176,102,17337,470,-883,-348,-40,208,16960,23,225,27
13626,-174,101,17323,469,-888,-348,-128,168,16916,34,212,43
13636,-170,98,17351,480,-887,-356,-160,268,16776,7,153,21
13646,-167,96,17335,486,-882,-353,28,188,16928,48,183,35
13656,-178,109,17340,480,-900,-352,-48,172,16864,27,210,30
13666,-163,107,17314,482,-878,-347,-40,160,16788,40,169,23
13676,-164,97,17335,478,-891,-352,-8,184,16788,36,175,34
13687,-171,100,17337,483,-886,-354,-84,156,16832,20,221,1
13696,-189,90,17330,481,-891,-350,-80,184,16864,21,153,42
13706,-168,91,17349,500,-880,-360,-52,224,16988,-1,201,37
13716,-180,108,17329,491,-897,-351,-4,204,16836,52,202,37
13726,-169,96,17327,489,-891,-356,-72,148,16904,39,195,-3
13736,-176,103,17336,480,-877,-358,-64,156,16856,39,173,61
13776,-169,97,17327,479,-882,-353,-36,120,16964,29,171,12
13787,-168,103,17327,465,-880,-353,-84,92,16872,33,214,23
13796,-170,97,17327,483,-888,-357,32,232,16788,-11,197,50
13806,-179,102,17329,484,-893,-349,-28,188,16872,43,212,12
13816,-166,98,17347,473,-881,-348,-100,188,16956,12,207,3
13826,-173,96,17339,473,-885,-355,-68,208,16824,25,226,17
13836,-164,93,17336,471,-897,-342,-108,192,16880,69,181,18
13847,-170,102,17323,488,-875,-354,-80,148,16868,33,188,16
13856,-172,106,17355,488,-875,-355,-28,212,16856,22,215,19
13866,-181,117,17328,484,-895,-352,-36,140,16872,40,183,48
13876,-172,97,17318,479,-867,-351,8,208,16852,35,143,52
13887,-167,94,17341,475,-886,-353,-20,108,16900,8,236,27
13896,-174,109,17337,471,-888,-351,-112,180,16904,8,203,15
13906,-179,107,17323,469,-893,-343,-20,176,16792,34,205,50
13916,-172,96,17337,483,-885,-351,-40,220,16812,24,217,26
13976,-184,104,17341,464,-890,-344,-64,120,16860,14,173,59
13987,-162,108,17340,453,-894,-344,-16,124,16992,53,208,49
13996,-170,98,17355,467,-892,-351,-48,120,16848,37,231,32
14006,-168,111,17350,476,-886,-347,-68,212,16848,28,207,19
14016,-173,99,17327,482,-884,-356,-8,236,16924,51,224,21
14026,-171,88,17342,465,-878,-353,-8,228,16968,-7,199,33
14036,-172,94,17346,469,-878,-351,-12,168,16772,-3,209,21
14046,-168,100,17344,484,-880,-360,-24,124,16808,40,193,36
14056,-173,106,17338,467,-902,-340,-60,192,16876,59,202,41
14066,-177,125,17339,475,-886,-337,-4,172,16860,34,203,24
14076,-188,105,17347,469,-894,-346,-20,168,16832,-11,194,20
14087,-174,99,17334,477,-883,-346,-44,168,16956,33,155,48
14096,-175,104,17344,483,-884,-351,-48,144,16840,16,189,10
14106,-174,95,17345,483,-888,-352,-48,152,16800,36,209,4
14116,-173,93,17335,478,-889,-346,-20,196,16884,2,197,23
14126,-182,98,17335,482,-897,-347,-120,188,16804,26,180,47
14136,-188,90,17344,486,-891,-349,-20,200,17004,20,208,40
14146,-168,105,17345,478,-893,-349,-20,204,16868,47,237,43
14156,-179,107,17332,475,-875,-352,4,176,16940,46,206,31
14166,-176,113,17327,480,-886,-352,-32,68,16880,43,193,32
14176,-183,102,17345,484,-884,-354,-80,200,16876,16,177,48
14187,-175,95,17347,470,-884,-353,-100,112,16948,6,203,22
14196,-183,113,17332,492,-886,-357,-24,168,16836,-9,206,14
14206,-168,121,17348,470,-903,-343,0,180,16912,28,189,34
14246,-175,97,17345,480,-895,-352,-36,172,16876,39,176,29
14256,-177,100,17344,481,-895,-350,-48,208,16816,2,161,25
14266,-183,99,17353,486,-881,-350,-92,160,16936,17,172,54
14276,-172,93,17334,474,-903,-349,48,160,16948,33,202,28
14287,-173,104,17352,473,-877,-355,-72,180,16892,18,196,40
14296,-164,108,17357,464,-882,-350,-116,136,16944,12,198,32
14306,-171,109,17345,482,-886,-353,-84,184,16876,41,210,33
14316,-164,111,17338,490,-894,-345,-56,228,16880,-4,220,20
14326,-178,106,17351,472,-870,-345,-96,168,16852,29,174,52
14336,-167,117,17334,481,-881,-354,-140,72,16984,16,201,14
14346,-169,95,17344,482,-883,-357,-72,180,16908,14,191,40
14356,-166,103,17328,473,-893,-348,-76,228,16820,12,205,32
14366,-161,103,17349,485,-873,-349,-76,224,16896,42,181,54
14376,-170,93,17342,473,-885,-346,-116,212,16956,7,174,25
14387,-176,98,17333,475,-876,-351,-88,172,16900,38,176,17
14396,-172,114,17343,482,-866,-364,4,128,16900,24,205,50
14406,-167,85,17347,484,-878,-358,36,164,16944,30,204,8
14416,-164,111,17352,491,-887,-356,-68,120,16904,8,195,33
14426,-169,103,17347,482,-893,-347,-16,144,16868,51,206,27
14436,-174,106,17347,468,-879,-353,24,112,16812,23,194,34
14446,-177,105,17327,477,-884,-351,-12,212,16824,34,180,5
14456,-172,100,17352,479,-893,-347,-56,172,16832,27,189,36
14466,-171,103,17334,478,-884,-351,-60,124,16888,48,224,33
14476,-187,90,17334,465,-874,-351,-60,176,16960,26,200,10
14516,-190,99,17348,467,-880,-346,0,172,16940,35,171,45
14526,-153,93,17346,469,-881,-349,-40,180,16896,45,233,47
14536,-161,86,17352,485,-882,-352,-68,144,16876,47,201,40
14546,-160,106,17352,484,-877,-361,-96,164,16924,19,190,32
14556,-163,99,17350,479,-877,-353,-72,132,16952,63,188,11
14566,-168,90,17338,479,-885,-352,-12,116,16968,31,192,46
14576,-171,107,17347,471,-875,-344,-52,112,16824,9,202,39
14616,-169,109,17346,472,-883,-347,-44,164,16780,-17,182,55
14626,-177,115,17361,476,-883,-351,-56,144,17004,47,199,52
14636,-183,105,17355,492,-888,-356,-40,216,16892,78,229,32
14646,-163,103,17336,474,-882,-354,-20,192,16944,25,204,32
14656,-162,103,17344,468,-873,-354,-76,184,16948,55,193,36
14666,-172,116,17341,479,-882,-343,-64,164,16888,57,204,52
14678,-182,111,17334,478,-892,-349,-32,244,16820,25,193,21
14688,-161,95,17345,467,-880,-349,-100,164,16936,21,182,44
14697,-181,89,17336,470,-888,-339,-76,244,16920,9,178,51
14707,-164,106,17352,481,-887,-348,-100,140,16872,39,212,28
14717,-158,98,17352,484,-884,-356,-92,140,16936,24,212,58
14727,-170,112,17340,475,-898,-346,-28,208,16896,39,195,2
14737,-176,100,17337,477,-873,-351,-12,152,16832,33,190,37
14747,-160,107,17350,482,-882,-352,-44,208,16944,24,196,7
14757,-163,94,17336,481,-868,-351,-36,124,16860,35,182,64
14767,-169,96,17336,484,-885,-354,-64,204,16924,72,206,66
14777,-174,111,17342,466,-882,-339,-80,180,16808,28,181,10
14788,-173,108,17342,457,-890,-340,0,180,16904,43,176,17
14797,-169,89,17339,467,-883,-343,-28,212,16844,11,210,70
14807,-175,102,17335,478,-876,-340,-52,128,16788,47,195,28
14817,-172,96,17351,484,-881,-353,-144,132,16828,21,202,30
14827,-174,108,17349,472,-884,-347,-36,148,16816,41,199,37
14837,-170,100,17324,479,-892,-342,-72,108,17004,-13,196,32
14847,-167,104,17330,477,-881,-349,4,192,16852,-5,182,7
14888,-183,94,17356,474,-889,-349,24,200,16888,75,211,47
14897,-180,97,17357,468,-887,-341,12,184,16820,76,200,13
14907,-188,96,17327,480,-882,-342,-64,184,16980,24,222,36
14917,-178,99,17351,486,-870,-353,-84,192,16864,26,185,44
14927,-177,104,17347,483,-881,-359,-44,156,16812,64,181,30
14937,-167,105,17340,471,-887,-345,-76,164,16764,74,209,35
14947,-174,110,17345,470,-895,-341,-28,192,16892,24,177,30
14957,-174,93,17338,471,-880,-342,-28,216,16904,47,217,42
14967,-174,110,17339,475,-884,-348,-4,172,16856,37,201,51
14977,-168,75,17338,489,-883,-352,-20,116,16896,34,195,66
14988,-179,104,17335,486,-871,-349,-80,144,16896,13,191,43
14997,-179,99,17333,485,-888,-351,-68,208,16896,26,192,22
