0,-9076,383,14658,387,-815,-253,-8792,636,14200,24,170,46
10,-9056,383,14674,379,-831,-251,-8828,632,14252,35,209,36
20,-9064,387,14688,385,-829,-245,-8796,600,14168,53,205,20
30,-9066,378,14665,385,-817,-252,-8832,624,14192,38,210,1
40,-9062,377,14662,389,-816,-251,-8848,660,14092,19,206,42
50,-9072,394,14653,379,-816,-246,-8812,560,14216,52,208,36
60,-9062,389,14682,386,-806,-249,-8828,596,14200,18,218,36
70,-9068,385,14670,383,-828,-242,-8816,612,14136,40,199,40
80,-9072,386,14668,397,-829,-254,-8820,636,14296,38,206,34
90,-9068,386,14675,387,-826,-253,-8840,560,14216,44,186,47
100,-9073,385,14657,391,-812,-246,-8852,636,14204,85,177,20
110,-9080,380,14652,377,-820,-241,-8824,628,14128,46,194,19
120,-9061,393,14674,388,-806,-250,-8876,584,14156,52,190,36
130,-9083,384,14675,374,-822,-241,-8900,604,14192,62,200,43
140,-9056,398,14679,372,-829,-244,-8788,600,14152,73,201,30
150,-9069,394,14661,387,-817,-248,-8868,612,14184,36,238,13
160,-9077,378,14677,394,-802,-254,-8800,600,14164,68,216,23
170,-9067,383,14666,402,-818,-250,-8812,664,14112,36,202,42
180,-9073,387,14677,389,-822,-251,-8824,628,14168,35,219,13
190,-9066,401,14694,374,-823,-250,-8828,632,14184,49,185,50
200,-9067,394,14669,386,-810,-254,-8788,680,14200,37,217,17
210,-9060,397,14665,400,-815,-256,-8860,612,14052,25,218,17
220,-9073,389,14677,385,-823,-254,-8864,680,14200,39,208,26
230,-9065,406,14684,385,-825,-255,-8864,576,14192,14,188,46
240,-9067,392,14648,393,-817,-262,-8824,588,14188,12,181,14
250,-9066,404,14679,394,-818,-259,-8856,564,14184,36,172,19
260,-9074,403,14673,385,-818,-253,-8844,688,14164,65,188,41
270,-9069,400,14671,383,-809,-253,-8768,652,14228,11,193,21
280,-9071,398,14669,379,-823,-255,-8868,664,14216,39,202,-10
290,-9073,392,14666,384,-821,-263,-8840,616,14204,3,183,29
300,-9076,401,14658,382,-824,-257,-8856,572,14128,31,184,-5
310,-9074,394,14653,368,-817,-258,-8928,644,14104,33,173,-2
320,-9074,390,14661,373,-819,-258,-8828,680,14152,33,208,33
330,-9094,406,14670,391,-819,-262,-8860,576,14228,17,173,22
340,-9056,396,14664,384,-823,-255,-8824,640,14216,12,172,16
350,-9069,394,14656,372,-822,-253,-8880,644,14168,36,219,33
360,-9060,396,14676,366,-814,-254,-8872,668,14208,20,223,-2
370,-9058,398,14665,380,-800,-256,-8876,616,14172,14,176,-9
380,-9072,401,14641,357,-814,-253,-8808,664,14204,-17,191,38
390,-9064,389,14659,361,-822,-254,-8812,624,14224,22,219,6
400,-9082,406,14671,376,-823,-259,-8828,620,14208,32,227,-4
410,-9079,409,14678,372,-828,-255,-8800,620,14172,43,204,41
420,-9077,383,14660,374,-807,-262,-8824,624,14224,-7,224,39
460,-9065,388,14669,374,-828,-256,-8924,692,14176,20,163,29
470,-9080,397,14677,379,-821,-265,-8900,644,14100,33,214,37
480,-9067,390,14669,368,-803,-258,-8804,564,14192,11,214,13
490,-9057,389,14665,365,-841,-248,-8844,624,14328,12,212,17
500,-9071,388,14662,368,-821,-256,-8812,572,14248,18,203,26
510,-9081,378,14661,366,-819,-263,-8884,596,14140,20,211,51
520,-9068,372,14661,374,-814,-266,-8860,616,14232,44,202,14
560,-9070,392,14661,367,-822,-265,-8848,604,14168,43,204,60
570,-9069,394,14678,377,-818,-257,-8884,600,14152,33,206,15
580,-9064,377,14660,390,-814,-262,-8876,632,14100,21,203,44
590,-9086,399,14666,373,-827,-251,-8868,576,14104,14,203,19
600,-9065,395,14657,363,-838,-248,-8828,576,14240,22,189,7
610,-9068,382,14664,384,-815,-257,-8796,620,14144,21,186,39
620,-9068,379,14661,373,-811,-255,-8840,560,14224,46,217,18
630,-9079,387,14661,363,-822,-249,-8888,580,14096,9,183,24
640,-9059,375,14646,368,-808,-248,-8796,600,14332,38,210,11
650,-9068,385,14653,390,-810,-259,-8836,604,14236,43,221,34
660,-9066,390,14665,392,-818,-264,-8916,600,14124,28,231,21
670,-9063,387,14671,392,-812,-256,-8844,588,14224,27,193,25
680,-9064,390,14662,392,-817,-259,-8796,568,14156,41,214,30
690,-9059,378,14666,391,-806,-253,-8832,576,14056,36,215,38
700,-9071,394,14676,394,-821,-253,-8828,644,14208,46,216,34
740,-9083,396,14663,392,-824,-248,-8788,668,14112,17,198,48
750,-9064,373,14687,381,-824,-243,-8852,652,14228,14,202,29
760,-9069,395,14684,373,-832,-242,-8784,572,14208,70,178,40
770,-9073,399,14662,391,-807,-252,-8928,632,14152,20,181,31
780,-9083,397,14661,396,-818,-248,-8784,632,14184,26,236,55
790,-9074,399,14656,404,-817,-252,-8852,568,14224,50,204,12
800,-9077,389,14670,390,-802,-250,-8868,632,14152,60,217,32
810,-9076,384,14662,374,-822,-242,-8828,648,14172,48,175,29
820,-9066,397,14655,368,-829,-238,-8828,616,14172,54,174,43
830,-9065,397,14673,403,-824,-250,-8856,572,14164,30,201,29
840,-9049,390,14670,392,-821,-252,-8888,712,14228,45,206,17
850,-9068,393,14664,386,-819,-251,-8884,624,14244,40,183,9
860,-9067,401,14658,384,-820,-252,-8820,560,14292,35,204,15
870,-9085,391,14670,376,-827,-246,-8864,576,14180,36,225,37
880,-9054,391,14673,386,-822,-243,-8840,620,14084,64,174,55
920,-9083,392,14660,392,-822,-260,-8844,592,14212,21,200,34
930,-9062,386,14661,382,-812,-257,-8836,660,14168,14,196,29
940,-9064,377,14682,385,-815,-255,-8884,624,14144,11,195,44
950,-9058,383,14665,378,-829,-248,-8892,648,14052,22,215,40
960,-9066,389,14666,380,-814,-254,-8824,628,14256,8,223,8
970,-9078,401,14670,381,-822,-256,-8848,660,14260,20,229,38
980,-9080,382,14679,366,-825,-250,-8828,616,14196,10,197,21
990,-9072,380,14666,374,-819,-255,-8780,620,14128,23,188,29
1000,-9080,400,14672,373,-822,-257,-8820,604,14144,55,205,30
1010,-9069,391,14673,379,-810,-261,-8848,660,14260,16,205,2
1020,-9085,392,14661,379,-810,-263,-8808,592,14164,6,204,28
1031,-9070,401,14671,387,-807,-266,-8832,636,14312,10,231,11
1041,-9060,385,14670,369,-818,-257,-8904,656,14256,33,199,4
1051,-9071,389,14666,381,-814,-257,-8796,740,14084,5,220,-27
1061,-9075,389,14668,371,-829,-510,-8860,632,14248,37,204,30
1091,-9067,385,14659,358,-835,-243,-8820,576,14220,-7,204,28
1101,-9058,388,14673,372,-818,-263,-8872,680,14216,11,209,22
1111,-9056,391,14672,370,-829,-261,-8772,588,14128,4,211,31
1121,-9064,377,14670,374,-810,-261,-8860,660,14124,36,207,9
1131,-9063,395,14663,379,-826,-266,-8836,672,14084,44,191,14
1141,-9070,395,14679,373,-823,-259,-8860,620,14128,-4,184,23
1151,-9082,397,14666,386,-819,-259,-8820,628,14208,4,159,33
1161,-9065,390,14675,378,-817,-261,-8820,632,14076,27,228,16
1191,-9071,393,14664,371,-817,-251,-8860,640,14236,28,189,27
1201,-9082,394,14664,381,-817,-258,-8820,656,14264,11,217,1
1211,-9074,387,14668,380,-823,-257,-8864,608,14208,21,188,25
1221,-9055,399,14669,379,-819,-255,-8732,628,14140,42,186,-9
1231,-9083,395,14659,383,-818,-256,-8884,616,14092,23,192,0
1241,-9083,383,14671,361,-820,-250,-8820,624,14244,25,197,2
1251,-9070,371,14663,381,-817,-247,-8804,604,14244,43,184,22
1261,-9061,382,14674,375,-824,-247,-8824,628,14260,58,223,16
1271,-9081,383,14674,386,-820,-258,-8860,616,14180,36,178,31
1281,-9060,393,14663,380,-814,-255,-8904,620,14236,20,229,23
1291,-9089,380,14660,383,-797,-260,-8864,604,14216,36,225,37
1301,-9065,405,14681,389,-821,-260,-8800,608,14208,61,214,48
1311,-9088,389,14657,394,-812,-263,-8868,628,14220,11,179,8
1321,-9065,391,14662,405,-802,-260,-8840,572,14236,49,189,37
1331,-9069,377,14650,377,-816,-251,-8844,628,14288,17,215,18
1341,-9066,379,14669,379,-819,-248,-8816,600,14212,74,188,48
1371,-9082,401,14658,382,-820,-252,-8888,576,14200,62,227,50
1381,-9104,386,14665,384,-818,-245,-8868,652,14224,26,214,35
1391,-9077,395,14657,371,-814,-245,-8844,660,14232,35,194,55
1401,-9076,376,14679,393,-824,-255,-8832,640,14260,36,217,30
1411,-9078,365,14667,387,-822,-244,-8876,604,14120,57,208,14
1421,-9078,392,14666,386,-804,-250,-8856,588,14164,26,222,58
1431,-9074,382,14648,377,-800,-249,-8800,604,14180,6,170,48
1441,-9055,397,14664,394,-803,-252,-8812,628,14236,48,185,23
1451,-9055,390,14675,381,-816,-253,-8824,668,14192,23,207,15
1461,-9079,386,14660,377,-817,-250,-8760,620,14148,55,211,12
1471,-9073,393,14665,385,-816,-248,-8880,668,14252,70,196,44
1481,-9078,397,14673,393,-809,-250,-8816,616,14364,29,197,27
1491,-9054,390,14667,368,-827,-244,-8836,556,14156,44,178,45
1501,-9059,385,14665,390,-814,-247,-8876,612,14124,52,210,58
1511,-9068,390,14667,391,-824,-249,-8836,620,14228,15,197,27
1521,-9071,389,14661,389,-818,-254,-8888,604,14128,15,204,31
1551,-9062,395,14660,399,-813,-259,-8880,576,14076,37,215,9
1561,-9063,389,14672,378,-812,-256,-8908,616,14172,5,197,18
1571,-9054,388,14657,382,-810,-261,-8812,632,14284,-1,202,29
1581,-9066,394,14669,376,-825,-250,-8892,664,14240,29,223,6
1591,-9067,385,14677,371,-813,-247,-8868,640,14176,12,193,36
1601,-9079,402,14654,374,-806,-250,-8876,652,14168,14,216,22
1611,-9075,381,14660,379,-816,-257,-8808,604,14092,2,187,-4
1621,-9063,378,14672,371,-812,-253,-8820,632,14228,8,193,33
1651,-9075,397,14673,381,-807,-262,-8820,616,14160,21,217,21
1661,-9078,385,14673,363,-817,-260,-8836,648,14188,30,199,45
1671,-9068,396,14663,371,-812,-261,-8868,636,14280,24,218,15
1681,-9054,389,14671,376,-823,-256,-8852,572,14148,33,198,29
1691,-9080,389,14665,369,-818,-252,-8864,588,14100,6,183,-4
1701,-9062,385,14654,370,-805,-258,-8820,612,14276,-6,214,4
1711,-9059,393,14674,371,-813,-254,-8848,600,14212,67,194,40
1721,-9077,386,14662,363,-816,-255,-8896,644,14212,19,222,31
1731,-9073,381,14660,380,-811,-266,-8860,608,14164,4,184,11
1741,-9070,387,14648,374,-800,-263,-8812,648,14228,22,179,23
1751,-9081,378,14662,377,-821,-257,-8900,632,14168,30,214,1
1781,-9069,394,14682,372,-802,-261,-8868,572,14092,18,184,33
1791,-9074,388,14667,377,-797,-271,-8836,648,14132,28,203,-2
1801,-9061,390,14672,373,-803,-264,-8796,688,14160,14,216,29
1811,-9053,366,14666,370,-816,-262,-8800,616,14216,20,197,-4
1821,-9059,391,14670,386,-813,-259,-8836,568,14164,35,203,39
1831,-9080,383,14647,370,-826,-249,-8780,592,14272,58,160,37
1841,-9067,388,14673,370,-807,-248,-8868,604,14176,10,169,46
1851,-9061,385,14662,365,-809,-244,-8836,656,14104,64,188,27
1861,-9081,382,14649,368,-810,-252,-8840,696,14180,34,216,22
1871,-9071,390,14658,360,-819,-245,-8792,648,14140,33,200,45
1881,-9074,392,14641,368,-806,-245,-8832,624,14132,31,199,23
1891,-9060,385,14675,355,-813,-248,-8840,612,14232,30,180,28
1921,-9069,387,14669,383,-806,-263,-8892,628,14244,28,203,58
1931,-9058,390,14663,379,-815,-252,-8904,544,14100,72,194,37
1941,-9068,385,14655,367,-817,-236,-8836,668,14200,55,166,25
1951,-9066,375,14667,373,-811,-249,-8816,620,14188,53,199,14
1961,-9060,401,14655,375,-813,-249,-8840,604,14208,13,202,1
1971,-9059,370,14645,376,-829,-250,-8904,708,14248,39,212,43
1981,-9051,382,14660,375,-829,-244,-8884,636,14200,32,221,15
1991,-9070,368,14674,383,-810,-249,-8860,640,14188,43,166,31
2001,-9092,379,14649,386,-799,-256,-8856,580,14156,28,216,13
2011,-9065,381,14656,391,-785,-255,-8864,576,14116,72,175,28
2021,-9059,383,14644,383,-809,-252,-8832,668,14224,-2,250,15
2031,-9083,390,14668,383,-800,-249,-8880,540,14144,-2,194,47
2041,-9068,379,14656,391,-808,-253,-8836,552,14168,31,232,37
2051,-9073,389,14674,381,-811,-248,-8860,548,14092,18,208,39
2061,-9068,375,14641,385,-808,-246,-8844,592,14216,31,227,45
2071,-9071,391,14649,390,-806,-250,-8736,648,14128,41,205,32
2101,-9073,390,14653,387,-818,-248,-8876,656,14084,27,210,22
2111,-9072,385,14651,384,-800,-243,-8852,604,14240,39,187,39
2121,-9081,386,14668,386,-807,-250,-8900,652,14064,31,197,31
2131,-9076,395,14666,391,-803,-255,-8840,628,14188,35,213,50
2141,-9063,373,14637,396,-807,-252,-8804,628,14140,76,212,18
2151,-9077,377,14660,380,-808,-250,-8808,564,14188,18,209,13
2161,-9075,389,14640,380,-789,-259,-8908,548,14080,36,193,17
2171,-9057,392,14660,369,-802,-248,-8820,576,14144,17,178,16
2201,-9075,383,14642,367,-806,-257,-8844,676,14128,33,202,30
2211,-9077,388,14665,377,-814,-248,-8844,620,14140,24,219,27
2221,-9076,377,14644,381,-801,-246,-8856,588,14188,1,193,48
2231,-9082,388,14646,367,-817,-249,-8884,656,14128,7,213,37
2241,-9063,393,14658,380,-795,-260,-8748,620,14088,32,171,42
2251,-9070,393,14666,376,-805,-249,-8856,612,14104,26,197,11
2261,-9066,372,14662,365,-812,-250,-8836,624,14168,35,213,26
2271,-9078,395,14659,369,-801,-251,-8836,576,14120,16,206,18
2281,-9064,388,14660,389,-809,-264,-8836,560,14264,29,195,28
2291,-9061,379,14638,384,-803,-265,-8852,664,14168,13,209,14
2301,-9064,384,14662,380,-805,-262,-8892,640,14180,28,180,5
2311,-9059,378,14652,378,-800,-260,-8876,628,14144,-1,213,29
2321,-9063,390,14662,370,-813,-261,-8828,688,14232,24,206,36
2331,-9072,395,14643,365,-804,-254,-8820,620,14188,26,204,8
2341,-9075,392,14657,356,-807,-252,-8892,592,14112,31,211,3
2351,-9077,390,14670,365,-804,-252,-8856,656,14192,35,190,0
2381,-9066,393,14658,369,-814,-251,-8868,592,14064,35,203,28
2391,-9081,372,14651,367,-802,-261,-8848,592,14268,13,209,22
2401,-9062,375,14667,372,-798,-263,-8868,604,14164,34,213,28
2411,-9079,385,14653,373,-806,-260,-8852,596,14104,49,197,4
2421,-9061,386,14665,376,-806,-258,-8832,576,14148,16,189,23
2431,-9074,388,14666,364,-801,-254,-8856,636,14216,6,181,18
2441,-9057,392,14662,372,-799,-260,-8816,604,14104,25,189,34
2451,-9062,381,14652,360,-809,-250,-8796,608,14156,44,175,26
2461,-9069,382,14647,371,-804,-247,-8884,636,14184,9,197,22
2471,-9076,394,14657,372,-803,-257,-8836,620,14152,55,232,35
2481,-9078,391,14647,353,-806,-242,-8840,652,14292,51,186,-7
2491,-9081,393,14654,364,-798,-253,-8876,568,14200,19,208,23
2501,-9070,370,14646,358,-816,-242,-8800,636,14224,24,211,20
2511,-9068,374,14644,362,-812,-245,-8884,540,14120,25,226,35
2521,-9068,375,14651,366,-800,-244,-8832,588,14148,17,210,64
2531,-9073,382,14653,363,-810,-247,-8824,644,14168,20,186,9
2561,-9082,376,14667,377,-802,-252,-8884,612,14260,38,208,24
2571,-9064,400,14658,369,-802,-253,-8876,648,14220,31,191,44
2581,-9069,395,14653,378,-805,-246,-8812,636,14224,25,205,23
2591,-9074,396,14663,378,-809,-241,-8856,612,14100,57,201,32
2601,-9068,386,14649,382,-810,-249,-8832,612,14144,77,184,35
2611,-9065,382,14666,373,-821,-243,-8824,568,14100,47,196,51
2621,-9078,374,14646,394,-791,-252,-8844,552,14220,37,206,23
2651,-9072,380,14662,360,-806,-241,-8788,596,14172,36,194,35
2661,-9074,391,14659,355,-812,-241,-8792,604,14336,33,249,24
2671,-9056,388,14644,374,-815,-241,-8880,564,14180,25,183,41
2681,-9062,384,14654,376,-810,-242,-8776,640,14176,51,185,19
2691,-9070,375,14653,368,-806,-245,-8844,608,14184,35,215,33
2701,-9078,382,14653,376,-805,-245,-8864,572,14148,43,194,41
2711,-9061,378,14664,386,-807,-245,-8860,632,14164,48,225,22
2721,-9065,383,14660,381,-800,-249,-8896,552,14244,17,219,22
2751,-9067,380,14659,377,-798,-250,-8872,620,14120,32,220,30
2761,-9063,406,14671,381,-798,-250,-8864,580,14108,46,198,49
2771,-9066,398,14639,378,-812,-248,-8784,532,14140,28,182,51
2781,-9055,383,14650,384,-821,-245,-8864,576,14204,19,227,34
2791,-9058,386,14648,386,-796,-249,-8876,524,14192,44,229,34
2801,-9068,387,14644,385,-796,-254,-8868,664,14292,50,207,25
2811,-9056,384,14650,380,-804,-254,-8844,596,14192,41,192,33
2821,-9064,392,14654,358,-809,-251,-8816,656,14120,18,192,42
2831,-9073,392,14630,377,-810,-250,-8812,648,14204,25,190,38
2841,-9074,385,14644,362,-807,-246,-8836,588,14216,30,184,47
2851,-9077,381,14645,366,-806,-239,-8844,580,14116,23,171,30
2861,-9069,380,14657,373,-819,-243,-8768,652,14180,9,196,50
2871,-9076,399,14644,369,-795,-253,-8828,564,14320,41,161,22
2881,-9065,398,14648,378,-815,-250,-8812,628,14124,16,185,35
2891,-9066,385,14665,392,-792,-257,-8888,580,14104,28,201,35
2901,-9067,375,14650,394,-796,-258,-8844,604,14244,10,182,45
2931,-9069,378,14645,375,-793,-254,-8824,596,14264,37,196,19
2941,-9069,380,14661,368,-803,-264,-8900,712,14208,11,185,6
2951,-9082,391,14647,372,-811,-255,-8844,684,14180,40,219,40
2961,-9066,385,14640,368,-813,-249,-8848,668,14204,2,180,25
2971,-9060,386,14642,357,-800,-250,-8852,604,14184,9,199,5
2981,-9065,389,14654,381,-787,-267,-8900,600,14236,65,180,27
2991,-9070,386,14657,367,-790,-262,-8900,560,14232,4,207,8
3001,-9074,364,14649,367,-802,-255,-8848,644,14124,31,232,41
3011,-9065,387,14644,353,-809,-253,-8872,616,14100,16,151,30
3021,-9067,390,14655,360,-814,-251,-8856,624,14168,24,205,30
3032,-9081,398,14651,358,-795,-247,-8864,688,14028,53,209,30
3042,-9071,396,14647,361,-818,-248,-8832,624,14268,30,192,12
3052,-9070,394,14649,353,-816,-242,-8876,640,14216,32,215,22
3062,-9084,382,14655,362,-812,-249,-8836,672,14204,3,161,24
3072,-9083,391,14659,368,-816,-251,-8844,640,14208,38,191,28
3082,-9075,382,14657,362,-811,-246,-8880,632,14216,12,194,22
3112,-9083,385,14659,351,-800,-246,-8848,636,14284,29,217,-12
3122,-9072,380,14648,361,-805,-244,-8836,640,14096,-1,192,-9
3132,-9072,373,14638,373,-796,-257,-8828,656,14088,21,190,49
3142,-9060,378,14659,385,-816,-257,-8828,648,14252,-2,191,15
3152,-9064,400,14651,374,-825,-251,-8784,672,14160,38,203,49
3162,-9074,374,14661,372,-799,-257,-8832,620,14236,48,197,32
3172,-9081,372,14649,357,-800,-249,-8876,568,14112,53,169,32
3182,-9077,374,14652,363,-805,-250,-8880,640,14172,33,205,37
3212,-9079,379,14644,357,-809,-237,-8816,584,14132,18,228,41
3222,-9072,381,14657,375,-808,-247,-8804,588,14216,53,177,18
3232,-9082,377,14646,384,-810,-248,-8848,620,14232,28,221,48
3242,-9069,390,14666,388,-797,-253,-8800,612,14148,46,196,35
3252,-9072,404,14648,377,-812,-246,-8864,604,14264,15,198,12
3262,-9070,376,14641,372,-799,-248,-8896,584,14160,15,179,21
3272,-9067,377,14663,368,-815,-235,-8816,592,14272,14,201,2
3282,-9063,366,14657,381,-805,-247,-8836,684,14136,40,198,18
3292,-9064,380,14663,369,-809,-247,-8788,672,14136,30,214,15
3302,-9078,378,14628,377,-809,-247,-8840,616,14204,35,213,36
3312,-9079,376,14656,375,-816,-240,-8824,672,14196,11,257,17
3342,-9071,374,14652,378,-797,-245,-8888,616,14244,49,185,34
3352,-9066,381,14630,362,-812,-249,-8852,600,14164,-1,207,42
3362,-9061,391,14652,387,-802,-252,-8844,680,14288,23,201,30
3372,-9074,385,14661,375,-810,-246,-8824,628,14268,63,182,57
3382,-9063,398,14646,388,-802,-247,-8840,656,14152,40,171,28
3392,-9073,392,14650,385,-796,-249,-8820,652,14256,57,205,42
3402,-9072,389,14667,384,-791,-253,-8872,616,14260,9,187,17
3412,-9068,390,14643,378,-798,-243,-8832,620,14124,38,182,33
3422,-9060,383,14680,373,-803,-247,-8840,604,14136,45,190,41
3432,-9070,394,14652,380,-809,-256,-8864,620,14184,31,232,6
3442,-9073,383,14631,366,-811,-241,-8848,676,14200,47,231,26
3452,-9071,393,14656,365,-820,-244,-8848,616,14220,49,213,-33
3462,-9072,373,14673,381,-814,-244,-8840,628,14144,24,199,35
3472,-9078,383,14648,366,-805,-245,-8800,564,14280,25,189,27
3482,-9063,380,14657,368,-801,-251,-8836,692,14196,24,205,38
3492,-9087,393,14648,373,-801,-252,-8824,668,14244,30,201,9
3522,-9068,387,14639,376,-809,-247,-8852,528,14212,24,189,39
3532,-9078,404,14655,371,-802,-250,-8868,664,14200,24,189,31
3542,-9074,380,14653,373,-796,-242,-8824,628,14212,21,184,-4
3552,-9060,386,14651,357,-832,-243,-8896,588,14252,37,192,5
3562,-9074,377,14654,377,-806,-257,-8788,556,14052,29,193,26
3572,-9066,379,14659,368,-802,-252,-8800,632,14228,49,210,18
3582,-9090,384,14653,371,-810,-253,-8852,596,14028,12,173,43
3592,-9088,387,14659,366,-812,-254,-8884,652,14156,17,202,25
3602,-9067,386,14652,370,-809,-257,-8820,652,14120,22,215,33
3612,-9075,378,14676,367,-815,-251,-8836,572,14292,27,208,21
3622,-9077,372,14651,368,-811,-250,-8940,620,14184,10,214,44
3632,-9051,375,14664,364,-792,-256,-8804,624,14172,15,203,45
3662,-9063,379,14670,380,-823,-249,-8908,680,14220,23,196,22
3672,-9065,370,14666,373,-813,-250,-8788,612,14188,17,200,32
3682,-9075,386,14646,377,-797,-255,-8820,652,14236,4,195,4
3692,-9068,372,14650,377,-791,-258,-8800,620,14204,19,175,24
3722,-9080,385,14640,383,-799,-256,-8904,564,14128,16,196,4
3732,-9059,380,14671,365,-803,-251,-8852,640,14080,37,204,24
3742,-9075,381,14654,367,-813,-246,-8828,576,14128,34,210,55
3752,-9082,379,14662,377,-795,-256,-8856,640,14184,37,221,38
3762,-9067,392,14656,368,-829,-240,-8860,604,14204,40,204,32
3772,-9070,392,14664,375,-808,-252,-8840,576,14124,30,178,20
3782,-9074,359,14665,366,-820,-246,-8828,660,14220,-4,184,5
3792,-9059,387,14661,371,-815,-248,-8800,576,14120,-15,200,32
3802,-9078,382,14651,380,-819,-249,-8880,608,14164,-8,223,26
3812,-9066,382,14651,368,-809,-252,-8844,608,14184,13,219,5
3822,-9058,375,14654,375,-798,-258,-8808,604,14204,29,180,23
3832,-9082,365,14671,366,-805,-246,-8840,628,14228,6,186,3
3862,-9069,377,14656,375,-810,-247,-8804,584,14168,39,197,46
3872,-9064,379,14675,370,-806,-254,-8824,604,14200,23,227,46
3882,-9064,374,14662,376,-812,-249,-8784,648,14180,48,199,32
3892,-9058,382,14660,371,-813,-250,-8860,676,14088,14,176,7
3902,-9068,386,14657,371,-812,-253,-8856,568,14152,63,218,23
3912,-9066,393,14657,381,-800,-252,-8844,668,14248,29,164,23
3922,-9079,385,14675,387,-807,-249,-8864,596,14044,36,176,25
3932,-9077,376,14652,363,-817,-246,-8924,648,14164,25,198,16
3942,-9070,383,14670,380,-804,-251,-8808,632,14268,39,186,21
3952,-9076,396,14671,379,-795,-247,-8868,608,14304,35,194,43
3962,-9057,387,14655,377,-808,-249,-8816,600,13996,39,188,29
3972,-9071,383,14651,381,-808,-246,-8832,580,14228,63,196,46
3982,-9080,385,14660,385,-805,-248,-8852,612,14200,22,190,-7
3992,-9077,376,14662,380,-822,-247,-8884,652,14208,63,209,15
4002,-9084,382,14648,385,-807,-249,-8820,628,14212,46,213,33
4012,-9062,371,14654,366,-813,-236,-8816,616,14136,49,171,22
4042,-9081,386,14658,381,-821,-242,-8872,632,14288,48,206,25
4052,-9065,372,14652,384,-801,-248,-8852,628,14152,66,201,15
4062,-9058,400,14662,378,-811,-250,-8864,548,14104,69,219,23
4072,-9068,376,14663,373,-813,-243,-8804,588,14264,-1,222,-17
4082,-9055,379,14660,378,-807,-247,-8944,680,14176,34,182,37
4092,-9061,380,14669,390,-801,-258,-8868,652,14192,16,193,12
4102,-9083,381,14671,376,-807,-252,-8828,624,14188,37,196,21
4112,-9056,390,14654,367,-810,-245,-8860,576,14160,44,199,75
4142,-9082,390,14658,366,-827,-239,-8792,624,14240,34,202,18
4152,-9081,392,14660,376,-812,-249,-8764,596,14016,19,186,40
4162,-9060,386,14658,365,-792,-250,-8732,640,14124,28,184,25
4172,-9080,396,14665,374,-817,-258,-8820,612,14160,19,183,53
4182,-9056,386,14659,377,-815,-255,-8844,624,14184,27,198,35
4192,-9083,381,14655,383,-805,-264,-8868,596,14204,31,187,2
4202,-9066,398,14660,364,-814,-252,-8844,632,14196,10,202,13
4212,-9061,383,14666,383,-805,-258,-8844,596,14208,18,165,24
4222,-9071,391,14673,376,-804,-262,-8828,536,14216,33,191,5
4232,-9072,391,14664,374,-807,-257,-8824,612,14240,32,236,-7
4242,-9081,386,14663,372,-801,-255,-8844,648,14100,30,213,1
4252,-9068,378,14669,369,-806,-253,-8860,572,14192,2,201,25
4262,-9067,380,14642,379,-785,-264,-8900,568,14192,26,211,57
4272,-9082,392,14657,372,-817,-257,-8856,592,14184,38,204,31
4282,-9076,386,14657,367,-809,-256,-8884,628,14096,35,183,17
4312,-9061,377,14670,368,-808,-256,-8848,636,14152,12,210,34
4322,-9067,370,14666,375,-799,-261,-8964,708,14200,27,207,27
4332,-9069,389,14657,374,-812,-255,-8836,596,14168,23,199,17
4342,-9058,390,14644,367,-815,-250,-8868,632,14224,16,215,62
4352,-9070,382,14678,368,-812,-251,-8872,560,14232,-13,209,-2
4362,-9078,382,14667,358,-813,-245,-8748,608,14068,27,190,17
4372,-9072,382,14655,377,-808,-260,-8844,624,14272,44,218,33
4382,-9069,377,14650,357,-806,-247,-8836,624,14188,63,190,20
4412,-9072,386,14654,379,-812,-257,-8812,672,14172,16,180,11
4422,-9063,372,14667,385,-803,-266,-8852,660,14140,10,192,59
4432,-9073,379,14680,378,-815,-252,-8828,612,14248,46,181,22
4442,-9068,376,14679,368,-816,-253,-8796,580,14220,52,175,10
4452,-9073,377,14676,371,-821,-246,-8868,632,14268,51,188,20
4462,-9083,383,14662,376,-813,-257,-8800,616,14144,28,156,24
4472,-9067,392,14666,378,-802,-250,-8856,568,14300,-1,186,20
4482,-9065,399,14666,380,-816,-254,-8844,636,14260,38,218,39
4492,-9070,384,14671,358,-815,-242,-8808,632,14116,-3,221,10
4502,-9076,379,14666,375,-822,-248,-8832,596,14168,8,218,17
4512,-9075,383,14662,377,-804,-250,-8800,616,14168,19,196,20
4542,-9071,378,14658,372,-803,-253,-8884,612,14148,37,168,6
4552,-9062,382,14666,384,-790,-256,-8836,616,14212,32,216,23
4562,-9068,382,14671,386,-811,-245,-8864,604,14192,22,179,21
4572,-9086,383,14657,381,-814,-244,-8840,596,14240,43,211,20
4582,-9068,381,14684,387,-808,-248,-8856,604,14132,24,194,36
4592,-9059,372,14666,376,-815,-255,-8920,640,14220,32,202,24
4602,-9070,386,14666,369,-825,-250,-8848,596,14240,29,226,47
4612,-9083,365,14653,369,-824,-245,-8840,640,14236,45,217,8
4622,-9075,378,14658,381,-818,-250,-8780,608,14112,16,196,32
4632,-9071,384,14662,382,-822,-250,-8840,644,14176,18,188,32
4642,-9076,382,14653,377,-819,-249,-8808,684,14160,7,178,49
4652,-9074,383,14659,376,-829,-234,-8840,668,14236,0,187,34
4662,-9065,394,14674,389,-806,-247,-8864,588,14204,60,181,45
4672,-9074,387,14661,396,-799,-251,-8856,628,14232,22,206,25
4682,-9075,375,14652,389,-822,-254,-8860,644,14092,-5,181,-2
4692,-9088,389,14660,383,-818,-251,-8824,628,14140,56,236,29
4702,-9060,388,14669,372,-811,-245,-8840,672,14196,22,219,41
4712,-9082,398,14662,374,-811,-249,-8872,620,14128,22,205,33
4722,-9055,392,14670,385,-800,-251,-8812,600,14172,6,209,43
4732,-9082,374,14666,366,-809,-247,-8900,556,14180,41,225,37
4742,-9075,387,14662,375,-819,-246,-8888,604,14256,33,226,12
4772,-9063,383,14659,382,-791,-257,-8880,584,14320,27,202,46
4782,-9064,396,14654,378,-817,-252,-8856,668,14212,59,220,-3
4792,-9072,398,14664,389,-811,-256,-8868,592,14264,8,189,27
4802,-9065,386,14644,366,-817,-246,-8804,620,14260,33,213,30
4812,-9056,395,14671,358,-823,-249,-8876,608,14200,29,218,8
4822,-9072,392,14652,387,-806,-264,-8816,600,14128,13,171,9
4831,-9060,392,14664,380,-816,-259,-8828,576,14228,20,203,21
4842,-9057,381,14659,367,-807,-250,-8840,600,14260,36,215,8
4872,-9076,385,14665,379,-808,-257,-8816,560,14164,41,181,32
4882,-9070,390,14667,388,-802,-259,-8860,604,14176,34,194,15
4892,-9071,376,14666,379,-801,-264,-8824,572,14188,36,183,7
4902,-9066,390,14659,381,-807,-260,-8840,612,14184,-3,192,16
4912,-9072,384,14657,353,-813,-248,-8884,652,14152,14,178,9
4922,-9055,400,14681,369,-814,-253,-8828,608,14196,50,176,7
4932,-9078,387,14663,366,-817,-252,-8852,608,14204,6,219,55
4942,-9066,402,14664,367,-809,-252,-8872,580,14212,5,211,18
4952,-9066,391,14649,364,-821,-254,-8804,640,14192,9,206,8
4961,-9077,383,14658,381,-806,-257,-8804,676,14268,17,209,35
4972,-9069,377,14677,371,-811,-254,-8820,612,14116,-11,216,3
5002,-9073,374,14656,360,-818,-250,-8840,628,14248,38,179,21
5012,-9059,390,14664,373,-810,-254,-8876,592,14184,22,206,28
5022,-9068,378,14666,389,-805,-260,-8816,652,14188,34,219,32
5033,-9073,381,14658,379,-817,-511,-8828,644,14152,11,192,14
5043,-9075,381,14673,374,-817,-257,-8868,672,14292,48,184,1
5052,-9067,376,14668,387,-816,-253,-8796,612,14200,-5,199,17
5062,-9054,392,14658,360,-818,-243,-8900,612,14196,1,192,41
5073,-9072,381,14665,382,-788,-254,-8880,624,14100,35,217,17
5082,-9077,382,14653,384,-812,-260,-8856,560,14072,19,197,20
5092,-9076,382,14665,401,-802,-262,-8832,688,14144,25,212,25
5103,-9059,379,14654,392,-792,-263,-8860,660,14184,25,173,45
5113,-9060,382,14650,361,-807,-246,-8856,600,14088,31,208,0
5122,-9063,389,14668,371,-820,-240,-8776,604,14256,-9,189,39
5153,-9062,382,14670,371,-797,-248,-8864,656,14252,51,191,33
5163,-9059,381,14673,373,-810,-248,-8824,616,14208,71,168,22
5173,-9066,376,14654,362,-813,-245,-8888,576,14220,36,177,33
5183,-9078,379,14660,376,-795,-249,-8836,688,14268,27,203,18
5192,-9059,385,14665,390,-824,-257,-8852,592,14216,21,197,47
5203,-9070,382,14676,401,-802,-260,-8844,608,14188,27,199,9
5213,-9063,385,14662,386,-823,-245,-8832,676,14136,41,196,43
5222,-9077,392,14670,371,-824,-237,-8840,620,14132,8,208,47
5232,-9072,394,14675,363,-818,-230,-8788,652,14180,23,213,28
5243,-9075,379,14670,375,-813,-244,-8848,656,14208,39,182,54
5252,-9070,381,14659,377,-815,-246,-8792,616,14148,2,198,31
5283,-9068,390,14661,383,-798,-248,-8800,660,14068,52,200,31
5292,-9075,387,14647,371,-816,-246,-8904,612,14228,9,211,16
5302,-9078,400,14672,374,-805,-244,-8752,640,14128,24,193,22
5312,-9070,398,14671,380,-799,-248,-8808,636,14284,33,223,39
5322,-9079,378,14665,371,-801,-250,-8828,632,14244,21,222,35
5333,-9065,386,14658,374,-804,-250,-8832,600,14232,26,216,33
5343,-9069,383,14663,376,-820,-250,-8852,628,14236,42,206,46
5352,-9075,380,14676,382,-802,-250,-8868,636,14196,54,190,26
5363,-9079,382,14676,371,-803,-250,-8832,572,14204,10,235,18
5373,-9070,383,14668,378,-810,-251,-8832,632,14160,26,174,22
5382,-9053,384,14666,385,-818,-246,-8876,652,14292,38,208,17
5392,-9062,397,14666,374,-810,-245,-8828,552,14156,50,201,7
5423,-9066,381,14665,372,-810,-245,-8844,656,14188,18,200,55
5432,-9058,376,14678,377,-813,-252,-8808,628,14080,56,215,40
5443,-9078,385,14661,380,-806,-253,-8760,608,14176,60,182,9
5453,-9059,387,14671,380,-813,-261,-8864,616,14144,21,186,17
5463,-9075,376,14649,381,-810,-260,-8788,572,14180,32,200,2
5473,-9061,394,14677,374,-813,-253,-8820,632,14136,38,193,28
5483,-9057,369,14655,363,-820,-246,-8852,656,14180,47,203,44
5492,-9070,378,14678,381,-806,-252,-8852,640,14096,40,202,20
5502,-9057,388,14658,375,-809,-253,-8860,660,14304,52,190,17
5512,-9059,380,14661,366,-812,-246,-8820,612,14244,52,178,35
5522,-9072,388,14673,366,-811,-249,-8856,544,14144,14,194,34
5532,-9065,387,14643,358,-804,-252,-8872,588,14188,73,229,35
5543,-9066,387,14664,365,-795,-253,-8836,628,14116,37,208,33
5552,-9054,393,14662,367,-813,-248,-8856,564,14188,12,188,17
5563,-9056,377,14655,366,-814,-258,-8844,620,14120,-9,187,21
5572,-9061,381,14675,358,-814,-249,-8832,620,14140,-2,168,28
5622,-9067,393,14654,376,-814,-254,-8904,576,14168,13,207,31
5632,-9083,385,14655,363,-813,-256,-8816,704,14080,32,205,8
5643,-9071,386,14668,380,-809,-255,-8900,612,14192,30,182,36
5652,-9059,381,14674,367,-807,-257,-8856,644,14164,14,195,29
5662,-9088,373,14646,368,-806,-253,-8812,556,14160,26,208,15
5672,-9072,381,14657,362,-806,-251,-8824,688,14160,0,200,9
5683,-9078,382,14674,355,-816,-243,-8828,640,14020,41,180,42
5692,-9068,385,14662,372,-809,-251,-8856,576,14176,15,202,45
5702,-9063,383,14671,362,-831,-248,-8820,648,14288,22,204,61
5712,-9079,385,14662,367,-817,-250,-8804,608,14188,16,201,31
5722,-9063,380,14673,372,-807,-256,-8812,608,14232,1,210,25
5732,-9067,374,14663,370,-804,-254,-8816,648,14180,34,216,38
5743,-9056,375,14663,362,-805,-255,-8804,624,14120,56,211,30
5752,-9064,393,14660,377,-796,-257,-8864,656,14260,7,189,28
5762,-9067,377,14678,378,-808,-250,-8860,612,14220,43,229,23
5772,-9069,378,14677,373,-817,-246,-8876,640,14100,22,173,58
5782,-9076,381,14676,377,-815,-244,-8852,720,14220,26,185,31
5792,-9062,394,14669,384,-813,-247,-8848,664,14132,5,225,14
5802,-9060,386,14652,378,-821,-250,-8924,596,14136,49,231,16
5812,-9064,383,14658,379,-812,-251,-8876,552,14108,56,206,34
5822,-9062,388,14669,380,-805,-247,-8860,672,14212,42,200,32
5832,-9068,358,14660,384,-799,-258,-8880,636,14180,40,155,15
5843,-9064,385,14673,373,-808,-250,-8836,632,14180,-14,195,67
5852,-9063,370,14647,375,-821,-243,-8840,624,14180,-4,212,-3
5882,-9073,383,14676,383,-814,-249,-8828,624,14276,14,182,29
5892,-9045,369,14675,386,-804,-251,-8912,560,14200,49,217,12
5902,-9084,385,14680,377,-793,-244,-8848,680,14172,38,183,43
5912,-9080,396,14658,365,-815,-247,-8860,620,14232,55,199,21
5922,-9066,397,14673,373,-822,-242,-8852,564,14148,39,199,28
5932,-9084,384,14664,370,-812,-243,-8896,612,14132,33,177,18
5943,-9072,388,14662,376,-801,-250,-8896,584,14116,30,205,20
5952,-9076,374,14668,380,-806,-254,-8908,580,14100,42,249,32
5982,-9065,384,14668,382,-807,-245,-8800,600,14220,10,233,12
5993,-9061,394,14667,379,-816,-246,-8892,604,13996,29,160,29
6002,-9065,386,14667,366,-813,-243,-8836,612,14172,33,210,39
6012,-9066,397,14663,376,-809,-257,-8828,656,14132,53,255,27
6022,-9057,386,14671,368,-807,-248,-8828,624,14092,32,224,10
6032,-9067,375,14655,374,-810,-243,-8820,572,14168,13,210,23
6043,-9072,388,14664,369,-810,-241,-8872,652,14200,30,204,-3
6052,-9073,388,14665,365,-797,-242,-8848,628,14184,35,200,1
6062,-9065,379,14654,365,-798,-245,-8832,612,14232,21,212,41
6072,-9061,382,14671,366,-816,-244,-8816,612,14128,49,239,41
6082,-9073,374,14680,361,-815,-245,-8820,664,14220,2,195,18
6093,-9061,390,14671,363,-811,-243,-8784,616,14256,-11,195,48
6102,-9054,386,14667,379,-811,-245,-8904,624,14204,43,200,46
6112,-9063,380,14670,378,-813,-250,-8856,636,14220,31,198,40
6122,-9072,379,14651,383,-807,-257,-8796,644,14192,27,201,13
6152,-9062,380,14671,373,-799,-260,-8892,652,14216,5,215,17
6162,-9069,386,14682,370,-812,-251,-8820,644,14180,5,211,6
6172,-9065,389,14664,381,-815,-253,-8824,592,14156,-28,196,0
6182,-9056,388,14673,368,-820,-254,-8816,620,14168,27,230,32
6192,-9071,369,14681,355,-805,-248,-8848,656,14116,26,187,2
6202,-9070,382,14661,368,-804,-245,-8888,620,14096,13,201,10
6212,-9067,394,14673,356,-813,-260,-8876,632,14184,-1,212,31
6222,-9061,395,14669,381,-801,-264,-8780,632,14248,13,203,41
6252,-9073,379,14667,366,-826,-244,-8840,656,14184,18,220,4
6262,-9060,378,14661,371,-816,-244,-8836,572,14252,-9,210,36
6272,-9059,377,14670,363,-819,-249,-8800,628,14244,-9,202,10
6282,-9073,379,14668,369,-823,-252,-8872,604,14180,31,176,34
6292,-9069,386,14659,367,-817,-252,-8796,588,14228,8,185,48
6302,-9080,375,14660,365,-813,-244,-8840,584,14108,51,189,4
6312,-9067,380,14683,379,-808,-258,-8824,652,14244,33,179,19
6322,-9079,377,14664,368,-800,-253,-8732,592,14108,18,200,23
6332,-9070,384,14686,360,-813,-249,-8864,588,14160,30,211,11
6343,-9064,375,14664,361,-810,-251,-8832,544,14360,4,161,44
6352,-9068,377,14669,365,-824,-248,-8800,596,14208,20,216,15
6362,-9058,378,14670,361,-809,-247,-8844,644,14112,24,216,33
6372,-9065,375,14675,371,-807,-251,-8864,596,14120,21,200,7
6382,-9048,387,14672,377,-802,-254,-8820,628,14172,23,204,13
6392,-9064,376,14670,368,-804,-246,-8876,576,14196,46,194,8
6402,-9078,390,14676,376,-799,-252,-8864,644,14156,30,198,13
6432,-9076,380,14662,378,-804,-246,-8832,612,14180,14,202,28
6443,-9078,384,14660,382,-816,-249,-8752,596,14236,32,203,-2
6452,-9077,385,14673,378,-811,-252,-8788,632,14148,40,173,37
6462,-9071,387,14654,366,-802,-246,-8820,696,14188,27,184,16
6472,-9057,386,14668,357,-795,-250,-8864,616,14140,48,201,58
6482,-9063,366,14648,375,-800,-254,-8860,644,14236,18,178,3
6492,-9047,389,14664,373,-827,-245,-8900,632,14312,36,189,33
6503,-9064,388,14674,382,-806,-249,-8864,628,14192,43,203,53
6512,-9068,390,14673,388,-791,-256,-8820,628,14292,22,231,63
6522,-9064,378,14680,378,-812,-254,-8852,652,14220,60,175,39
6532,-9064,378,14678,378,-804,-253,-8804,560,14244,12,183,39
6543,-9066,389,14677,378,-804,-251,-8848,564,14236,50,209,16
6552,-9077,387,14673,382,-806,-249,-8816,588,14204,36,214,7
6562,-9073,395,14662,383,-807,-255,-8808,592,14116,45,196,57
6572,-9062,388,14671,402,-800,-260,-8820,660,14192,5,227,35
6582,-9068,385,14649,376,-814,-248,-8816,636,14256,46,183,27
6612,-9070,382,14661,362,-798,-248,-8792,580,14188,39,190,20
6622,-9085,381,14669,372,-802,-248,-8868,640,14180,26,194,8
6632,-9070,392,14663,372,-817,-241,-8736,648,14168,17,174,4
6643,-9073,392,14666,387,-807,-254,-8812,640,14280,25,225,6
6652,-9058,384,14661,385,-804,-251,-8864,656,14132,51,194,25
6662,-9064,378,14667,377,-814,-244,-8848,620,14224,13,221,28
6672,-9061,375,14678,390,-806,-251,-8868,580,14180,48,199,24
6682,-9070,373,14658,380,-802,-249,-8784,656,14240,33,218,53
6712,-9066,385,14658,394,-798,-264,-8808,652,14248,45,183,-8
6722,-9067,383,14677,377,-799,-249,-8828,592,14208,30,215,38
6732,-9061,396,14664,361,-821,-241,-8884,700,14240,30,221,34
6743,-9073,372,14660,373,-817,-252,-8776,652,14236,11,225,5
6752,-9065,378,14675,377,-804,-258,-8824,612,14144,28,211,14
6762,-9069,374,14662,373,-800,-262,-8804,576,14160,49,235,35
6772,-9075,378,14670,380,-811,-260,-8824,592,14140,38,216,25
6782,-9066,390,14663,373,-796,-257,-8828,600,14236,11,150,5
6792,-9061,376,14669,382,-802,-255,-8864,640,14148,42,180,1
6802,-9072,383,14673,377,-820,-234,-8812,708,14272,10,195,37
6812,-9066,385,14670,376,-797,-257,-8844,584,14412,18,184,20
6843,-9063,388,14668,356,-816,-239,-8768,564,14280,34,208,24
6852,-9079,387,14654,374,-813,-255,-8896,644,14228,20,215,-12
6862,-9078,389,14662,365,-805,-253,-8800,592,14128,13,215,13
6872,-9076,382,14675,376,-810,-256,-8852,624,14176,48,217,-2
6882,-9065,389,14675,370,-803,-251,-8856,584,14200,40,219,19
6892,-9069,392,14665,363,-803,-252,-8744,648,14276,60,203,23
6902,-9067,375,14665,381,-809,-262,-8812,604,14172,35,192,41
6913,-9071,390,14684,359,-806,-255,-8772,668,14300,7,199,11
6922,-9066,380,14668,370,-808,-245,-8828,648,14228,55,187,36
6932,-9054,378,14688,367,-828,-247,-8864,620,14136,10,219,26
6943,-9058,378,14664,369,-814,-250,-8836,616,14188,-21,190,42
6952,-9079,365,14658,373,-806,-256,-8868,600,14156,14,217,-1
6982,-9074,376,14690,372,-796,-256,-8788,588,14116,32,195,49
6992,-9077,377,14652,378,-795,-256,-8888,628,14132,51,191,9
7002,-9070,371,14654,378,-807,-257,-8820,608,14104,23,181,14
7013,-9061,384,14655,372,-815,-246,-8864,648,14304,13,219,41
7022,-9081,381,14665,371,-809,-248,-8876,648,14268,4,213,11
7034,-9068,379,14681,368,-819,-246,-8812,616,14048,38,216,22
7044,-9064,373,14698,371,-807,-246,-8844,640,14216,32,227,22
7053,-9060,372,14668,368,-805,-245,-8912,600,14208,58,207,23
7063,-9080,384,14674,376,-815,-247,-8776,644,14228,7,189,26
7073,-9060,385,14671,375,-814,-248,-8872,544,14168,36,184,46
7083,-9061,376,14685,376,-801,-248,-8808,572,14180,25,215,27
7093,-9066,390,14680,381,-806,-247,-8860,564,14192,28,207,29
7123,-9063,388,14687,367,-814,-246,-8848,572,14184,25,183,38
7133,-9066,385,14655,376,-801,-251,-8768,644,14112,47,181,32
7144,-9071,376,14649,376,-821,-250,-8864,688,14272,-4,206,43
7153,-9066,384,14678,386,-800,-258,-8784,636,14100,21,196,6
7163,-9072,372,14671,378,-813,-248,-8780,636,14068,21,200,23
7173,-9073,376,14665,380,-807,-245,-8788,604,14144,35,211,28
7183,-9071,376,14671,383,-804,-252,-8848,608,14164,7,221,-6
7193,-9073,383,14661,370,-809,-249,-8872,592,14220,-3,206,50
7203,-9080,387,14669,363,-797,-247,-8860,588,14212,40,197,21
7213,-9077,372,14651,371,-807,-249,-8748,604,14272,26,176,53
7223,-9064,380,14682,368,-806,-251,-8836,564,14100,27,184,20
7233,-9069,376,14665,381,-802,-251,-8816,692,14248,47,196,25
7263,-9061,389,14679,389,-793,-258,-8872,628,14120,31,180,15
7273,-9061,375,14669,385,-814,-244,-8772,652,14236,48,169,23
7283,-9076,383,14668,371,-817,-244,-8840,580,14144,6,202,27
7293,-9053,392,14668,378,-808,-246,-8848,636,14152,41,199,0
7303,-9073,386,14670,381,-793,-249,-8828,684,14280,67,211,18
7313,-9064,384,14665,365,-802,-253,-8864,552,14060,8,217,53
7323,-9069,392,14662,368,-809,-251,-8804,624,14248,20,199,5
7333,-9065,378,14678,369,-818,-252,-8820,620,14104,10,225,33
7344,-9057,373,14666,369,-805,-251,-8868,604,14164,54,207,-12
7353,-9081,388,14686,368,-797,-253,-8844,600,14260,48,172,52
7363,-9081,389,14664,369,-812,-242,-8840,656,14160,19,212,14
7373,-9079,391,14667,362,-799,-251,-8852,688,14212,35,206,20
7383,-9064,385,14652,367,-811,-250,-8816,668,14244,-4,214,38
7393,-9074,389,14657,376,-803,-249,-8840,588,14168,7,204,20
7403,-9074,386,14661,369,-809,-245,-8824,632,14248,32,205,12
7413,-9061,379,14663,361,-813,-248,-8820,664,14208,36,217,29
7444,-9065,391,14677,360,-819,-242,-8888,592,14136,52,220,29
7453,-9066,376,14669,362,-816,-246,-8800,644,14252,24,169,11
7463,-9075,383,14676,365,-801,-253,-8904,644,14188,28,191,16
7473,-9068,391,14671,372,-794,-250,-8844,664,14112,20,202,6
7483,-9066,393,14674,374,-804,-251,-8820,608,14212,27,211,26
7493,-9069,372,14663,367,-818,-246,-8860,604,14100,7,194,23
7503,-9061,387,14685,368,-808,-253,-8832,596,14140,10,203,59
7513,-9087,380,14668,362,-801,-257,-8824,628,14148,10,197,12
7544,-9060,369,14676,380,-800,-258,-8920,636,14256,32,184,47
7553,-9057,383,14644,382,-790,-258,-8896,712,14192,34,174,20
7563,-9062,376,14651,364,-799,-246,-8784,580,14144,19,180,41
7573,-9070,372,14653,363,-805,-241,-8856,612,14128,-4,181,-5
7583,-9065,387,14662,377,-814,-246,-8884,624,14084,47,166,42
7593,-9069,382,14657,361,-810,-243,-8900,616,14220,45,193,13
7603,-9081,383,14665,360,-822,-237,-8828,648,14248,29,202,35
7613,-9068,381,14662,370,-800,-250,-8884,548,14128,33,200,-6
7623,-9072,384,14651,369,-788,-253,-8772,572,14176,22,172,36
7633,-9087,373,14674,358,-799,-243,-8864,608,14192,4,166,40
7644,-9067,377,14668,373,-795,-252,-8868,548,14152,10,199,33
7653,-9059,383,14673,358,-817,-248,-8876,600,14184,35,218,24
7683,-9080,372,14651,361,-813,-245,-8816,652,14168,22,199,41
7693,-9066,384,14671,372,-809,-248,-8836,604,14136,57,185,20
7703,-9058,378,14652,365,-809,-244,-8828,592,14220,33,194,73
7733,-9065,389,14655,382,-795,-248,-8856,628,14188,10,223,56
7744,-9071,376,14652,383,-807,-246,-8888,724,14188,22,181,22
7753,-9051,369,14672,372,-811,-246,-8860,576,14092,67,209,38
7763,-9077,387,14664,377,-802,-245,-8896,608,14228,25,191,43
7773,-9052,387,14665,374,-813,-240,-8868,600,14240,32,209,40
7783,-9069,371,14655,364,-810,-242,-8796,612,14120,33,202,27
7793,-9063,392,14670,374,-815,-236,-8840,604,14116,44,222,41
7803,-9079,387,14664,377,-814,-241,-8836,652,14156,39,222,23
7813,-9072,375,14660,371,-801,-251,-8860,632,14272,26,174,31
7823,-9071,394,14675,378,-806,-247,-8836,644,14280,12,192,-3
7834,-9053,393,14658,372,-803,-242,-8864,608,14224,13,173,27
7844,-9063,376,14677,383,-800,-249,-8852,664,14164,53,204,74
7853,-9059,380,14652,385,-784,-248,-8840,628,14200,26,203,39
7863,-9064,385,14659,367,-804,-246,-8876,488,14228,6,210,9
7873,-9069,379,14671,370,-819,-238,-8832,608,14144,38,187,39
7883,-9067,394,14665,384,-802,-255,-8812,644,14260,18,169,32
7953,-9065,380,14669,375,-817,-244,-8804,628,14264,24,185,43
7963,-9070,384,14652,356,-814,-234,-8800,620,14168,37,199,39
7973,-9062,388,14666,357,-800,-238,-8860,604,14108,46,193,57
7983,-9075,388,14669,360,-803,-247,-8812,616,14260,26,221,26
7993,-9059,380,14663,370,-799,-254,-8880,664,14212,58,187,19
8003,-9062,387,14653,370,-792,-250,-8904,560,14268,15,194,25
8013,-9066,379,14660,375,-794,-257,-8820,608,14184,27,188,12
8023,-9071,387,14660,387,-797,-266,-8888,628,14232,42,169,20
8033,-9079,390,14663,366,-806,-252,-8836,652,14184,73,202,19
8044,-9067,376,14670,368,-796,-247,-8796,620,14212,-8,197,12
8053,-9068,391,14660,377,-803,-247,-8836,572,14284,1,203,13
8063,-9067,384,14652,378,-805,-247,-8832,676,14132,24,208,54
8113,-9075,378,14664,370,-800,-252,-8852,592,14224,13,226,22
8123,-9073,385,14654,359,-796,-251,-8920,608,14260,11,189,6
8133,-9069,384,14651,378,-791,-259,-8820,580,14100,61,158,18
8144,-9070,386,14666,372,-791,-251,-8852,628,14224,24,206,-11
8153,-9077,373,14676,372,-790,-248,-8836,652,14292,69,205,33
8163,-9063,377,14666,372,-806,-253,-8856,528,14228,22,210,40
8173,-9064,394,14671,365,-799,-249,-8876,624,14216,15,206,63
8183,-9059,382,14670,367,-802,-250,-8876,624,14188,-6,185,9
8193,-9072,384,14671,370,-817,-250,-8840,588,14180,29,248,38
8203,-9063,381,14656,366,-815,-249,-8868,592,14196,38,199,40
8213,-9066,381,14660,372,-807,-247,-8804,576,14172,34,213,24
8223,-9075,379,14669,362,-807,-242,-8876,644,14144,38,198,29
8233,-9053,370,14661,374,-796,-255,-8876,648,14244,10,199,-4
8244,-9054,372,14661,381,-793,-264,-8860,676,14220,46,215,19
8253,-9067,375,14654,377,-803,-245,-8856,648,14152,19,217,26
8263,-9065,385,14658,370,-816,-245,-8804,620,14064,21,178,20
8273,-9065,383,14668,381,-809,-249,-8932,632,14088,32,226,18
8283,-9058,389,14660,369,-794,-250,-8836,592,14184,63,181,21
8293,-9070,393,14650,362,-806,-251,-8820,604,14240,61,196,43
8303,-9070,389,14672,377,-802,-258,-8792,572,14184,-3,195,33
8313,-9057,373,14673,377,-793,-261,-8816,564,14288,20,214,34
8323,-9059,378,14664,362,-804,-250,-8804,652,14060,18,218,3
8333,-9054,373,14668,378,-759,-244,-8820,572,14152,19,212,6
8344,-9071,383,14650,363,-826,-244,-8824,636,14156,21,171,47
8373,-9076,396,14661,361,-812,-239,-8832,604,14232,53,198,28
8383,-9081,370,14658,365,-804,-245,-8872,612,14216,15,178,32
8393,-9078,379,14654,361,-806,-243,-8800,612,14088,22,187,29
8403,-9068,383,14661,371,-813,-246,-8888,648,14140,26,201,19
8413,-9082,382,14650,367,-816,-233,-8740,636,14224,47,192,4
8423,-9069,379,14675,368,-809,-244,-8824,636,14200,46,184,3
8433,-9059,380,14651,370,-811,-241,-8848,628,14288,67,192,15
8444,-9063,386,14670,380,-813,-246,-8888,620,14112,41,175,37
8473,-9054,385,14656,368,-806,-247,-8836,592,14128,54,203,3
8483,-9062,377,14658,370,-806,-246,-8868,664,14060,28,194,23
8493,-9073,385,14672,369,-806,-251,-8920,604,14116,53,216,46
8503,-9059,392,14663,371,-796,-250,-8856,572,14236,47,196,33
8513,-9072,393,14680,389,-801,-253,-8800,656,14320,44,235,14
8523,-9074,386,14665,376,-804,-249,-8844,580,14188,45,203,23
8533,-9056,383,14648,365,-801,-245,-8824,704,14096,45,211,33
8544,-9059,397,14661,362,-813,-244,-8884,608,14088,45,187,22
8553,-9065,399,14671,376,-802,-241,-8860,572,14232,33,188,12
8563,-9057,382,14667,373,-782,-252,-8836,636,14236,33,175,26
8573,-9066,380,14662,384,-804,-252,-8820,652,14256,24,171,9
8603,-9068,384,14655,370,-799,-247,-8844,636,14216,54,244,12
8613,-9070,383,14673,381,-804,-245,-8744,652,14216,23,180,39
8623,-9068,392,14655,366,-789,-249,-8860,672,14180,25,190,10
8633,-9063,377,14660,358,-810,-237,-8868,608,14272,33,206,16
8644,-9065,399,14662,379,-807,-251,-8844,604,14124,-3,181,40
8653,-9063,382,14660,375,-805,-247,-8864,600,14196,49,193,38
8663,-9082,380,14653,379,-785,-253,-8864,636,14244,29,188,13
8673,-9062,370,14660,373,-808,-249,-8828,652,14260,48,221,4
8683,-9065,364,14666,371,-804,-246,-8840,604,14104,50,219,15
8693,-9072,384,14658,364,-799,-248,-8892,580,14320,21,203,30
8703,-9081,381,14668,362,-798,-242,-8832,604,14172,10,184,22
8713,-9062,380,14663,359,-817,-241,-8900,580,14232,31,192,20
8744,-9069,381,14663,380,-809,-250,-8860,568,14176,16,189,20
8753,-9056,376,14687,361,-807,-247,-8856,636,14300,16,195,10
8763,-9077,387,14658,367,-795,-247,-8800,600,14240,38,191,38
8773,-9069,391,14652,366,-809,-248,-8856,640,14188,40,209,11
8783,-9064,387,14657,362,-801,-247,-8852,652,14204,25,184,18
8793,-9066,380,14664,375,-803,-246,-8884,600,14104,35,177,51
8803,-9068,381,14655,380,-804,-251,-8856,608,14228,52,199,31
8813,-9065,380,14656,370,-791,-251,-8896,636,14192,30,189,23
8823,-9059,385,14664,355,-812,-240,-8796,648,14276,25,169,24
8833,-9065,398,14665,376,-803,-250,-8820,596,14136,42,207,36
8844,-9071,381,14660,380,-811,-254,-8872,568,14276,22,208,27
8853,-9069,367,14659,371,-804,-252,-8812,600,14256,20,202,17
8863,-9074,384,14664,373,-799,-252,-8800,620,14268,39,176,26
8873,-9070,375,14667,373,-796,-256,-8912,580,14228,31,192,31
8883,-9069,385,14660,372,-796,-256,-8816,584,14092,41,219,41
8893,-9071,388,14673,356,-796,-245,-8836,628,14204,55,192,27
8944,-9076,378,14686,383,-814,-249,-8828,628,14188,23,205,0
8953,-9078,393,14656,370,-811,-247,-8852,648,14112,27,199,13
8963,-9063,382,14653,378,-800,-249,-8876,636,14228,0,151,33
8973,-9067,390,14673,375,-795,-248,-8880,672,14144,43,185,34
8983,-9078,371,14654,355,-825,-238,-8816,596,14164,15,178,27
8993,-9050,384,14647,375,-796,-248,-8824,588,14264,23,198,30
9003,-9064,392,14670,368,-797,-239,-8904,588,14180,29,210,26
9013,-9061,385,14661,370,-812,-241,-8880,604,14208,34,219,35
9023,-9066,371,14670,367,-804,-247,-8880,648,14204,64,199,11
9035,-9059,382,14676,371,-801,-252,-8788,708,14080,45,224,23
9045,-9076,373,14676,385,-788,-254,-8820,688,14160,22,209,6
9054,-9071,384,14658,370,-807,-247,-8824,676,14020,34,205,17
9064,-9074,372,14659,372,-810,-247,-8908,560,14268,20,211,-2
9074,-9056,378,14654,380,-812,-244,-8792,640,14252,45,201,23
9084,-9071,385,14659,379,-803,-251,-8836,616,14164,42,202,10
9094,-9085,361,14677,369,-801,-246,-8856,584,14220,17,183,19
9104,-9074,373,14677,372,-798,-250,-8792,716,14172,23,223,36
9114,-9073,389,14664,389,-803,-248,-8788,580,14212,56,195,13
9124,-9067,373,14666,383,-802,-253,-8852,652,14132,39,225,31
9134,-9073,383,14660,371,-787,-247,-8860,692,14252,20,225,44
9145,-9077,384,14649,372,-792,-244,-8868,664,14152,27,203,43
9154,-9064,389,14666,373,-799,-243,-8864,628,14132,30,176,19
9165,-9069,389,14659,368,-812,-240,-8836,608,14172,18,218,47
9174,-9066,381,14671,371,-797,-240,-8832,620,14204,19,241,23
9204,-9064,381,14670,355,-795,-240,-8836,668,14276,35,196,42
9214,-9055,382,14657,366,-805,-244,-8888,644,14172,7,196,-21
9224,-9059,385,14656,369,-796,-248,-8788,660,14112,11,196,31
9234,-9085,389,14671,360,-805,-240,-8848,636,14200,25,197,27
9245,-9063,372,14656,356,-812,-235,-8820,692,14212,27,203,24
9254,-9049,372,14668,374,-805,-249,-8864,680,14148,29,198,26
9264,-9082,386,14657,365,-810,-244,-8820,616,14196,41,201,18
9274,-9065,376,14676,375,-787,-255,-8852,580,14108,38,194,2
9304,-9069,392,14649,374,-797,-247,-8892,608,14232,28,177,37
9314,-9058,374,14661,371,-809,-249,-8896,668,14240,3,205,57
9324,-9058,374,14652,362,-813,-242,-8844,608,14164,29,208,34
9334,-9078,375,14660,363,-806,-248,-8876,616,14236,29,213,31
9345,-9077,374,14671,368,-799,-259,-8876,644,14152,3,211,-5
9354,-9078,373,14657,358,-807,-246,-8788,596,14200,25,205,20
9364,-9068,383,14664,371,-817,-246,-8832,580,14288,23,196,53
9374,-9065,384,14662,374,-799,-252,-8816,604,14188,41,208,27
9384,-9064,391,14663,366,-786,-250,-8836,672,14140,36,173,31
9394,-9073,379,14655,367,-809,-246,-8856,580,14172,1,195,28
9404,-9046,382,14672,370,-806,-251,-8796,672,14096,33,202,18
9414,-9062,382,14647,373,-801,-251,-8820,624,14224,19,187,12
9424,-9071,376,14653,385,-796,-257,-8868,656,14268,-4,194,1
9434,-9077,386,14663,380,-810,-251,-8820,624,14140,21,213,22
9445,-9066,365,14676,365,-815,-250,-8812,624,14176,54,212,29
9474,-9063,369,14671,365,-802,-246,-8772,564,14076,1,209,34
9484,-9075,393,14666,361,-795,-245,-8828,652,14212,46,189,47
9494,-9068,378,14662,352,-811,-243,-8768,604,14188,42,199,32
9504,-9058,369,14682,349,-801,-242,-8816,604,14236,19,168,30
9514,-9062,375,14660,368,-801,-250,-8852,588,14276,45,180,38
9524,-9068,388,14655,375,-802,-255,-8788,600,14168,12,218,45
9534,-9082,389,14665,364,-812,-241,-8888,620,14152,6,187,17
9545,-9076,385,14676,375,-812,-249,-8852,608,14096,45,206,49
9584,-9078,382,14677,372,-814,-244,-8848,556,14264,29,234,28
9594,-9063,385,14661,372,-804,-247,-8844,612,14144,10,212,33
9604,-9055,381,14658,370,-799,-245,-8888,652,14056,28,218,23
9614,-9054,381,14670,368,-793,-256,-8892,708,14232,23,198,51
9624,-9082,379,14654,378,-804,-248,-8852,600,14216,40,224,37
9634,-9069,376,14665,377,-806,-253,-8832,560,14116,12,194,0
9645,-9075,374,14668,372,-806,-250,-8760,628,14164,31,210,11
9654,-9066,375,14673,379,-808,-249,-8876,648,14132,19,213,38
9664,-9056,371,14676,366,-799,-244,-8888,596,14184,20,208,38
9674,-9057,391,14678,374,-793,-254,-8860,596,14172,46,198,35
9684,-9072,376,14666,394,-788,-252,-8848,632,14200,36,217,32
9694,-9073,374,14664,384,-810,-243,-8824,616,14176,33,165,40
9704,-9074,383,14669,366,-797,-251,-8824,596,14308,15,212,25
9714,-9063,390,14667,370,-803,-248,-8808,632,14244,18,182,43
9724,-9056,388,14670,380,-793,-249,-8860,632,14152,10,216,34
9754,-9074,393,14655,362,-801,-245,-8792,628,14144,20,184,50
9764,-9082,387,14653,368,-799,-249,-8864,644,14160,36,198,34
9774,-9065,383,14671,378,-798,-252,-8864,596,14040,37,206,-16
9784,-9067,378,14658,380,-788,-246,-8816,628,14276,11,199,18
9794,-9071,384,14656,376,-803,-246,-8844,572,14236,35,236,18
9804,-9068,385,14649,364,-801,-247,-8828,624,14068,41,189,25
9814,-9068,380,14661,368,-797,-246,-8896,616,14220,31,212,34
9824,-9065,375,14662,379,-806,-245,-8788,620,14308,10,180,3
9834,-9068,374,14661,377,-794,-249,-8884,644,14244,42,209,16
9845,-9066,386,14659,377,-795,-247,-8828,684,14164,26,198,24
9854,-9060,393,14670,377,-798,-255,-8848,652,14236,39,194,49
9864,-9062,386,14670,379,-797,-250,-8840,648,14088,29,218,14
9874,-9064,374,14666,375,-790,-246,-8880,608,14232,37,200,-5
9884,-9070,380,14684,364,-799,-247,-8800,616,14176,-7,211,27
9894,-9073,374,14686,378,-779,-256,-8840,624,14084,15,209,19
9904,-9055,386,14680,373,-798,-256,-8816,628,14136,41,222,45
9934,-9074,384,14677,378,-795,-247,-8816,636,14104,47,224,9
9945,-9078,377,14669,382,-791,-257,-8884,668,14240,19,196,46
9954,-9067,385,14674,367,-800,-253,-8760,696,14204,56,154,19
9964,-9059,380,14658,358,-808,-248,-8820,596,14180,48,204,14
9974,-9062,386,14674,369,-806,-249,-8804,580,14096,42,192,6
9984,-9075,383,14656,365,-812,-246,-8836,628,14260,31,214,13
9994,-9066,382,14659,377,-786,-253,-8756,632,14096,57,211,25
10004,-9059,381,14659,366,-813,-245,-8800,692,14204,-20,229,21
10034,-9070,378,14676,365,-803,-245,-8836,628,14308,25,196,35
10045,-9075,372,14678,366,-801,-245,-8900,560,14116,0,199,32
10054,-9075,384,14667,370,-811,-246,-8812,592,14176,39,189,30
10064,-9071,386,14664,366,-813,-245,-8824,576,14176,22,174,12
10074,-9073,384,14661,367,-793,-252,-8868,652,14176,22,207,45
10084,-9069,386,14665,375,-801,-255,-8872,568,14268,29,214,45
10094,-9068,376,14685,364,-814,-244,-8784,692,14272,6,205,20
10104,-9062,382,14667,381,-797,-254,-8812,644,14160,0,199,47
10114,-9057,390,14672,366,-803,-252,-8828,596,14212,34,203,54
10124,-9080,370,14668,374,-800,-250,-8916,640,14160,11,195,50
10134,-9071,382,14665,357,-807,-244,-8860,644,14212,38,191,33
10164,-9058,389,14673,365,-802,-250,-8768,620,14280,-32,170,17
10174,-9070,381,14657,374,-802,-245,-8872,660,14244,30,223,-5
10184,-9071,375,14681,374,-811,-243,-8880,588,14180,47,227,27
10194,-9083,381,14677,377,-796,-252,-8928,644,14240,40,203,26
10204,-9064,372,14674,367,-803,-247,-8796,552,14240,46,162,34
10214,-9069,381,14678,372,-809,-245,-8840,592,14160,11,170,42
10224,-9065,375,14666,380,-802,-252,-8820,624,14244,43,208,34
10234,-9072,376,14665,378,-795,-252,-8832,608,14196,12,171,33
10245,-9070,390,14684,358,-805,-242,-8836,636,14208,60,209,22
10254,-9076,374,14658,361,-808,-240,-8888,632,14084,37,178,23
10264,-9064,384,14678,365,-810,-238,-8912,644,14176,7,197,33
10274,-9062,378,14666,369,-806,-244,-8828,640,14248,9,190,49
10324,-9066,373,14679,361,-799,-240,-8852,616,14224,30,188,28
10334,-9065,387,14683,365,-802,-237,-8816,612,14156,43,207,46
10345,-9078,378,14651,373,-785,-251,-8764,612,14152,52,178,26
10354,-9075,383,14658,368,-791,-244,-8840,640,14228,49,213,29
10364,-9063,388,14660,378,-805,-241,-8800,632,14252,37,191,-6
10374,-9083,380,14667,367,-806,-245,-8816,716,14120,15,194,12
10384,-9065,370,14663,355,-800,-239,-8916,680,14228,45,219,8
10394,-9072,391,14649,376,-811,-247,-8816,656,14200,20,195,23
10404,-9067,372,14679,374,-794,-241,-8764,624,14204,57,207,32
10414,-9076,380,14680,358,-817,-238,-8852,624,14136,-30,221,1
10424,-9070,375,14662,372,-811,-245,-8896,628,14252,-5,216,28
10434,-9085,382,14669,365,-801,-243,-8800,592,14236,27,204,2
10445,-9062,390,14674,363,-798,-245,-8748,592,14172,11,203,37
10454,-9059,387,14649,383,-795,-247,-8852,568,14252,25,201,44
10464,-9087,384,14661,380,-793,-246,-8844,596,14172,31,205,12
10494,-9073,367,14662,368,-803,-244,-8828,676,14244,81,205,-1
10504,-9052,379,14669,367,-800,-245,-8856,584,14152,63,232,29
10514,-9068,382,14654,370,-803,-247,-8804,648,14080,18,175,35
10524,-9075,386,14674,360,-803,-247,-8912,556,14060,16,167,22
10534,-9065,381,14665,364,-810,-246,-8800,688,14188,15,181,20
10545,-9067,381,14661,358,-805,-238,-8888,672,14152,13,200,-3
10554,-9071,382,14645,364,-786,-247,-8864,584,14128,38,184,22
10564,-9070,383,14659,364,-794,-249,-8792,648,14168,21,230,14
10574,-9070,373,14665,357,-794,-243,-8816,556,14276,18,201,25
10584,-9073,385,14669,359,-797,-248,-8860,620,14212,17,216,34
10594,-9076,386,14659,354,-797,-246,-8808,668,14208,54,225,0
10604,-9072,376,14656,378,-808,-249,-8824,640,14140,-8,189,6
10614,-9065,381,14680,359,-796,-246,-8836,612,14200,30,178,35
10624,-9072,378,14671,371,-806,-251,-8848,632,14188,19,193,24
10634,-9069,368,14669,368,-807,-246,-8804,600,14248,19,195,21
10645,-9069,365,14670,375,-810,-254,-8876,588,14124,28,192,13
10674,-9064,372,14651,366,-802,-247,-8780,572,14216,52,213,41
10684,-9064,385,14671,364,-810,-243,-8832,708,14196,-3,199,32
10694,-9071,369,14660,373,-811,-248,-8796,596,14180,43,213,28
10704,-9068,372,14667,373,-806,-253,-8784,552,14212,31,198,18
10714,-9076,382,14664,372,-785,-250,-8856,620,14156,44,190,29
10724,-9060,384,14664,368,-803,-250,-8900,668,14128,3,204,38
10734,-9063,387,14654,377,-793,-258,-8844,636,14288,53,199,15
10745,-9068,386,14661,371,-801,-251,-8872,644,14132,8,238,45
10754,-9065,374,14679,354,-808,-247,-8856,664,14296,11,200,23
10764,-9067,379,14652,365,-798,-242,-8804,644,14188,24,186,25
10774,-9079,382,14654,357,-807,-239,-8824,636,14108,29,199,26
10784,-9066,370,14653,361,-803,-242,-8824,604,14204,9,228,40
10794,-9077,378,14658,363,-804,-245,-8884,656,14176,13,223,41
10804,-9064,371,14664,355,-797,-242,-8832,636,14236,22,193,19
10814,-9068,386,14680,359,-790,-239,-8840,612,14140,18,193,17
10864,-9052,369,14652,369,-786,-255,-8812,628,14116,44,192,19
10874,-9069,381,14660,378,-779,-258,-8824,688,14288,70,207,13
10884,-9059,385,14664,365,-797,-247,-8876,640,14140,17,203,28
10894,-9067,384,14679,370,-804,-243,-8844,584,14192,17,181,23
10904,-9068,370,14662,372,-794,-253,-8888,684,14216,7,189,12
10914,-9058,375,14662,373,-809,-240,-8848,564,14200,28,190,58
10924,-9068,380,14662,366,-807,-250,-8836,632,14192,5,196,11
10934,-9086,397,14665,368,-804,-242,-8736,652,14256,11,179,24
10945,-9064,385,14666,378,-799,-249,-8856,684,14212,31,180,14
10954,-9050,380,14661,381,-807,-244,-8812,612,14092,27,217,23
10964,-9062,379,14659,379,-790,-257,-8808,660,14164,31,196,44
10974,-9054,385,14672,375,-793,-249,-8856,564,14276,28,172,38
10984,-9080,375,14657,371,-798,-240,-8868,588,14116,0,153,58
10994,-9063,384,14665,378,-804,-247,-8804,648,14216,55,192,4
11004,-9068,376,14648,353,-814,-233,-8860,596,14104,24,180,33
11014,-9078,394,14664,372,-788,-239,-8872,592,14224,52,183,31
11046,-9065,377,14666,378,-787,-251,-8776,612,14128,42,210,14
11055,-9058,379,14662,390,-787,-258,-8884,644,14240,33,178,20
11065,-9067,369,14656,370,-794,-251,-8904,652,14104,22,174,32
11075,-9065,374,14664,369,-796,-245,-8912,604,14164,45,196,23
11085,-9067,386,14672,371,-793,-243,-8860,600,14248,20,187,12
11095,-9063,376,14662,361,-791,-245,-8868,632,14164,25,247,-9
11105,-9059,374,14672,376,-804,-246,-8884,644,14148,55,218,15
11115,-9060,381,14654,366,-807,-242,-8836,596,14100,17,181,25
11185,-9066,387,14668,359,-809,-241,-8900,604,14224,43,165,42
11195,-9062,375,14648,353,-805,-238,-8840,612,14200,31,182,4
11205,-9069,389,14665,370,-800,-251,-8876,664,14160,31,175,16
11215,-9068,378,14679,378,-799,-254,-8884,684,14184,9,196,20
11225,-9067,378,14659,365,-799,-244,-8816,640,14216,53,213,56
11235,-9061,385,14663,365,-808,-249,-8824,616,14144,55,231,43
11246,-9064,380,14674,359,-805,-241,-8876,668,14132,31,227,49
11255,-9070,384,14683,379,-808,-254,-8836,680,14168,6,211,26
11265,-9076,391,14671,360,-809,-244,-8860,608,14280,-5,212,23
11275,-9072,383,14654,369,-797,-250,-8780,620,14256,74,208,-6
11285,-9064,381,14680,363,-803,-246,-8832,632,14296,-9,181,45
11315,-9074,379,14660,373,-799,-252,-8864,620,14160,35,196,28
11325,-9066,377,14662,371,-792,-245,-8868,632,14280,27,201,34
11335,-9062,364,14654,357,-811,-243,-8780,608,14172,22,211,35
11346,-9063,379,14658,361,-808,-246,-8804,684,14204,23,187,34
11355,-9054,374,14661,367,-804,-251,-8788,636,14204,42,209,35
11365,-9063,381,14672,366,-801,-247,-8800,592,14300,22,169,11
11375,-9075,383,14673,363,-796,-254,-8828,676,14180,29,199,11
11385,-9073,374,14672,356,-818,-247,-8864,688,14156,36,200,16
11415,-9084,373,14663,361,-798,-248,-8824,644,14204,18,197,16
11425,-9075,383,14665,367,-802,-247,-8848,600,14252,36,214,35
11435,-9084,365,14664,369,-808,-248,-8796,608,14144,27,207,24
11446,-9062,370,14672,375,-810,-249,-8856,576,14260,58,166,53
11455,-9084,380,14645,366,-806,-241,-8804,568,14228,59,208,27
11465,-9065,381,14669,374,-799,-245,-8840,632,14136,43,189,43
11475,-9066,365,14654,372,-812,-243,-8792,572,14232,36,206,33
11485,-9064,378,14666,370,-805,-248,-8884,648,14256,26,195,54
11495,-9069,386,14661,355,-795,-243,-8832,604,14172,15,212,32
11505,-9065,378,14675,369,-790,-246,-8836,660,14216,3,210,26
11515,-9068,387,14656,375,-796,-241,-8864,640,14176,33,212,9
11546,-9080,371,14671,367,-799,-243,-8816,608,14168,21,194,33
11555,-9066,374,14658,365,-800,-247,-8812,628,14248,7,228,40
11565,-9079,367,14668,370,-792,-252,-8792,612,14300,39,211,38
11575,-9060,375,14668,361,-796,-244,-8836,628,14200,41,189,44
11585,-9074,373,14667,360,-799,-241,-8808,568,14180,36,192,27
11595,-9064,377,14672,367,-792,-250,-8816,644,14304,23,231,12
11605,-9054,387,14644,362,-802,-240,-8876,664,14176,3,229,26
11615,-9067,381,14674,354,-820,-233,-8832,560,14216,68,215,26
11625,-9068,375,14674,361,-796,-241,-8820,580,14212,-7,181,-4
11635,-9047,378,14666,376,-793,-247,-8820,648,14200,17,174,43
11646,-9061,375,14681,377,-806,-251,-8836,620,14192,34,217,43
11655,-9069,383,14657,374,-799,-250,-8876,656,14244,39,217,29
11685,-9070,382,14664,377,-802,-245,-8932,616,14220,13,204,22
11695,-9067,390,14675,376,-802,-247,-8896,652,14144,-7,215,5
11705,-9064,382,14662,371,-806,-245,-8808,544,14132,49,192,35
11715,-9067,385,14668,372,-805,-243,-8760,636,14200,44,192,39
11725,-9061,369,14676,371,-808,-242,-8948,624,14208,67,209,7
11735,-9076,371,14688,353,-795,-240,-8784,596,14196,-1,207,-6
11746,-9069,384,14658,361,-819,-244,-8812,612,14160,34,196,26
11755,-9070,376,14653,370,-811,-243,-8848,564,14204,33,207,18
11805,-9067,381,14659,362,-817,-241,-8928,600,14192,59,194,29
11815,-9056,367,14670,358,-816,-240,-8844,600,14192,25,225,29
11825,-9073,374,14665,370,-805,-246,-8852,684,14148,62,197,6
11835,-9053,383,14660,372,-789,-252,-8812,568,14232,37,186,27
11846,-9071,384,14673,371,-790,-252,-8844,672,14292,20,168,59
11855,-9060,385,14657,348,-821,-236,-8892,628,14180,59,191,22
11865,-9082,375,14660,368,-804,-240,-8804,584,14200,25,192,45
11875,-9063,379,14662,355,-806,-238,-8860,632,14300,37,177,15
11885,-9079,373,14668,361,-812,-242,-8844,620,14032,28,189,53
11895,-9069,376,14681,371,-818,-245,-8860,652,14260,27,210,-18
11905,-9066,377,14668,377,-800,-251,-8828,560,14260,30,226,22
11915,-9074,374,14673,353,-792,-245,-8868,624,14328,5,215,51
11925,-9069,366,14683,362,-796,-247,-8820,632,14216,12,206,35
11935,-9068,381,14681,363,-805,-237,-8844,604,14228,13,252,34
11946,-9056,377,14682,370,-800,-253,-8920,656,14180,7,188,-7
11975,-9064,370,14662,365,-801,-247,-8876,632,14164,27,182,21
11985,-9062,373,14669,376,-789,-257,-8808,636,14256,33,176,31
11995,-9076,385,14677,377,-808,-255,-8832,664,14236,2,185,41
12005,-9065,382,14669,368,-802,-255,-8860,696,14204,7,185,22
12015,-9069,379,14670,367,-798,-251,-8824,632,14216,15,205,24
12025,-9070,385,14660,375,-805,-250,-8912,628,14188,4,196,19
12035,-9052,374,14674,381,-800,-257,-8816,628,14208,9,213,14
12046,-9072,378,14668,364,-798,-245,-8872,624,14248,67,189,14
12055,-9073,369,14660,377,-807,-251,-8808,636,14208,29,210,35
12065,-9076,372,14665,379,-801,-255,-8928,616,14216,38,189,62
12075,-9070,385,14666,369,-804,-251,-8840,600,14224,16,187,-3
12085,-9059,373,14680,384,-809,-252,-8756,624,14260,-21,210,16
12095,-9050,378,14663,361,-811,-242,-8928,616,14156,51,210,8
12105,-9055,370,14659,356,-811,-236,-8840,572,14212,-4,209,20
12115,-9074,380,14689,365,-809,-239,-8884,612,14272,17,203,38
12125,-9058,370,14676,372,-792,-254,-8880,576,14136,14,232,15
12155,-9065,368,14655,362,-810,-239,-8828,660,14308,68,168,17
12165,-9058,364,14664,380,-809,-247,-8752,616,14216,17,201,24
12175,-9069,387,14665,371,-819,-241,-8880,632,14168,39,207,-3
12185,-9062,370,14674,375,-805,-251,-8852,656,14172,11,204,34
12195,-9061,377,14667,357,-808,-244,-8804,612,14220,57,225,16
12205,-9079,367,14653,384,-807,-248,-8768,644,14252,20,184,16
12215,-9064,383,14657,375,-806,-240,-8816,652,14256,18,218,19
12225,-9073,374,14662,357,-806,-238,-8792,564,14188,40,207,13
12235,-9080,372,14670,352,-796,-237,-8844,620,14164,27,206,46
12245,-9064,381,14657,381,-796,-247,-8824,572,14264,31,171,37
12255,-9062,378,14686,381,-817,-241,-8864,548,14308,23,165,40
12265,-9057,389,14675,369,-814,-238,-8900,632,14176,21,191,23
12275,-9076,388,14672,364,-815,-241,-8784,624,14184,40,184,14
12285,-9057,384,14652,375,-794,-247,-8852,540,14176,47,192,42
12295,-9064,376,14645,380,-792,-248,-8888,696,14132,45,203,59
12346,-9073,387,14654,374,-793,-252,-8836,640,14268,12,201,46
12355,-9069,382,14653,378,-786,-248,-8828,660,14204,21,189,35
12365,-9053,373,14652,373,-813,-245,-8808,632,14096,52,198,28
12375,-9068,382,14646,375,-810,-248,-8876,648,14200,16,191,28
12385,-9070,373,14684,369,-806,-246,-8828,620,14220,28,207,29
12395,-9063,376,14663,367,-796,-249,-8800,624,14144,49,195,47
12405,-9058,383,14659,366,-808,-248,-8912,636,14128,29,194,33
12415,-9055,380,14673,366,-807,-245,-8812,600,14148,10,209,-1
12425,-9065,376,14662,358,-798,-238,-8888,608,14236,50,179,30
12435,-9058,377,14653,372,-798,-245,-8864,628,14180,49,218,31
12446,-9063,377,14661,377,-789,-239,-8808,624,14180,17,210,27
12455,-9075,378,14650,363,-808,-247,-8792,640,14236,35,203,3
12465,-9076,377,14683,375,-788,-252,-8900,656,14276,49,234,36
12475,-9072,384,14659,369,-806,-246,-8832,648,14220,34,213,42
12485,-9066,381,14666,368,-801,-248,-8856,576,14232,42,217,6
12495,-9079,388,14672,380,-813,-246,-8812,656,14204,50,184,15
12525,-9081,392,14655,372,-812,-249,-8804,680,14200,42,218,18
12535,-9070,378,14663,361,-809,-250,-8796,620,14164,32,219,3
12546,-9072,367,14659,349,-812,-242,-8800,692,14176,14,193,13
12555,-9062,373,14673,366,-793,-252,-8812,560,14144,28,212,26
12565,-9073,372,14673,362,-807,-254,-8792,656,14208,66,221,34
12575,-9061,369,14677,361,-805,-251,-8832,656,14172,-7,201,-2
12585,-9066,367,14661,362,-811,-245,-8824,608,14224,24,194,19
12595,-9071,375,14660,368,-789,-250,-8828,592,14148,5,185,18
12605,-9072,391,14674,369,-801,-248,-8864,628,14220,49,200,7
12615,-9075,370,14661,374,-793,-257,-8840,628,14212,47,233,29
12625,-9067,391,14663,366,-804,-246,-8844,628,14180,35,195,21
12635,-9073,383,14657,365,-813,-240,-8848,628,14248,-28,207,8
12646,-9069,372,14674,369,-796,-245,-8784,608,14140,32,204,15
12655,-9055,377,14664,373,-786,-243,-8824,620,14252,31,194,22
12665,-9058,404,14662,366,-816,-243,-8840,672,14060,11,165,17
12715,-9069,384,14659,368,-795,-245,-8864,640,14252,36,184,32
12725,-9057,379,14674,376,-789,-255,-8848,648,14204,-6,222,34
12735,-9075,394,14650,372,-795,-245,-8832,668,14220,33,188,15
12745,-9059,384,14653,361,-798,-238,-8824,596,14152,34,179,40
12755,-9063,368,14666,368,-795,-246,-8828,624,14132,54,216,57
12765,-9071,388,14661,374,-797,-249,-8832,532,14144,42,183,73
12775,-9075,377,14670,360,-804,-245,-8848,604,14128,26,192,3
12785,-9068,382,14679,365,-800,-246,-8896,580,14148,38,196,20
12795,-9049,384,14676,362,-812,-238,-8784,588,14244,46,200,10
12805,-9068,383,14669,369,-801,-242,-8840,644,14172,40,198,52
12815,-9071,391,14648,360,-795,-238,-8788,632,14220,29,186,49
12825,-9069,374,14638,377,-797,-248,-8844,548,14208,41,190,46
12835,-9063,376,14644,369,-797,-249,-8804,620,14216,37,207,-10
12845,-9064,373,14658,366,-804,-244,-8884,712,14196,-5,231,23
12855,-9082,379,14647,373,-811,-239,-8840,600,14228,62,160,36
12865,-9068,370,14658,366,-799,-244,-8844,596,14236,36,188,26
12875,-9072,376,14674,368,-800,-244,-8836,656,14244,23,204,20
12885,-9069,376,14653,344,-808,-234,-8844,672,14304,13,197,-9
12895,-9062,377,14656,356,-798,-242,-8872,704,14140,25,179,19
12905,-9071,376,14681,359,-796,-245,-8844,624,14316,-12,198,23
12915,-9069,375,14664,366,-803,-245,-8936,640,14260,55,218,12
12925,-9068,374,14667,369,-804,-249,-8884,512,14144,44,199,35
12935,-9068,374,14656,370,-797,-250,-8832,564,14164,19,238,29
12945,-9045,369,14666,367,-799,-251,-8856,628,14204,18,198,4
12995,-9066,388,14660,372,-794,-244,-8840,600,14152,30,190,39
13005,-9066,382,14659,368,-792,-252,-8832,676,14180,61,202,8
13015,-9068,383,14645,366,-807,-248,-8912,616,14180,9,204,46
13025,-9070,374,14666,363,-808,-243,-8840,588,14168,30,207,32
13037,-9057,386,14665,370,-795,-256,-8900,600,14188,36,184,5
13046,-9060,376,14645,374,-796,-252,-8756,592,14176,28,209,3
13056,-9082,377,14651,363,-802,-244,-8812,616,14168,11,198,31
13066,-9080,375,14659,376,-786,-253,-8860,620,14276,54,198,31
13076,-9062,385,14658,373,-805,-248,-8808,640,14212,37,183,8
13086,-9073,371,14646,365,-816,-239,-8940,708,14188,42,212,10
13096,-9065,396,14656,373,-811,-249,-8848,644,14124,46,196,17
13106,-9061,369,14654,382,-800,-257,-8840,652,14232,53,166,-2
13116,-9072,374,14675,378,-814,-254,-8828,596,14276,81,198,40
13126,-9063,376,14656,357,-805,-246,-8836,652,14240,34,193,15
13136,-9060,375,14663,357,-816,-245,-8888,616,14112,12,222,15
13166,-9057,383,14660,378,-794,-248,-8784,568,14216,13,172,48
13176,-9064,377,14666,379,-807,-256,-8816,628,14160,29,187,25
13186,-9065,384,14647,362,-801,-244,-8804,572,14264,21,226,25
13196,-9054,361,14653,366,-783,-254,-8824,624,14256,15,190,25
13206,-9065,373,14668,365,-803,-245,-8836,612,14172,24,220,31
13216,-9053,376,14637,367,-799,-249,-8872,616,14232,12,200,22
13226,-9062,379,14676,370,-797,-249,-8884,700,14140,48,164,22
13236,-9067,380,14655,365,-809,-236,-8872,600,14112,13,234,39
13246,-9070,378,14645,361,-807,-245,-8860,568,14128,19,202,37
13256,-9063,378,14656,357,-798,-245,-8812,704,14244,47,205,40
13266,-9069,359,14660,363,-797,-243,-8820,588,14240,30,169,61
13276,-9073,371,14652,375,-799,-245,-8832,636,14124,11,191,8
13286,-9068,384,14637,360,-809,-242,-8876,676,14180,23,193,35
13296,-9070,375,14664,358,-802,-239,-8820,568,14204,28,202,22
13306,-9070,381,14651,362,-795,-246,-8860,600,14244,45,190,8
13316,-9062,374,14657,358,-799,-243,-8840,592,14212,44,186,15
13366,-9061,379,14654,362,-810,-239,-8812,644,14256,41,173,35
13376,-9064,378,14657,364,-798,-247,-8848,540,14100,14,205,0
13386,-9071,380,14670,362,-810,-248,-8844,592,14124,65,175,9
13396,-9077,371,14664,368,-812,-237,-8916,584,14192,33,159,58
13406,-9077,371,14644,360,-795,-234,-8864,616,14256,23,202,28
13416,-9075,387,14673,361,-800,-231,-8804,608,14252,81,203,13
13426,-9066,379,14656,357,-794,-246,-8852,684,14248,20,180,35
13436,-9061,375,14674,363,-794,-243,-8880,532,14208,34,196,33
13446,-9075,370,14659,356,-815,-238,-8828,620,14144,18,185,49
13456,-9067,378,14664,362,-803,-240,-8848,600,14244,35,198,36
13466,-9059,382,14649,352,-811,-238,-8848,576,14240,62,193,50
13476,-9047,387,14672,366,-803,-240,-8796,588,14156,55,181,54
13486,-9060,376,14660,372,-812,-244,-8852,568,14152,57,219,35
13496,-9063,382,14665,363,-802,-240,-8844,608,14172,12,202,26
13506,-9073,370,14661,381,-797,-247,-8840,612,14116,24,236,32
13516,-9075,375,14649,379,-798,-249,-8860,704,14124,11,192,73
13526,-9054,374,14656,382,-796,-253,-8820,604,14148,24,197,49
13536,-9065,387,14659,380,-793,-258,-8856,644,14060,34,187,46
13546,-9062,374,14655,369,-805,-241,-8816,612,14168,29,205,25
13556,-9080,386,14658,367,-801,-236,-8804,620,14268,3,183,32
13566,-9063,375,14651,358,-793,-253,-8844,660,14184,26,214,14
13576,-9070,388,14659,377,-784,-248,-8816,696,14216,35,185,6
13586,-9065,381,14665,364,-808,-243,-8832,616,14176,37,187,-20
13616,-9062,362,14658,373,-802,-240,-8792,644,14308,56,216,12
13626,-9066,382,14658,381,-797,-248,-8864,576,14164,30,202,36
13636,-9078,376,14663,370,-802,-252,-8848,636,14136,36,227,44
13646,-9059,386,14649,353,-796,-242,-8832,596,14208,47,179,36
13656,-9061,376,14641,352,-793,-243,-8824,632,14212,24,209,47
13666,-9070,369,14666,359,-812,-234,-8820,676,14228,28,206,8
13676,-9080,383,14663,360,-803,-237,-8852,620,14236,27,179,7
13686,-9056,366,14665,370,-800,-248,-8852,648,14184,22,184,42
13716,-9058,370,14655,373,-807,-250,-8856,568,14164,17,214,36
13726,-9077,362,14657,372,-795,-252,-8840,584,14204,27,226,43
13736,-9066,371,14660,377,-802,-249,-8816,600,14180,19,206,13
13746,-9071,377,14652,368,-811,-244,-8792,672,14200,-4,197,42
13756,-9063,380,14670,361,-804,-243,-8852,696,14124,11,165,30
13766,-9080,391,14664,369,-798,-242,-8820,636,14168,27,204,-1
13776,-9074,370,14646,364,-800,-245,-8892,652,14220,20,159,34
13806,-9071,377,14659,370,-805,-248,-8888,592,14248,11,198,4
13816,-9067,378,14662,353,-804,-238,-8796,600,14148,27,176,40
13826,-9077,380,14662,352,-808,-239,-8808,632,14132,1,214,28
13836,-9067,365,14639,366,-820,-241,-8764,596,14136,62,215,34
13846,-9067,383,14663,371,-809,-247,-8920,640,14132,40,183,31
13856,-9070,392,14655,366,-816,-243,-8892,624,14196,38,210,19
13866,-9061,375,14673,369,-792,-254,-8804,632,14112,50,185,26
13876,-9053,365,14657,360,-801,-248,-8864,592,14144,40,193,36
13886,-9071,377,14673,360,-798,-244,-8880,652,14188,41,211,14
13896,-9078,384,14647,352,-807,-240,-8808,624,14152,50,190,47
13906,-9061,385,14666,370,-808,-247,-8816,580,14152,19,178,32
13916,-9064,371,14667,367,-808,-246,-8792,676,14160,40,185,34
13926,-9063,389,14661,368,-796,-250,-8864,664,14208,40,159,19
13936,-9075,389,14655,381,-786,-256,-8840,584,14164,26,209,58
13946,-9072,382,14663,365,-807,-253,-8820,596,14240,25,202,30
13956,-9073,377,14658,363,-803,-245,-8804,540,14232,37,228,22
13986,-9069,373,14667,362,-795,-248,-8800,620,14192,19,211,35
13996,-9078,372,14648,355,-800,-243,-8888,592,14164,50,179,9
14006,-9055,377,14674,364,-796,-245,-8784,532,14184,33,200,-2
14016,-9072,377,14673,370,-806,-248,-8820,628,14160,19,200,26
14026,-9064,366,14662,370,-797,-244,-8752,616,14144,42,179,12
14036,-9068,379,14658,364,-812,-241,-8804,584,14280,11,244,18
14046,-9068,390,14668,376,-806,-246,-8868,668,14232,10,201,46
14056,-9077,376,14658,368,-801,-242,-8872,648,14040,43,226,9
14086,-9079,374,14658,371,-806,-246,-8804,636,14112,14,216,21
14096,-9069,381,14660,375,-789,-247,-8844,664,14284,48,211,42
14106,-9062,364,14668,364,-809,-247,-8816,636,14224,3,219,12
14116,-9086,375,14665,351,-812,-239,-8784,612,14208,49,175,36
14126,-9061,375,14666,362,-807,-236,-8852,616,14268,47,208,26
14136,-9064,383,14662,368,-801,-238,-8804,612,14168,69,205,21
14146,-9069,382,14660,370,-812,-245,-8880,632,14308,17,185,29
14156,-9081,384,14652,366,-805,-255,-8908,620,14216,19,217,30
14166,-9061,378,14664,368,-801,-247,-8804,620,14260,35,194,22
14176,-9054,376,14654,367,-814,-239,-8880,632,14144,19,228,47
14186,-9066,372,14678,362,-801,-239,-8880,628,14160,40,205,49
14196,-9060,383,14645,372,-816,-244,-8820,628,14160,12,206,3
14206,-9064,370,14665,364,-817,-240,-8852,644,14212,19,196,8
14216,-9069,375,14664,372,-805,-245,-8824,604,14208,-10,210,36
14226,-9072,373,14668,377,-800,-252,-8868,604,14148,46,189,13
14256,-9066,382,14665,377,-806,-243,-8840,620,14168,31,221,47
14266,-9080,384,14662,357,-809,-242,-8900,616,14264,18,183,41
14276,-9069,375,14661,355,-797,-246,-8844,596,14176,68,172,27
14286,-9048,382,14668,372,-804,-246,-8812,596,14108,43,212,29
14296,-9074,373,14661,364,-807,-237,-8796,648,14148,35,201,42
14306,-9067,367,14663,364,-803,-249,-8860,656,14228,38,213,23
14316,-9057,388,14657,369,-806,-250,-8812,548,14252,19,214,5
14326,-9059,371,14653,380,-799,-251,-8856,612,14324,22,198,33
14356,-9074,372,14661,359,-812,-243,-8808,684,14172,37,183,34
14366,-9049,368,14669,367,-805,-247,-8852,684,14180,29,216,38
14376,-9060,374,14663,358,-805,-241,-8792,688,14248,8,191,10
14386,-9068,391,14670,362,-815,-242,-8900,580,14272,29,186,33
14396,-9058,394,14671,365,-805,-241,-8800,684,14092,13,179,15
14406,-9080,394,14674,365,-830,-238,-8880,588,14240,33,180,50
14416,-9066,383,14662,365,-799,-249,-8864,600,14200,38,172,20
14446,-9070,383,14665,378,-789,-252,-8840,624,14212,4,218,43
14456,-9073,366,14657,370,-795,-249,-8852,640,14172,28,189,11
14466,-9076,386,14670,369,-811,-244,-8860,660,14216,55,230,23
14476,-9078,387,14666,371,-794,-255,-8828,612,14160,0,207,33
14486,-9075,392,14653,365,-800,-248,-8816,660,14208,19,189,27
14496,-9053,379,14669,375,-800,-247,-8872,660,14104,49,183,33
14506,-9069,367,14667,374,-799,-241,-8896,664,14164,11,211,45
14516,-9074,368,14664,358,-808,-242,-8860,580,14228,-6,223,27
14526,-9072,374,14650,352,-799,-243,-8820,620,14140,49,206,26
14536,-9085,378,14663,370,-803,-253,-8852,636,14188,34,176,32
14546,-9075,368,14643,376,-804,-249,-8816,592,14180,12,195,31
14556,-9064,391,14680,362,-804,-244,-8888,644,14232,33,185,-3
14566,-9066,377,14673,377,-808,-245,-8836,576,14200,4,181,13
14576,-9066,386,14661,367,-803,-247,-8856,576,14220,31,185,33
14586,-9061,374,14680,364,-810,-245,-8872,604,14136,78,213,8
14596,-9060,371,14669,369,-804,-248,-8816,700,14120,36,230,35
14626,-9076,374,14677,376,-805,-250,-8804,616,14272,14,175,2
14636,-9067,373,14675,376,-809,-248,-8816,664,14088,40,207,11
14646,-9069,379,14673,377,-795,-247,-8808,612,14088,19,192,27
14656,-9065,373,14674,366,-790,-246,-8820,600,14160,15,192,15
14666,-9061,381,14673,366,-789,-241,-8800,592,14196,54,205,50
14676,-9062,393,14664,364,-804,-238,-8848,600,14224,16,184,10
14686,-9061,365,14667,364,-808,-246,-8836,640,14224,20,146,12
14696,-9054,359,14665,369,-807,-244,-8848,596,14160,57,223,32
14726,-9078,380,14668,366,-806,-248,-8820,628,14216,34,167,28
14736,-9078,374,14662,372,-799,-256,-8820,608,14092,24,203,35
14746,-9062,370,14660,377,-799,-252,-8852,664,14176,51,184,15
14756,-9078,370,14662,372,-787,-251,-8808,640,14276,3,186,16
14766,-9068,378,14666,366,-805,-237,-8788,684,14172,6,208,45
14776,-9069,371,14646,366,-805,-239,-8832,596,14132,22,237,26
14786,-9070,380,14673,361,-803,-247,-8824,680,14136,-8,151,0
14796,-9066,382,14666,362,-793,-248,-8836,664,14196,36,192,12
14806,-9055,384,14671,383,-787,-253,-8852,632,14084,2,186,19
14816,-9059,368,14666,360,-813,-244,-8860,592,14136,55,218,38
14826,-9060,377,14672,354,-811,-236,-8872,560,14264,34,228,25
14836,-9055,381,14676,365,-804,-245,-8816,696,14184,43,218,27
14846,-9059,378,14663,366,-801,-245,-8876,612,14164,36,194,29
14856,-9075,377,14673,362,-801,-246,-8844,640,14168,29,166,26
14866,-9060,386,14658,368,-803,-253,-8796,600,14180,33,235,34
14896,-9068,376,14665,357,-806,-245,-8752,632,14160,50,176,44
14906,-9059,376,14663,373,-793,-253,-8848,568,14140,14,222,5
14916,-9060,370,14671,369,-812,-250,-8752,572,14228,45,201,31
14926,-9049,378,14672,372,-795,-248,-8844,596,14200,17,226,53
14936,-9055,389,14675,360,-799,-246,-8824,576,14132,-3,185,39
14946,-9077,373,14669,374,-805,-244,-8824,568,14160,50,214,7
14956,-9076,385,14672,366,-803,-243,-8828,556,14132,33,212,32
14966,-9053,381,14664,374,-789,-258,-8920,588,14136,27,209,27
14996,-9061,377,14673,365,-807,-244,-8896,648,14272,22,202,28
