0,-117,239,17277,660,-837,-509,-20,200,16828,25,186,29
10,-101,232,17243,659,-839,-507,-44,204,16984,15,175,29
20,-111,234,17256,663,-833,-511,-92,140,16932,33,199,44
30,-112,229,17261,664,-844,-509,-4,216,16904,22,167,43
40,-103,225,17261,660,-832,-507,4,172,16864,23,210,59
50,-115,255,17266,659,-846,-499,16,188,16888,-1,188,62
60,-95,241,17273,655,-843,-498,-8,220,16944,62,186,59
70,-100,231,17277,647,-850,-505,-72,212,16952,3,185,33
80,-114,233,17268,647,-848,-495,4,156,16908,21,188,28
90,-100,239,17265,647,-843,-496,-8,160,16924,33,163,32
100,-93,238,17264,649,-858,-497,-48,196,16908,15,184,10
110,-110,234,17257,669,-852,-502,-68,172,16964,13,210,18
120,-113,227,17272,653,-857,-493,12,168,16916,26,179,62
130,-109,223,17268,637,-872,-488,-40,152,16980,28,212,30
140,-99,229,17257,647,-842,-502,-16,176,17000,43,179,38
150,-102,230,17269,656,-837,-507,68,220,16952,15,195,43
160,-106,232,17277,660,-832,-505,0,244,17004,29,151,58
170,-109,241,17263,654,-841,-501,-28,220,16976,5,192,29
180,-107,239,17257,655,-842,-503,-20,140,16968,13,182,61
190,-95,228,17249,667,-831,-510,-48,196,16872,27,178,65
200,-96,232,17262,652,-845,-503,-60,176,16884,19,191,41
210,-120,239,17257,652,-847,-496,-32,216,16944,14,155,23
220,-111,256,17258,665,-837,-502,-56,184,16940,31,217,15
230,-104,227,17261,658,-849,-502,-76,152,16900,59,188,-3
240,-88,234,17266,645,-861,-490,-20,196,16924,27,178,29
250,-104,238,17257,649,-859,-493,-36,204,16904,28,209,7
260,-117,236,17254,650,-850,-497,-52,256,16872,2,206,39
270,-105,235,17242,634,-863,-481,8,248,16948,39,170,38
280,-108,242,17257,644,-845,-493,0,164,16904,27,176,26
290,-107,231,17264,650,-853,-501,-56,164,16952,-3,197,4
300,-109,245,17265,667,-836,-506,-100,184,16856,46,202,50
310,-115,234,17252,661,-842,-514,-72,136,17028,30,178,53
320,-109,250,17267,661,-847,-502,-112,136,17032,27,200,7
330,-88,215,17268,667,-848,-507,-76,176,16864,37,195,6
340,-108,236,17265,647,-857,-500,-44,144,16976,14,201,49
350,-115,247,17280,654,-849,-505,-56,236,16980,31,187,22
360,-118,242,17261,653,-844,-507,-20,188,17008,30,194,35
370,-104,240,17286,665,-851,-506,-92,188,17012,16,185,-5
380,-107,243,17254,656,-850,-497,-56,236,16924,25,203,21
390,-98,242,17261,655,-844,-505,4,152,16888,-7,183,40
400,-92,230,17260,645,-836,-498,-24,148,16952,-8,229,13
410,-113,247,17267,656,-859,-498,-4,168,16916,10,199,33
420,-116,233,17266,663,-842,-507,4,172,16892,14,195,43
430,-91,248,17263,645,-859,-494,-60,216,17052,13,211,29
440,-108,233,17269,650,-877,-500,-36,180,16976,41,208,57
450,-97,252,17265,646,-838,-507,4,240,16944,1,170,6
460,-89,228,17273,646,-859,-498,-16,232,16928,-1,194,6
470,-103,239,17260,658,-848,-501,-20,220,16944,45,193,33
480,-95,239,17256,656,-835,-506,52,208,16840,28,191,27
490,-103,234,17264,660,-848,-499,-60,148,17036,45,215,37
500,-99,231,17259,657,-854,-507,-40,204,16900,21,194,45
510,-100,235,17270,670,-848,-518,-68,168,16892,38,195,31
520,-106,233,17241,664,-853,-504,-8,180,17020,49,177,25
530,-106,235,17251,666,-847,-507,-68,224,16900,30,202,44
540,-106,246,17257,660,-850,-506,-72,200,16964,61,190,15
550,-94,234,17266,659,-846,-509,12,148,16836,12,223,22
560,-90,237,17268,655,-848,-509,-12,148,17092,14,198,25
570,-101,234,17253,656,-856,-496,-12,200,16964,47,171,40
580,-107,235,17247,658,-852,-499,-12,208,16940,18,188,17
590,-112,236,17266,657,-852,-503,-44,156,17036,0,176,63
600,-99,245,17244,658,-841,-504,0,184,16876,30,208,19
610,-91,241,17251,664,-851,-504,-16,232,16912,11,167,49
620,-101,241,17271,651,-856,-504,-28,132,16972,-11,222,21
630,-97,234,17256,647,-850,-500,8,136,17016,50,142,34
640,-93,235,17254,641,-843,-497,-92,176,16988,65,215,14
650,-89,241,17236,656,-835,-506,-100,204,16956,41,180,17
660,-114,234,17266,652,-839,-508,-12,220,16944,25,204,33
670,-103,241,17266,656,-827,-505,24,228,16956,14,182,50
680,-109,235,17264,645,-838,-506,-40,224,17004,-5,190,12
720,-95,245,17262,645,-848,-502,-48,160,16912,30,183,38
730,-97,229,17247,648,-857,-502,-52,172,16972,35,183,35
740,-113,250,17262,653,-857,-501,-36,112,17032,15,217,22
750,-103,238,17275,661,-862,-499,-4,164,16900,13,184,27
760,-96,240,17267,669,-855,-506,-60,152,16896,8,197,-13
770,-94,232,17258,656,-862,-497,0,192,16992,23,203,-5
780,-97,234,17251,661,-846,-508,-48,188,16880,0,201,-15
790,-104,247,17289,648,-861,-492,-32,220,16908,37,188,18
800,-107,217,17262,653,-837,-508,-48,108,17036,4,213,22
810,-112,257,17259,683,-827,-516,-92,148,16944,23,193,44
820,-108,242,17258,678,-838,-520,-8,152,16924,8,185,69
830,-102,243,17260,666,-854,-506,-44,192,16832,-4,174,37
840,-101,232,17263,658,-852,-503,-28,208,16972,51,191,-7
850,-96,239,17280,666,-847,-512,-4,244,16968,17,176,16
860,-97,234,17262,646,-854,-493,0,156,16996,-6,179,42
870,-97,234,17277,646,-854,-497,-4,260,16904,40,197,14
880,-98,259,17262,651,-845,-501,36,196,16872,16,184,26
890,-103,246,17251,648,-859,-498,-64,152,16904,27,170,25
900,-96,236,17258,653,-854,-500,8,224,16928,32,176,49
910,-98,258,17252,638,-834,-492,-52,152,16904,21,196,31
920,-98,238,17269,646,-855,-497,-24,180,16992,6,212,23
930,-101,221,17259,671,-837,-513,-48,188,16968,3,205,28
940,-101,242,17263,658,-854,-503,-48,112,16948,40,199,41
952,-109,249,17289,638,-852,-495,-8,200,16928,29,202,9
961,-100,239,17265,650,-849,-514,-36,184,16992,33,169,33
971,-107,234,17253,663,-825,-515,-84,136,16904,47,188,38
981,-103,234,17287,652,-866,-494,-12,148,16924,37,206,15
991,-106,241,17249,648,-845,-500,4,232,16924,10,167,5
1001,-108,226,17276,647,-839,-496,-56,136,16940,26,224,18
1011,-106,230,17266,657,-836,-501,-44,216,16920,5,153,28
1021,-96,246,17261,662,-842,-501,24,180,16984,33,195,26
1031,-97,234,17254,659,-853,-508,-8,200,16904,18,223,36
1041,-103,240,17265,667,-851,-506,-32,176,16992,22,198,37
1081,-83,229,17263,657,-855,-503,28,168,16944,15,203,49
1091,-94,236,17252,660,-837,-509,-76,204,16904,15,231,-2
1101,-106,234,17270,669,-844,-509,52,248,16984,33,186,7
1111,-90,235,17258,658,-845,-501,-28,176,16932,32,227,20
1121,-109,232,17261,665,-856,-504,-52,212,16900,31,194,41
1131,-92,237,17260,639,-848,-494,0,180,16952,-2,200,1
1141,-110,228,17262,651,-853,-499,-12,116,16928,30,186,30
1151,-96,228,17252,649,-858,-499,-28,136,16968,6,178,32
1161,-99,243,17273,646,-860,-494,-56,252,16876,21,176,63
1171,-94,250,17263,649,-860,-494,-96,192,17008,-9,202,27
1181,-112,242,17257,653,-850,-502,-16,172,16972,29,179,36
1191,-102,234,17254,657,-852,-499,24,196,16896,15,199,16
1201,-91,219,17261,663,-845,-501,-24,172,17016,34,210,42
1211,-102,235,17263,654,-844,-499,-64,152,16920,-5,194,33
1221,-91,241,17264,659,-846,-499,-100,168,16948,31,197,8
1231,-105,230,17242,658,-852,-504,28,216,16968,41,184,30
1241,-89,233,17251,634,-857,-497,-88,176,16968,8,172,47
1251,-113,240,17264,650,-851,-506,-8,168,16956,-4,195,18
1261,-112,226,17252,649,-854,-503,4,200,16936,27,208,20
1271,-104,227,17249,651,-858,-498,-104,204,16976,22,191,1
1281,-101,228,17256,654,-844,-504,-16,232,16988,18,170,23
1291,-104,239,17257,652,-853,-498,-12,208,16856,13,180,14
1301,-111,238,17275,652,-843,-502,4,212,16912,15,166,9
1311,-86,245,17263,665,-842,-509,-24,184,17004,32,186,56
1371,-98,244,17260,667,-854,-506,-8,180,16964,30,209,25
1381,-97,235,17263,666,-849,-507,0,156,16992,10,213,29
1391,-96,236,17271,655,-853,-503,-84,152,16972,10,179,9
1401,-110,242,17239,660,-842,-504,28,180,16916,36,201,25
1411,-100,245,17266,650,-852,-501,48,104,16928,17,193,18
1421,-109,227,17249,651,-841,-504,-68,140,16872,20,167,42
1431,-100,240,17259,649,-859,-498,-12,212,16892,47,156,32
1441,-106,238,17265,649,-849,-495,-32,264,16956,30,181,37
1451,-101,235,17247,645,-858,-498,-8,100,16928,10,202,-7
1461,-105,230,17279,659,-853,-504,-60,220,16904,20,177,17
1471,-103,245,17242,658,-849,-501,-24,164,16864,15,199,32
1481,-98,235,17260,671,-842,-504,-60,208,16964,37,197,48
1491,-120,237,17264,669,-845,-511,-20,168,16984,10,213,30
1501,-95,245,17256,677,-838,-513,-92,172,17032,11,222,39
1511,-109,253,17287,659,-847,-508,-16,200,16924,12,221,2
1521,-115,240,17276,653,-860,-505,-8,208,16956,29,198,21
1531,-95,241,17264,648,-842,-491,52,232,16960,19,186,22
1541,-112,238,17258,658,-851,-499,24,152,16892,-1,167,39
1551,-116,248,17247,646,-855,-502,-12,136,17024,44,192,37
1561,-101,229,17254,646,-850,-500,-28,192,16996,27,215,24
1571,-95,225,17273,661,-848,-511,-60,136,16928,10,180,45
1581,-120,242,17264,653,-843,-505,-24,176,16948,17,205,18
1591,-91,242,17265,660,-846,-509,-40,216,16980,34,222,18
1601,-99,234,17269,650,-848,-501,-64,196,16828,53,201,4
1611,-103,234,17260,652,-849,-505,28,168,16992,19,210,62
1621,-102,239,17265,660,-842,-501,-28,204,16928,22,212,39
1631,-106,245,17256,668,-861,-500,12,252,16908,38,170,54
1641,-92,250,17272,655,-838,-504,-32,208,16944,4,211,24
1651,-96,234,17250,654,-839,-503,-36,204,16940,9,211,-8
1661,-103,235,17232,657,-835,-509,-68,224,16880,21,164,16
1671,-116,242,17268,651,-850,-503,0,248,16928,9,190,42
1681,-121,235,17264,640,-852,-487,-88,204,16968,25,204,50
1691,-110,248,17266,649,-834,-501,40,172,16912,51,181,49
1701,-85,228,17255,653,-848,-501,44,136,17068,5,196,14
1711,-103,219,17261,655,-847,-507,-52,232,16992,41,177,15
1721,-123,250,17255,651,-850,-497,-20,244,16948,24,191,40
1731,-108,238,17253,660,-849,-506,-16,200,16896,34,161,79
1741,-111,231,17267,656,-854,-506,-20,160,16948,25,171,7
1751,-92,237,17250,661,-852,-504,-56,128,16812,37,179,19
1761,-96,231,17258,665,-840,-509,-20,192,17048,18,197,33
1771,-95,244,17274,657,-859,-502,-48,184,16952,-8,193,57
1811,-98,229,17254,661,-843,-505,-56,212,16944,-4,205,1
1821,-88,232,17268,670,-847,-510,-64,200,17036,34,192,6
1831,-106,225,17263,650,-837,-499,32,148,17000,24,165,31
1841,-93,238,17259,658,-858,-503,-48,148,17060,37,170,0
1851,-104,238,17266,668,-851,-510,-4,116,16908,9,233,15
1861,-107,225,17256,668,-848,-511,-72,112,16932,2,181,39
1871,-91,231,17261,669,-839,-519,-104,124,16908,42,198,19
1881,-108,237,17285,661,-856,-503,-4,156,16988,43,171,53
1891,-107,243,17258,650,-839,-504,-68,148,16928,9,205,13
1901,-96,248,17262,640,-857,-490,-32,172,17016,21,190,14
1911,-102,239,17242,661,-851,-506,-40,160,16964,28,211,27
1921,-104,245,17267,657,-851,-505,-48,208,16940,12,169,14
1931,-93,231,17261,640,-841,-499,-52,152,16920,11,171,40
1941,-119,235,17257,665,-847,-511,-4,164,17028,13,195,46
1951,-106,223,17262,662,-845,-503,-28,236,16884,-8,179,15
1961,-91,227,17268,657,-839,-499,12,200,16904,11,181,6
2001,-106,247,17265,660,-842,-504,-12,196,17092,21,189,25
2011,-111,237,17262,661,-847,-497,-96,96,17020,10,161,41
2021,-95,240,17272,662,-854,-501,-32,164,16968,41,194,10
2031,-105,245,17258,658,-853,-502,-8,136,16836,30,196,9
2041,-96,243,17249,672,-834,-505,-56,260,17036,32,178,18
2051,-108,246,17251,676,-853,-510,-52,244,16892,41,174,38
2061,-107,235,17274,665,-856,-506,-12,200,16896,33,193,27
2071,-101,238,17263,660,-839,-510,-20,168,16992,55,148,45
2081,-98,235,17267,661,-851,-505,20,152,16844,30,199,44
2091,-119,239,17270,660,-852,-504,4,168,16952,26,205,-8
2101,-108,245,17264,657,-832,-509,12,184,16908,36,189,18
2111,-105,233,17272,648,-848,-499,-12,132,16992,12,191,30
2121,-106,239,17243,647,-867,-498,16,176,16964,25,179,39
2131,-107,230,17276,651,-842,-508,-36,108,16880,7,202,22
2141,-92,239,17252,649,-858,-503,-48,128,16964,43,197,43
2151,-112,220,17258,658,-844,-509,-8,200,17024,18,231,36
2161,-91,241,17272,662,-852,-501,-64,224,16832,11,171,-3
2171,-109,241,17264,666,-847,-511,-24,108,16928,35,204,27
2181,-98,239,17279,644,-849,-498,-48,184,17044,24,159,1
2191,-97,236,17267,652,-843,-508,56,188,16944,7,237,39
2201,-111,241,17268,649,-860,-500,16,204,16996,-12,179,26
2211,-110,243,17260,658,-870,-499,24,72,16968,26,194,46
2221,-92,221,17260,653,-859,-500,-28,268,16836,32,155,23
2231,-111,234,17257,652,-853,-497,-60,144,16948,38,178,18
2241,-114,240,17280,648,-853,-486,-76,132,16912,56,173,9
2281,-107,243,17280,653,-856,-499,-16,144,16832,18,173,8
2291,-100,231,17277,663,-865,-500,-40,168,17024,29,185,33
2301,-95,229,17267,655,-858,-507,-28,184,16936,7,196,37
2311,-108,241,17273,649,-847,-506,56,176,16912,20,207,55
2321,-115,233,17258,669,-861,-511,-72,144,16868,29,187,40
2331,-103,235,17266,647,-863,-496,-12,152,16972,-10,177,12
2341,-114,235,17274,671,-823,-509,-120,192,16924,42,192,18
2351,-97,244,17274,648,-853,-502,-96,148,16920,46,214,22
2361,-93,244,17237,633,-852,-494,-56,168,16908,19,156,24
2371,-90,242,17264,651,-846,-502,-52,196,17000,13,182,33
2381,-101,240,17265,656,-845,-498,20,176,16920,30,186,13
2391,-110,242,17263,659,-844,-506,-32,152,16932,58,187,40
2401,-105,254,17266,653,-844,-505,-44,204,16972,8,177,57
2411,-104,231,17261,661,-848,-494,-48,140,16872,40,203,16
2421,-110,243,17276,658,-854,-495,-8,184,16920,5,216,19
2461,-85,234,17258,650,-855,-506,-32,188,17024,31,183,68
2471,-111,230,17261,641,-849,-501,-60,104,16988,33,200,53
2481,-98,230,17260,647,-853,-499,-28,164,16948,24,204,34
2491,-111,233,17271,645,-851,-493,-76,196,17092,41,186,34
2501,-99,263,17263,663,-850,-505,-52,148,16944,35,195,49
2511,-104,246,17257,658,-858,-502,-8,192,16960,28,192,56
2521,-115,243,17266,644,-847,-498,-84,196,16928,-31,189,36
2531,-101,240,17268,646,-847,-500,72,232,16956,40,175,13
2541,-108,244,17261,657,-844,-503,-32,224,16944,0,194,22
2551,-96,231,17249,663,-844,-504,-48,200,17000,26,195,21
2561,-108,235,17259,668,-857,-515,-40,152,17004,40,165,-5
2571,-114,229,17256,644,-856,-501,-84,192,16940,28,182,24
2581,-101,235,17266,649,-842,-506,-112,216,16972,14,169,26
2591,-101,231,17272,650,-853,-505,-44,220,16876,40,187,30
2601,-105,253,17274,642,-858,-488,-68,124,16928,-1,208,10
2611,-103,236,17262,641,-848,-494,-68,176,16860,-4,209,26
2621,-104,247,17257,655,-842,-503,-60,176,16864,-13,179,30
2631,-104,239,17271,666,-845,-513,-48,168,17016,0,191,5
2641,-107,226,17262,669,-841,-509,-32,228,16836,21,175,50
2651,-108,234,17255,656,-842,-508,-40,192,17008,6,172,30
2661,-103,230,17260,646,-865,-495,20,136,16916,31,191,29
2671,-107,232,17266,645,-855,-492,-64,148,16900,23,193,25
2681,-110,234,17269,640,-858,-493,-32,124,17000,23,184,17
2691,-120,226,17255,651,-848,-502,8,128,17028,18,179,26
2701,-117,243,17264,643,-872,-491,-56,176,16912,31,203,12
2741,-115,236,17269,639,-858,-491,-4,176,16956,12,207,34
2751,-108,235,17259,651,-853,-495,0,208,16908,46,183,26
2761,-107,243,17275,642,-866,-494,-20,192,16944,29,202,37
2771,-99,238,17270,651,-842,-498,-76,196,16928,16,189,51
2781,-104,243,17254,642,-850,-496,-84,148,16952,11,191,5
2791,-107,239,17256,639,-863,-487,-52,196,16944,20,209,26
2801,-97,223,17268,659,-854,-503,-64,228,17120,-2,216,26
2811,-117,240,17258,651,-852,-504,-52,164,16904,40,190,40
2821,-110,232,17259,647,-855,-494,-24,212,16944,33,186,32
2831,-100,234,17274,658,-850,-501,16,188,16884,27,188,15
2841,-97,248,17269,646,-842,-506,-24,148,17028,-10,194,-8
2851,-102,248,17241,645,-845,-501,-80,196,16916,46,205,31
2861,-113,238,17269,658,-867,-502,-52,212,16900,33,203,30
2871,-109,240,17269,653,-854,-502,-40,164,16836,12,197,18
2881,-106,233,17234,648,-857,-499,-104,152,16980,23,185,29
2921,-110,228,17258,653,-850,-495,-24,172,16896,32,190,38
2931,-102,240,17282,660,-837,-513,-84,116,17016,26,189,24
2941,-100,225,17272,657,-848,-507,-52,120,17020,68,180,20
2962,-96,240,17264,645,-847,-490,-16,224,16896,-2,186,52
2972,-99,233,17255,646,-854,-498,-16,156,16844,33,197,23
2982,-82,232,17255,662,-855,-503,-56,168,16864,30,190,43
2992,-104,236,17259,647,-859,-489,-100,140,16852,15,212,24
3002,-112,236,17268,641,-852,-487,-60,160,16916,5,181,8
3012,-100,232,17271,647,-858,-497,36,160,16896,53,170,18
3022,-107,228,17242,660,-858,-499,-28,160,16836,49,193,45
3032,-115,245,17262,678,-859,-510,-4,164,16992,29,200,15
3042,-118,221,17264,652,-867,-495,-100,180,16844,19,230,35
3052,-109,233,17265,637,-860,-490,-52,236,17008,4,185,38
3062,-94,228,17243,645,-842,-496,4,304,16892,2,159,50
3072,-118,233,17269,655,-859,-501,-40,192,16936,35,186,36
3082,-108,224,17264,653,-853,-501,-4,220,17000,21,200,11
3092,-104,233,17250,642,-853,-495,-36,164,16936,34,169,39
3102,-110,235,17267,656,-849,-503,60,184,16920,45,190,40
3112,-109,230,17245,659,-854,-506,-24,212,16880,9,161,57
3122,-93,244,17253,661,-858,-501,-44,184,17040,-7,191,34
3132,-90,237,17273,660,-851,-495,4,200,16884,60,196,28
3142,-130,237,17266,656,-855,-504,-16,192,16948,6,154,56
3152,-100,234,17256,651,-860,-504,-84,116,16892,58,207,39
3162,-101,241,17271,657,-843,-506,-8,144,16912,29,178,29
3202,-99,219,17265,643,-880,-488,-16,204,16980,16,187,43
3212,-116,252,17265,659,-855,-503,-40,196,16880,29,174,36
3222,-112,234,17262,667,-845,-506,-64,192,16960,14,192,55
3232,-112,227,17279,662,-847,-500,0,196,16852,59,193,21
3242,-107,234,17260,658,-864,-503,-56,216,16912,1,192,6
3252,-108,250,17245,647,-865,-495,12,204,16888,23,190,66
3262,-101,236,17261,664,-833,-511,-40,168,16948,25,241,26
3272,-106,232,17255,675,-867,-519,-16,188,16972,18,199,22
3282,-111,239,17258,656,-860,-501,28,244,16880,42,176,2
3292,-91,220,17263,662,-840,-505,16,256,16960,14,210,57
3302,-108,233,17263,671,-840,-512,-16,256,16932,31,219,29
3312,-101,245,17274,677,-849,-510,-16,212,17032,34,193,38
3322,-109,244,17251,664,-855,-506,-52,144,16908,2,187,31
3332,-115,249,17263,663,-852,-505,-16,164,17004,28,170,37
3342,-112,244,17267,652,-863,-493,-20,192,16912,20,143,15
3352,-100,246,17271,641,-879,-482,-56,184,16876,19,184,38
3392,-113,245,17262,659,-850,-510,-40,188,16912,40,180,51
3402,-109,215,17240,637,-866,-484,-36,200,17028,39,159,23
3412,-105,242,17261,638,-860,-496,-8,144,16956,48,196,25
3422,-99,234,17269,644,-840,-500,-88,172,16884,9,187,-7
3432,-106,244,17271,662,-839,-505,-28,160,16980,32,190,27
3442,-107,242,17278,654,-859,-498,-100,68,16912,-9,202,16
3452,-108,226,17266,655,-857,-495,-76,176,16980,11,189,43
3462,-91,224,17253,646,-865,-486,-20,224,17004,-16,207,36
3472,-119,238,17260,660,-856,-499,-4,172,16936,7,213,51
3482,-92,226,17279,659,-857,-513,16,208,16876,6,187,20
3492,-105,247,17272,647,-864,-493,-44,144,16876,14,194,32
3502,-100,234,17254,638,-851,-495,-52,196,16960,23,180,24
3512,-97,228,17252,641,-854,-495,-60,172,16904,46,192,38
3522,-123,235,17277,649,-847,-492,-12,196,16932,29,191,51
3532,-104,229,17257,653,-852,-497,-52,180,16856,14,201,47
3542,-109,233,17248,668,-852,-508,-36,152,16940,15,191,3
3552,-114,239,17268,654,-859,-500,-16,180,16852,50,174,36
3562,-120,244,17276,646,-859,-499,-100,224,16968,21,235,37
3572,-94,231,17265,658,-829,-503,-8,228,16912,-4,172,33
3582,-107,233,17276,636,-857,-492,-48,168,16908,38,210,12
3592,-101,236,17253,646,-844,-504,-12,192,16912,12,216,26
3602,-104,241,17257,653,-852,-501,-12,204,17036,66,211,23
3612,-118,249,17257,641,-861,-500,-44,108,16948,-25,198,30
3622,-110,233,17272,655,-861,-506,-52,156,16968,12,201,31
3662,-113,234,17262,669,-849,-505,-96,200,17028,22,209,18
3672,-108,237,17267,668,-841,-509,-56,188,16932,16,194,47
3682,-103,233,17262,652,-858,-510,-20,236,16928,58,171,8
3692,-96,224,17265,648,-861,-496,-88,224,16992,48,180,50
3702,-112,224,17275,657,-857,-498,-40,148,17056,23,192,43
3712,-112,229,17277,655,-851,-508,-40,244,16968,7,220,44
3722,-122,230,17251,656,-859,-500,-60,184,16972,20,174,35
3732,-102,237,17282,652,-852,-503,-36,168,17040,26,203,39
3742,-113,248,17277,652,-863,-501,-44,168,16992,-14,180,50
3752,-115,236,17267,664,-857,-508,8,160,16952,30,216,48
3762,-118,237,17262,655,-862,-501,-64,216,17064,29,192,24
3772,-107,245,17257,670,-849,-509,-20,164,16868,26,212,27
3782,-101,240,17271,660,-841,-505,16,152,16920,46,164,30
3792,-100,247,17273,664,-859,-504,-60,124,16920,25,228,30
3802,-130,236,17261,651,-851,-501,-36,168,16968,17,188,50
3812,-106,229,17264,635,-843,-495,0,268,17040,18,192,22
3872,-87,232,17269,650,-861,-501,-24,152,16884,38,193,35
3882,-121,248,17253,660,-864,-501,16,184,16956,10,179,17
3892,-103,231,17259,669,-843,-514,-92,136,16952,46,161,75
3902,-111,235,17271,651,-869,-493,0,176,16844,9,199,31
3912,-108,237,17252,646,-867,-497,-16,172,16940,41,193,39
3922,-110,231,17268,651,-849,-499,-92,220,16944,-15,227,5
3932,-100,245,17273,659,-851,-507,0,152,16968,7,188,40
3942,-95,239,17266,659,-846,-502,-4,188,16940,19,181,23
3952,-109,247,17283,636,-858,-492,-36,204,16968,31,198,43
3962,-99,232,17267,641,-860,-489,-64,268,16968,55,188,26
3972,-104,230,17259,643,-851,-501,-60,232,16940,8,186,32
3982,-106,244,17265,646,-848,-492,-12,176,16852,28,171,22
3992,-108,228,17254,649,-860,-501,-40,200,16876,33,187,33
4002,-93,247,17272,648,-846,-501,-48,200,16896,16,173,0
4012,-102,233,17268,649,-865,-497,-12,168,16924,1,206,14
4022,-114,234,17279,665,-841,-508,-68,192,16832,39,186,9
4032,-112,247,17255,646,-853,-502,-36,164,16952,21,149,36
4042,-100,245,17278,659,-863,-506,-92,164,16936,-10,163,39
4052,-110,237,17256,661,-850,-501,24,156,16864,34,188,15
4062,-111,234,17259,648,-858,-497,-84,176,16912,32,218,74
4072,-107,228,17272,644,-860,-492,-28,176,16972,16,182,-6
4082,-116,235,17262,648,-842,-501,-4,140,16992,35,161,10
4092,-96,241,17274,648,-860,-497,36,216,16864,50,193,27
4102,-110,239,17276,655,-865,-499,-56,124,16960,39,204,14
4112,-108,234,17266,644,-861,-493,32,212,16976,29,186,63
4122,-113,232,17259,652,-867,-492,12,212,16944,20,219,29
4132,-100,232,17262,660,-859,-498,-20,196,16896,54,182,57
4142,-129,242,17268,660,-864,-492,40,180,16896,58,188,22
4152,-108,232,17253,662,-861,-502,-24,204,17024,-9,197,31
4162,-111,241,17261,654,-864,-494,36,144,16932,27,215,15
4172,-115,235,17266,663,-859,-501,0,172,16980,26,194,48
4182,-97,236,17275,666,-858,-509,-48,224,17076,1,179,56
4192,-108,239,17285,645,-868,-492,-76,148,17012,0,201,7
4232,-101,230,17255,662,-853,-507,-8,200,16936,20,195,35
4242,-106,224,17267,667,-850,-505,-60,204,16960,32,194,45
4252,-103,246,17281,667,-839,-513,-80,216,16776,6,163,29
4262,-104,228,17258,656,-844,-505,-48,156,16964,31,198,-1
4272,-118,235,17261,646,-852,-502,-24,236,16916,17,182,-6
4282,-122,236,17266,653,-855,-504,-64,160,17020,31,204,38
4292,-111,245,17259,666,-850,-493,-88,216,16936,31,188,74
4302,-111,234,17268,660,-864,-502,12,160,16996,2,206,33
4312,-101,241,17271,671,-862,-506,-56,156,16972,2,151,29
4322,-119,229,17270,645,-862,-504,20,172,16976,4,193,33
4332,-82,220,17278,660,-864,-505,-96,176,16928,10,212,46
4342,-103,240,17275,679,-853,-519,-28,184,16892,3,210,24
4352,-104,223,17272,671,-861,-507,32,196,16948,36,210,16
4362,-120,238,17268,678,-860,-508,-92,156,16800,37,203,31
4372,-112,240,17264,639,-855,-496,-20,228,17024,-4,176,37
4412,-106,237,17268,662,-864,-504,-20,176,16988,5,191,-5
4422,-102,239,17259,661,-857,-496,-60,144,16944,2,198,71
4432,-115,241,17277,649,-856,-503,-48,172,16932,29,180,36
4442,-97,236,17270,657,-853,-499,-80,204,16884,3,196,18
4452,-103,236,17281,660,-859,-501,44,172,17004,18,180,55
4462,-105,226,17277,649,-866,-499,4,132,16948,12,182,18
4472,-133,240,17252,651,-854,-505,-12,200,16980,29,158,16
4482,-107,233,17279,649,-861,-498,16,180,17032,10,173,5
4492,-121,224,17264,655,-857,-503,4,248,16948,54,190,2
4502,-114,233,17265,647,-863,-500,-52,176,16916,35,198,19
4512,-117,242,17290,641,-865,-493,-16,220,16948,44,197,23
4522,-111,234,17272,633,-870,-493,-68,116,16920,11,185,53
4532,-108,239,17264,634,-874,-486,-68,148,16840,13,190,40
4542,-112,236,17276,632,-870,-492,-28,188,16888,20,179,38
4552,-113,225,17273,644,-868,-495,-20,232,16908,43,186,53
4562,-111,239,17276,648,-867,-501,12,152,16948,26,198,42
4572,-114,240,17282,651,-869,-495,-44,140,16960,31,204,24
4582,-105,230,17283,646,-857,-495,-44,180,16924,14,201,18
4592,-108,242,17257,638,-842,-493,28,184,16988,27,186,26
4602,-115,244,17272,637,-869,-492,-4,208,16968,21,164,36
4612,-113,234,17259,640,-862,-495,-20,204,16996,41,168,10
4622,-107,235,17278,642,-871,-491,-20,200,16972,13,170,45
4632,-111,237,17270,664,-850,-501,-36,216,16972,28,187,27
4642,-109,222,17260,651,-849,-499,-76,216,16976,22,188,30
4652,-116,242,17256,655,-859,-496,-64,188,16912,-12,213,9
4692,-110,226,17282,660,-861,-499,-24,152,16928,23,198,3
4702,-96,237,17274,655,-848,-504,-20,152,16864,25,170,12
4712,-119,247,17285,647,-867,-496,24,184,16864,27,182,15
4722,-106,244,17265,632,-876,-485,-68,184,16868,14,224,18
4732,-105,242,17272,644,-859,-493,-52,156,16884,10,198,6
4742,-105,225,17257,656,-860,-496,12,128,16908,31,176,38
4752,-104,233,17269,659,-863,-501,-32,196,16940,-8,188,54
4762,-93,224,17258,661,-862,-506,-92,200,16916,26,200,12
4772,-99,236,17262,657,-848,-504,-56,140,16920,14,171,25
4782,-112,228,17262,658,-857,-502,16,160,16964,19,177,20
4792,-106,244,17284,652,-849,-503,36,192,16980,15,181,19
4802,-108,237,17276,661,-853,-500,-56,220,16940,45,181,53
4812,-100,235,17268,668,-880,-500,-4,104,16964,5,176,27
4822,-115,248,17267,651,-853,-501,-52,192,16864,-20,179,48
4832,-107,243,17274,645,-866,-485,-12,172,17032,27,197,3
4872,-122,233,17276,632,-858,-491,-44,172,16840,18,210,12
4882,-107,231,17257,648,-857,-494,-52,164,16948,67,200,64
4892,-114,246,17260,636,-873,-492,-28,192,16936,24,206,20
4902,-103,239,17279,649,-852,-494,-52,224,16980,27,175,32
4912,-111,240,17272,644,-856,-489,-28,152,16988,52,177,50
4922,-118,238,17265,649,-863,-495,-36,208,16892,16,233,16
4932,-111,249,17266,644,-868,-492,-64,148,16924,19,192,50
4942,-113,231,17279,651,-852,-500,-40,116,16920,10,175,26
4953,-99,236,17272,659,-859,-501,-36,92,16880,33,197,41
4963,-113,244,17271,660,-852,-508,-104,176,16948,34,190,61
4973,-120,251,17280,648,-853,-498,-24,160,16920,34,201,21
4983,-104,237,17276,657,-868,-500,-16,176,16964,67,205,24
4993,-112,240,17260,646,-850,-501,-64,228,16892,50,159,22
5003,-109,225,17264,651,-854,-499,-44,176,17008,18,192,25
5013,-96,236,17279,655,-886,-500,-96,236,17000,43,198,69
5023,-131,220,17266,650,-868,-499,-60,200,16984,27,173,11
5033,-113,244,17269,652,-867,-504,-56,120,17000,-4,185,36
5043,-114,233,17276,657,-866,-500,48,180,16912,-2,193,66
5053,-108,234,17259,653,-868,-501,4,244,16928,16,204,18
5063,-124,253,17265,655,-868,-503,-8,144,16912,27,218,37
5073,-103,240,17272,657,-862,-502,8,236,16876,14,158,23
5083,-120,240,17270,665,-856,-508,-48,160,16812,3,191,38
5093,-103,237,17275,659,-861,-503,-64,220,16960,28,160,45
5103,-107,228,17279,665,-852,-499,-20,160,16956,16,179,59
5143,-125,231,17276,657,-854,-501,-28,144,16928,18,189,50
5153,-107,228,17268,656,-853,-497,52,200,16940,-3,123,26
5163,-114,231,17263,652,-860,-498,-12,180,16964,27,161,41
5173,-100,226,17284,668,-863,-508,-80,176,16936,57,186,0
5183,-104,231,17265,660,-858,-508,-4,228,16912,35,180,18
5193,-111,236,17253,654,-849,-505,0,176,16952,38,166,34
5203,-108,236,17289,657,-854,-503,-24,160,16976,10,217,68
5213,-110,235,17270,658,-846,-497,8,176,16972,5,195,30
5223,-105,243,17282,646,-866,-498,48,184,16980,16,196,16
5233,-117,238,17265,648,-868,-494,-24,128,16864,22,189,-13
5243,-111,238,17269,653,-875,-495,-48,164,16932,35,172,39
5253,-114,242,17260,641,-868,-491,-52,248,17020,0,234,50
5263,-105,219,17278,652,-848,-512,-24,148,16892,12,211,24
5273,-112,239,17272,659,-854,-513,-112,240,16928,59,233,47
5283,-106,238,17273,652,-865,-492,-44,140,16972,45,209,27
5293,-108,241,17288,660,-861,-501,-24,248,16992,28,177,18
5333,-104,227,17283,638,-852,-489,-24,216,16832,37,177,54
5343,-109,248,17274,648,-861,-498,-24,212,16848,20,201,17
5353,-110,248,17270,665,-848,-507,-24,156,16872,11,205,38
5363,-118,231,17273,656,-858,-507,-76,144,16996,17,169,11
5373,-108,238,17276,642,-870,-497,-56,160,16932,7,223,21
5383,-118,229,17269,646,-866,-497,36,88,16956,14,196,45
5393,-108,233,17254,653,-869,-493,-40,148,17068,23,216,19
5403,-122,234,17278,654,-867,-503,-24,204,17048,56,218,40
5413,-113,240,17268,673,-849,-509,-24,268,16920,37,187,7
5423,-117,238,17274,662,-861,-505,-60,148,16952,-10,199,26
5433,-96,229,17270,662,-875,-496,-116,168,16900,25,183,47
5443,-107,235,17267,648,-869,-494,-68,252,16964,30,173,41
5453,-115,224,17274,655,-858,-497,-64,276,16940,48,194,44
5463,-127,227,17280,665,-857,-506,-80,224,16820,25,180,4
5473,-105,251,17275,646,-868,-498,-48,204,16932,31,182,27
5483,-112,246,17274,638,-873,-493,12,100,16992,39,194,47
5493,-110,239,17273,669,-860,-505,-48,184,16952,4,194,58
5503,-109,232,17262,652,-868,-502,-36,228,16840,13,171,20
5513,-105,251,17290,649,-845,-499,-56,144,16996,6,201,11
5523,-119,249,17268,650,-860,-505,-56,132,16884,37,196,47
5533,-109,223,17261,648,-859,-497,20,160,16900,40,199,26
5543,-109,252,17281,657,-873,-505,-32,224,16948,29,215,34
5553,-104,231,17254,664,-863,-507,-44,236,16848,8,200,52
5563,-112,239,17276,661,-862,-508,-20,168,17012,27,167,25
5603,-113,241,17274,651,-854,-501,12,184,16940,-1,197,29
5613,-103,240,17292,658,-841,-500,-4,160,17000,25,173,19
5623,-95,239,17284,657,-848,-503,-20,164,16908,-29,210,18
5633,-117,243,17277,651,-857,-502,52,244,16860,34,196,20
5643,-111,246,17277,644,-867,-502,-60,116,16988,21,203,16
5653,-107,237,17281,641,-869,-494,-4,176,16980,35,189,51
5663,-107,236,17287,645,-872,-496,-116,176,16964,28,192,42
5673,-124,243,17272,643,-873,-501,-16,160,16936,17,193,35
5683,-114,230,17270,645,-864,-497,-68,244,16880,23,194,7
5693,-108,237,17299,650,-865,-495,-44,192,16856,-10,190,43
5703,-105,236,17287,661,-864,-506,-28,184,16932,21,201,36
5713,-97,230,17269,663,-842,-518,-44,216,16908,56,162,61
5723,-110,234,17282,660,-845,-504,-36,212,16988,35,204,23
5733,-102,249,17274,666,-869,-504,-12,188,16892,14,193,32
5743,-106,237,17269,657,-868,-501,-80,156,16920,15,177,28
5753,-119,254,17285,645,-871,-494,-48,136,16912,7,172,7
5763,-113,233,17279,655,-861,-501,-12,164,16880,35,184,5
5773,-119,228,17260,645,-862,-491,-36,168,16952,43,197,69
5783,-108,242,17276,652,-861,-496,-64,212,16976,51,170,13
5793,-108,236,17255,657,-855,-505,-96,196,16892,10,174,30
5803,-111,232,17287,648,-873,-488,-56,172,16936,15,201,55
5813,-102,245,17267,657,-852,-502,-40,112,17028,40,186,7
5823,-108,239,17268,664,-846,-502,-60,180,16908,23,217,36
5833,-114,225,17278,654,-871,-502,-16,192,17016,1,227,29
5873,-115,237,17282,645,-873,-494,40,212,16908,31,216,12
5883,-109,249,17262,650,-866,-493,48,240,16932,13,197,54
5893,-121,242,17280,660,-853,-500,-40,144,17032,19,186,74
5903,-112,236,17282,645,-864,-492,-52,220,16920,33,212,26
5913,-111,233,17267,659,-859,-496,-52,200,16900,28,188,38
5923,-104,233,17295,663,-862,-496,-48,180,16960,18,181,16
5933,-117,230,17268,663,-863,-502,-36,176,16956,47,195,32
5943,-102,233,17260,658,-855,-511,-4,232,16896,19,211,57
5953,-115,234,17282,652,-854,-503,-60,168,16872,26,202,40
5963,-96,234,17266,637,-860,-490,-88,224,17000,-3,183,35
5973,-111,228,17287,639,-864,-489,-52,192,16964,24,185,46
5983,-105,221,17273,654,-860,-500,0,188,16896,12,202,32
5993,-110,243,17281,646,-854,-500,-20,152,16924,32,164,41
6003,-108,228,17269,657,-858,-499,16,120,16816,16,185,31
6013,-119,242,17288,642,-867,-487,8,220,16944,-1,183,37
6023,-103,225,17257,656,-856,-497,-56,156,16880,22,184,63
6063,-112,237,17287,649,-845,-499,-16,140,16948,30,202,30
6073,-95,233,17269,647,-861,-498,28,188,16880,40,157,20
6083,-124,229,17284,654,-872,-501,-76,168,16956,7,209,26
6093,-103,241,17260,666,-855,-507,-80,112,16964,25,170,26
6103,-111,234,17277,648,-866,-498,-8,196,17052,-4,212,16
6113,-110,229,17269,657,-858,-501,-72,172,16944,51,180,42
6123,-125,236,17258,654,-867,-491,-12,176,16896,16,163,23
6133,-114,236,17271,654,-862,-507,-52,212,16944,35,193,24
6143,-105,239,17289,644,-859,-498,4,184,17016,36,182,43
6153,-101,246,17272,645,-866,-497,-76,168,17032,19,174,36
6163,-111,227,17278,660,-864,-501,-72,140,17012,46,191,27
6173,-116,231,17267,642,-866,-491,-40,88,16928,29,188,61
6183,-114,249,17271,655,-862,-500,-56,172,16996,13,212,38
6193,-97,226,17270,657,-877,-496,0,240,16912,10,178,22
6203,-108,241,17279,655,-873,-499,8,264,16904,47,185,57
6213,-113,228,17279,650,-866,-500,-44,176,16908,0,167,39
6223,-104,244,17256,646,-867,-493,-32,204,16924,44,196,19
6233,-104,244,17288,641,-854,-502,24,204,16996,14,173,5
6243,-110,236,17275,649,-877,-501,28,168,16880,31,199,25
6253,-109,228,17286,643,-854,-493,-44,208,16836,8,199,7
6263,-105,245,17269,654,-872,-497,16,164,17032,13,188,42
6273,-103,233,17278,648,-875,-494,-20,152,16880,17,170,21
6283,-104,231,17279,656,-866,-503,-40,144,16876,17,186,51
6293,-106,239,17274,650,-868,-503,-48,200,17012,38,154,33
6333,-116,234,17269,655,-844,-505,-60,168,16804,10,209,27
6343,-108,234,17296,664,-867,-503,4,136,16884,39,189,26
6353,-112,240,17283,663,-865,-501,16,132,17124,28,226,50
6363,-113,232,17285,663,-850,-502,-68,184,16916,0,203,22
6373,-104,239,17279,655,-856,-497,-84,176,16984,24,205,33
6383,-106,245,17269,647,-863,-497,-72,176,17008,33,234,34
6393,-110,232,17266,660,-859,-507,12,108,16828,-8,164,14
6403,-112,251,17265,642,-862,-490,-52,196,17004,34,189,16
6413,-115,232,17277,652,-854,-497,-100,84,16920,-2,175,43
6423,-119,232,17284,654,-858,-497,-20,104,16904,15,188,29
6433,-103,234,17263,653,-865,-497,-60,168,16972,31,182,23
6443,-107,237,17274,653,-861,-491,-44,252,16948,32,210,33
6453,-105,236,17271,637,-880,-491,24,184,16924,40,201,47
6463,-107,240,17264,651,-880,-494,-80,124,17052,46,176,46
6473,-115,222,17271,649,-866,-498,-24,128,17016,35,212,26
6483,-100,231,17286,660,-862,-498,-40,128,16984,19,199,51
6493,-121,239,17266,648,-861,-496,-92,188,16996,40,185,53
6503,-118,236,17280,640,-863,-497,-72,152,16892,32,189,26
6513,-108,245,17282,647,-864,-494,-56,192,16912,18,195,28
6523,-106,233,17280,636,-864,-491,8,160,16968,40,187,32
6533,-113,242,17283,650,-872,-495,-8,164,16952,62,189,12
6543,-105,238,17279,649,-862,-493,-88,224,16908,8,176,36
6553,-125,242,17286,650,-871,-498,64,220,16904,22,208,30
6563,-114,236,17271,660,-858,-507,-28,168,16920,25,196,60
6623,-112,231,17280,650,-873,-495,-24,148,16952,45,184,18
6633,-109,240,17253,657,-866,-503,-40,144,16928,30,197,13
6643,-111,229,17268,645,-859,-502,-8,156,16964,9,169,10
6653,-107,241,17296,651,-856,-499,-68,164,16932,8,207,26
6663,-116,227,17289,653,-865,-497,-12,232,17020,9,204,28
6673,-106,232,17267,641,-854,-511,-24,188,16928,25,183,45
6683,-105,244,17283,648,-866,-507,-20,184,16932,36,224,31
6693,-116,222,17262,645,-856,-497,-64,188,16968,15,193,14
6703,-109,233,17271,642,-875,-489,-32,160,16884,31,175,28
6713,-103,227,17279,655,-871,-494,-12,156,17016,-2,173,51
6723,-99,244,17280,651,-875,-494,-76,160,16928,39,205,37
6733,-120,226,17269,630,-881,-485,-8,128,16960,17,158,38
6743,-127,230,17260,651,-862,-495,32,192,17028,46,165,21
6753,-99,242,17274,657,-873,-496,-52,220,16940,41,217,32
6763,-107,240,17295,643,-859,-502,-4,172,16856,30,186,20
6773,-109,232,17287,651,-867,-504,20,104,16916,-8,186,35
6783,-109,224,17273,659,-847,-502,-4,220,16908,-3,156,19
6793,-112,231,17285,659,-867,-502,-32,204,16984,42,182,47
6803,-103,237,17269,640,-858,-497,-56,168,16948,26,172,37
6813,-108,236,17286,656,-854,-496,-8,160,17012,16,157,43
6823,-110,234,17276,645,-863,-493,20,116,16960,14,204,14
6833,-111,230,17274,659,-860,-505,-32,192,16952,33,190,52
6843,-110,246,17267,649,-860,-497,48,200,17052,24,192,46
6853,-109,230,17271,645,-859,-499,16,132,16992,4,223,53
6863,-94,244,17260,648,-853,-495,-52,96,16896,11,196,41
6873,-107,238,17280,664,-853,-502,64,136,17032,40,212,2
6883,-92,225,17275,658,-865,-495,-40,188,16888,23,223,82
6893,-118,243,17283,651,-853,-501,12,180,16816,73,191,51
6903,-121,240,17275,661,-856,-502,-24,240,17040,29,183,-6
6913,-122,244,17268,643,-876,-494,-16,256,16972,26,192,44
6923,-114,237,17265,654,-878,-500,-12,176,16972,43,167,21
6933,-103,231,17264,666,-871,-501,-28,204,16852,-18,178,0
6943,-105,241,17280,640,-874,-495,0,244,16880,30,168,49
6954,-101,241,17288,646,-857,-490,-44,188,16920,42,176,34
6964,-114,245,17274,652,-876,-493,28,216,16812,17,218,20
6974,-118,223,17270,660,-867,-495,-8,196,16940,28,161,26
6984,-110,225,17266,660,-859,-502,-36,300,16900,-5,190,23
6994,-114,243,17293,639,-869,-500,-16,176,17020,64,205,2
7004,-101,233,17277,638,-859,-497,28,224,16904,5,191,35
7014,-122,249,17286,645,-873,-497,-48,200,16880,61,191,35
7024,-108,242,17263,646,-872,-498,12,216,16932,30,220,24
7084,-104,230,17263,639,-864,-497,-76,156,16944,12,204,42
7094,-106,244,17266,637,-880,-489,-16,192,16976,27,168,26
7104,-108,231,17284,650,-878,-495,-8,188,16836,15,177,32
7114,-124,232,17278,666,-867,-508,-48,212,16924,-27,202,39
7124,-111,228,17275,649,-863,-499,-12,132,16884,43,152,30
7134,-96,243,17284,638,-865,-499,-20,192,16952,32,196,38
7144,-126,239,17287,651,-869,-499,-96,184,16844,7,177,54
7154,-113,245,17276,656,-865,-508,-52,220,16984,31,169,6
7164,-113,239,17273,655,-857,-505,-52,196,16920,51,200,25
7174,-111,240,17279,659,-874,-503,0,196,16952,19,156,15
7184,-122,241,17263,646,-873,-491,-40,116,17036,23,200,48
7194,-100,234,17270,649,-861,-490,-56,212,16968,7,173,16
7204,-104,233,17276,656,-850,-497,-4,176,16840,51,170,44
7214,-114,218,17269,671,-864,-508,-16,176,16860,35,179,35
7224,-116,242,17261,661,-864,-507,-84,184,16908,-16,214,18
7234,-106,232,17275,651,-872,-501,-24,180,16952,22,216,22
7244,-104,235,17285,654,-871,-496,-64,164,16932,21,179,58
7254,-97,230,17288,667,-849,-501,0,228,17000,26,190,28
7264,-114,237,17268,670,-875,-511,-72,128,16864,14,193,40
7274,-99,235,17277,659,-859,-503,-56,176,17012,24,195,5
7284,-106,241,17284,649,-876,-496,12,136,16936,19,162,51
7294,-92,233,17266,653,-870,-503,-60,164,16900,28,156,40
7304,-104,228,17253,662,-854,-508,-28,176,16840,24,166,48
7314,-110,247,17294,650,-858,-494,-72,108,16912,39,171,34
7324,-120,233,17278,637,-860,-488,4,188,16928,21,170,33
7334,-117,229,17274,657,-871,-498,28,248,16936,-9,188,37
7344,-104,230,17295,663,-861,-503,-88,144,17060,51,200,12
7354,-119,232,17273,670,-858,-507,20,184,16856,49,191,52
7364,-102,222,17267,656,-867,-498,-104,224,16956,40,211,20
7374,-109,241,17294,658,-879,-498,-72,132,16940,24,219,50
7384,-118,242,17293,659,-860,-498,-60,164,16920,27,197,-10
7394,-111,210,17255,646,-858,-498,-8,148,16828,18,173,26
7404,-97,229,17281,644,-865,-495,8,124,17000,38,174,12
7414,-107,228,17267,663,-865,-502,-44,236,16892,-5,167,32
7424,-108,229,17283,659,-861,-506,-36,228,16996,6,220,62
7434,-109,237,17277,641,-864,-498,-12,264,17080,41,176,60
7444,-117,239,17283,648,-860,-504,-36,160,16920,50,208,6
7454,-115,247,17267,658,-860,-506,-16,212,16892,35,209,28
7464,-105,231,17292,651,-856,-497,-76,200,16948,-27,173,28
7474,-109,230,17271,649,-869,-505,-52,172,16944,59,205,22
7484,-108,232,17274,654,-877,-500,-76,148,17016,8,186,-5
7544,-112,238,17267,650,-864,-501,48,172,16880,67,168,43
7554,-108,224,17275,644,-860,-493,-48,200,16960,39,204,20
7564,-117,228,17275,644,-859,-488,-40,200,16936,35,192,27
7574,-108,230,17256,662,-870,-506,0,220,17028,-30,163,54
7584,-102,221,17287,655,-873,-504,-48,132,16900,4,167,48
7594,-100,226,17281,655,-865,-500,-64,208,16984,6,165,42
7604,-115,230,17275,662,-863,-502,-8,192,17020,31,205,25
7614,-113,240,17278,653,-863,-503,-16,216,16968,27,185,62
7624,-107,224,17283,651,-860,-506,-80,176,16900,8,218,25
7634,-100,249,17275,671,-871,-499,-52,164,16868,35,172,20
7644,-114,229,17273,656,-867,-498,-68,172,16812,30,225,20
7654,-121,228,17272,650,-867,-505,4,184,16892,55,178,31
7664,-129,248,17283,649,-872,-497,16,240,16916,5,182,27
7674,-122,235,17273,650,-854,-497,-36,172,16920,33,191,13
7684,-125,241,17286,648,-874,-493,-16,216,16964,11,152,16
7694,-118,237,17266,645,-870,-494,-28,184,16852,50,187,58
7703,-108,229,17294,650,-878,-495,-52,176,16920,33,216,13
7714,-119,231,17281,651,-866,-501,-20,168,16904,29,158,51
7724,-129,233,17272,670,-865,-502,-24,220,16964,15,206,26
7734,-106,231,17265,667,-868,-507,-24,208,16916,32,179,33
7744,-104,235,17277,632,-852,-495,-84,252,16968,11,180,15
7754,-121,235,17263,654,-854,-505,-20,196,16872,24,186,-3
7764,-114,233,17259,657,-870,-491,16,208,16836,22,240,37
7773,-115,227,17273,651,-864,-500,-8,172,16924,49,168,-2
7783,-107,239,17275,660,-874,-496,-32,188,16904,6,206,37
7794,-101,229,17277,633,-861,-491,-8,232,16900,12,184,23
7804,-111,235,17277,634,-872,-491,-12,140,16924,-6,173,19
7814,-109,235,17264,632,-862,-487,-4,132,16888,34,217,42
7823,-100,238,17268,659,-858,-501,-32,132,17036,-1,197,53
7834,-118,236,17275,665,-858,-506,-60,216,16992,31,200,34
7844,-117,238,17281,651,-864,-497,-36,120,16952,-6,195,23
7854,-110,240,17270,664,-870,-507,40,192,16836,41,186,40
7864,-113,218,17270,665,-862,-509,-4,160,16772,54,177,35
7904,-103,242,17277,661,-864,-504,-12,224,16932,10,216,31
7914,-97,234,17295,658,-859,-506,12,140,17020,51,194,40
7923,-111,233,17274,649,-872,-498,-48,212,16948,36,195,59
7933,-118,233,17285,644,-876,-490,-44,196,16952,51,180,-5
7944,-122,244,17274,648,-879,-487,-60,204,16928,45,194,37
7954,-113,238,17263,656,-872,-494,-56,212,16944,55,176,28
7964,-107,230,17264,666,-870,-503,0,164,16988,36,207,23
7973,-106,223,17278,660,-846,-509,-48,140,16840,14,181,29
7984,-112,239,17267,654,-874,-500,-8,200,16908,59,192,44
7993,-121,234,17291,665,-869,-497,-28,148,16940,34,191,23
8003,-117,240,17281,662,-870,-506,-24,224,16940,52,154,33
8014,-108,240,17291,658,-866,-509,-32,140,16844,25,204,55
8024,-115,217,17254,660,-863,-506,-60,124,16924,21,170,23
8033,-112,242,17275,665,-867,-510,-12,200,16928,12,160,5
8043,-110,238,17287,654,-861,-502,-4,148,16980,34,201,24
8103,-107,232,17281,645,-884,-492,-8,208,16844,23,209,8
8113,-115,239,17282,646,-874,-495,-132,116,16952,14,207,38
8123,-118,235,17281,660,-850,-506,8,180,16952,27,180,44
8134,-110,224,17255,652,-859,-507,-144,212,16816,28,204,-2
8144,-117,234,17281,651,-869,-495,4,112,17052,28,182,46
8154,-129,240,17294,659,-863,-501,-12,152,16908,4,196,20
8163,-123,231,17262,659,-873,-501,-48,256,16860,5,215,33
8174,-125,224,17268,663,-872,-504,-52,132,16972,19,213,43
8183,-106,236,17274,657,-860,-498,40,196,17004,5,221,27
8193,-98,244,17271,661,-864,-516,-56,280,17016,31,196,41
8204,-113,232,17260,648,-874,-499,-16,180,17012,35,196,42
8213,-114,237,17276,654,-864,-501,-68,200,16948,20,215,48
8223,-110,234,17270,661,-860,-506,8,188,16912,20,175,39
8233,-106,235,17291,673,-868,-508,12,196,17000,31,172,30
8244,-129,229,17281,656,-883,-500,-52,180,16920,31,205,61
8254,-123,237,17276,658,-882,-500,-40,180,16976,8,194,43
8263,-118,234,17273,673,-869,-508,-44,196,16916,40,184,55
8274,-113,228,17288,654,-880,-499,-20,232,16864,19,179,42
8283,-101,235,17282,642,-862,-496,-4,156,16904,52,182,5
8293,-102,239,17273,646,-874,-504,8,216,16944,-4,163,26
8304,-102,242,17261,657,-864,-505,-48,180,16912,19,218,40
8313,-97,229,17278,667,-865,-506,20,176,17008,24,184,39
8323,-104,229,17269,660,-863,-505,-40,220,16868,27,203,62
8333,-115,236,17285,656,-867,-504,-68,200,16912,27,201,24
8344,-109,238,17282,651,-868,-499,-88,164,17012,50,210,41
8354,-102,243,17276,663,-878,-499,-52,204,16920,57,157,30
8363,-117,229,17272,661,-868,-502,-88,204,16932,27,176,16
8374,-130,226,17282,643,-859,-493,24,196,16828,22,213,21
8384,-105,231,17271,658,-845,-500,-12,204,16836,16,168,20
8394,-119,234,17270,658,-868,-501,-48,216,16828,30,217,21
8403,-114,230,17280,645,-860,-503,-20,276,16908,22,209,23
8413,-99,242,17289,642,-856,-495,-16,172,16908,36,141,53
8423,-116,240,17285,645,-854,-496,16,152,17004,29,196,15
8434,-113,240,17272,669,-856,-512,36,152,16940,37,176,55
8443,-110,239,17264,662,-867,-500,-32,188,16852,75,197,15
8454,-127,236,17282,659,-870,-501,-20,200,16900,5,200,13
8463,-98,221,17282,656,-861,-500,-20,180,16964,27,164,42
8473,-99,231,17270,657,-867,-500,-28,168,16952,13,208,-2
8483,-105,246,17278,660,-863,-503,-24,212,16888,10,190,33
8493,-109,235,17268,664,-874,-505,-32,252,17036,29,178,50
8503,-113,244,17292,656,-863,-506,8,148,16976,15,199,36
8543,-104,230,17276,652,-875,-497,-28,216,16924,-10,191,51
8554,-106,240,17252,658,-872,-508,-56,132,16872,31,205,27
8563,-115,236,17288,659,-850,-514,16,236,16964,-3,188,0
8573,-114,242,17281,662,-864,-513,-92,188,16972,47,179,33
8583,-109,232,17269,653,-863,-500,-36,184,17012,21,196,72
8594,-99,235,17268,657,-875,-501,-28,160,16820,39,179,48
8603,-115,233,17286,647,-870,-496,-24,200,16836,24,196,26
8613,-97,226,17279,641,-866,-499,16,140,16964,-19,204,39
8623,-121,233,17270,660,-868,-494,-40,200,16964,13,188,29
8633,-95,234,17272,652,-870,-493,-8,184,16928,46,174,0
8643,-117,232,17296,652,-880,-495,-76,184,17036,-6,199,20
8654,-110,234,17280,655,-865,-497,-72,136,16896,-5,205,8
8663,-101,241,17286,655,-869,-502,-12,152,16920,7,191,38
8673,-108,232,17279,651,-864,-495,-20,172,17008,7,192,26
8683,-115,234,17257,640,-882,-485,-48,212,17064,20,181,35
8693,-116,222,17264,659,-865,-501,-56,224,16868,55,208,51
8733,-110,242,17275,636,-878,-489,-24,212,16876,19,210,30
8743,-112,242,17278,648,-856,-506,-8,136,16972,24,201,23
8754,-118,257,17266,642,-870,-501,-84,176,17016,42,211,7
8763,-116,243,17281,644,-863,-500,-40,152,16960,39,183,49
8773,-111,243,17270,642,-871,-492,-52,264,17016,3,169,18
8784,-106,229,17281,654,-857,-503,-32,184,17052,37,185,33
8793,-116,232,17285,652,-852,-504,-68,208,17048,31,193,2
8803,-115,243,17278,660,-870,-506,-48,200,17032,17,171,40
8813,-101,240,17272,652,-861,-505,-40,224,16972,28,184,44
8823,-108,235,17289,645,-863,-504,24,200,16956,41,191,11
8833,-113,239,17262,654,-871,-503,28,148,16956,30,193,51
8843,-106,244,17279,672,-870,-501,-24,164,16960,-7,186,44
8854,-115,232,17271,657,-872,-500,-20,176,16864,21,163,16
8863,-113,237,17268,663,-861,-498,4,188,16932,21,208,52
8873,-106,227,17265,655,-874,-497,-36,228,16948,22,175,42
8884,-127,248,17286,654,-857,-500,4,188,16880,15,162,35
8893,-112,230,17289,651,-866,-495,-16,212,16892,58,239,44
8903,-111,233,17279,649,-868,-498,-48,220,16896,18,174,44
8913,-114,223,17271,668,-873,-504,-80,124,16948,25,175,46
8923,-115,233,17290,665,-864,-505,8,208,16952,34,214,46
8933,-107,231,17276,660,-882,-512,20,188,16976,24,173,-1
8943,-115,238,17266,663,-868,-509,36,208,16892,28,170,38
8955,-118,243,17271,655,-861,-501,-72,232,17080,44,208,44
8964,-108,233,17282,658,-851,-498,4,208,16948,11,183,23
9004,-123,229,17262,659,-873,-506,-24,108,16968,59,221,12
9014,-106,238,17265,669,-868,-506,0,148,16960,41,182,34
9024,-110,236,17276,650,-870,-495,-64,96,16876,12,206,13
9034,-107,237,17269,649,-864,-502,-20,208,16876,21,177,-4
9044,-89,228,17290,656,-873,-501,-40,220,16928,28,206,39
9055,-111,231,17266,676,-878,-498,-32,176,16888,14,187,65
9064,-115,229,17272,667,-881,-502,-36,208,16864,21,192,49
9074,-118,226,17290,651,-866,-504,-40,180,16960,26,195,33
9084,-104,244,17254,658,-863,-508,-32,200,17000,12,175,22
9094,-98,247,17268,663,-857,-504,-4,236,16956,15,202,26
9104,-113,236,17273,645,-859,-491,-32,164,16884,35,206,62
9114,-111,236,17280,634,-872,-489,20,168,17020,4,189,14
9124,-106,230,17269,657,-867,-500,-4,152,16904,5,199,9
9134,-121,225,17266,664,-877,-507,-24,156,17000,16,202,38
9144,-119,254,17274,669,-869,-505,-4,212,16944,-24,161,37
9155,-97,242,17267,664,-874,-500,-12,188,16864,19,181,21
9194,-106,235,17287,668,-872,-505,-60,176,16936,57,188,28
9204,-110,235,17257,662,-855,-502,-4,220,16916,56,202,37
9214,-95,233,17295,654,-892,-495,-16,188,17044,14,177,20
9224,-110,248,17272,635,-888,-491,-48,168,16864,8,214,0
9234,-120,232,17279,660,-871,-501,-4,120,16940,11,182,52
9244,-102,242,17281,660,-866,-498,-52,168,16896,23,203,43
9255,-103,229,17295,656,-860,-511,-44,128,16992,44,162,54
9264,-101,234,17271,657,-859,-505,-44,164,16904,28,178,45
9274,-112,248,17279,646,-865,-499,-8,148,16972,33,176,45
9284,-110,235,17262,648,-862,-500,-68,180,16948,24,168,37
9295,-106,231,17261,656,-867,-503,-36,216,16968,47,189,66
9304,-116,225,17266,657,-854,-503,4,164,17060,41,190,39
9314,-115,236,17278,643,-869,-499,-40,148,16976,20,193,37
9324,-101,231,17272,643,-875,-496,32,176,17032,38,200,45
9334,-114,248,17281,655,-872,-500,-68,148,16936,47,178,25
9344,-102,244,17281,641,-878,-488,-20,244,17000,29,200,11
9355,-109,210,17278,657,-879,-494,-36,220,16876,33,206,24
9364,-118,223,17273,662,-864,-497,-8,128,16896,49,169,41
9374,-118,220,17281,642,-871,-491,0,228,17016,24,182,22
9384,-112,234,17276,649,-879,-493,-20,100,16828,38,187,46
9394,-125,240,17284,649,-871,-495,-4,184,16948,42,187,51
9404,-107,233,17282,655,-864,-505,-20,164,16968,27,183,31
9414,-116,239,17271,667,-841,-507,-32,176,17016,38,177,25
9424,-104,229,17295,643,-868,-495,-84,216,16864,10,213,27
9464,-106,228,17281,659,-861,-500,32,164,16944,-5,200,29
9474,-110,234,17288,648,-872,-490,4,200,16832,10,177,43
9484,-110,234,17272,646,-880,-490,-44,100,16828,49,205,38
9494,-118,235,17271,656,-863,-504,4,160,16876,58,185,13
9504,-126,233,17287,638,-883,-484,-8,140,17036,9,199,60
9514,-115,228,17265,636,-874,-499,-16,216,16884,49,198,35
9524,-108,251,17287,664,-862,-507,-16,204,16908,25,196,18
9534,-114,239,17272,646,-867,-496,-48,208,16972,46,189,45
9544,-111,241,17275,659,-866,-492,-4,200,16992,32,169,9
9555,-104,228,17261,656,-871,-499,-36,200,16864,31,188,44
9564,-112,237,17270,667,-866,-499,-36,164,16912,40,212,46
9574,-131,236,17271,649,-869,-499,-28,152,16868,35,200,30
9584,-119,234,17279,656,-874,-498,-20,196,16984,11,194,49
9594,-125,226,17283,636,-866,-491,-20,212,16952,25,160,45
9604,-125,254,17264,647,-878,-495,-8,212,16892,3,188,24
9614,-103,239,17279,668,-850,-504,8,164,16904,16,209,20
9624,-117,242,17292,665,-863,-499,-40,208,16872,47,190,16
9634,-115,229,17255,652,-863,-505,-44,228,16824,27,187,-1
9644,-103,234,17269,652,-876,-493,-84,176,16972,-8,171,29
9655,-114,251,17281,648,-865,-499,-32,180,17028,-9,189,24
9664,-112,233,17280,659,-870,-495,36,216,16868,56,171,34
9674,-106,239,17276,656,-860,-502,8,140,16868,8,201,11
9684,-127,229,17274,652,-861,-496,16,208,16892,1,199,22
9694,-113,239,17289,654,-860,-500,64,224,16924,23,178,17
9755,-121,238,17268,626,-884,-481,-4,144,16960,31,202,35
9764,-102,222,17272,650,-874,-493,4,84,16920,18,163,13
9774,-114,237,17279,656,-863,-496,-24,144,16944,48,210,50
9784,-111,242,17268,670,-865,-504,24,160,16884,30,208,29
9794,-117,231,17269,657,-866,-499,-24,212,16972,34,190,19
9804,-107,233,17266,655,-860,-500,-76,188,16984,15,182,34
9814,-120,234,17281,660,-855,-502,-72,104,17012,49,214,58
9824,-107,250,17293,659,-870,-500,52,196,17004,42,200,68
9834,-110,224,17277,641,-859,-497,-32,228,16952,31,204,32
9844,-112,219,17284,639,-870,-500,-4,160,16968,70,187,35
9855,-124,236,17292,637,-874,-499,-104,160,16976,42,199,43
9864,-110,227,17274,643,-872,-500,0,184,16928,9,191,42
9874,-125,225,17271,648,-859,-507,8,264,16976,34,167,8
9884,-111,236,17295,655,-864,-500,4,160,16824,31,207,19
9894,-113,243,17258,639,-870,-495,16,168,16960,-15,166,23
9904,-115,226,17281,652,-865,-503,-60,116,16976,16,186,29
9914,-105,235,17280,647,-865,-504,-112,184,16948,44,240,51
9924,-116,227,17259,678,-850,-507,-56,212,17104,27,197,42
9934,-121,226,17299,661,-880,-501,28,136,16904,12,174,13
9944,-116,231,17302,659,-872,-496,-40,140,16956,23,192,27
9955,-119,237,17264,641,-870,-491,-64,132,16872,48,179,27
9964,-103,239,17290,654,-878,-490,-20,184,16948,55,182,61
9974,-122,235,17272,649,-869,-495,-20,148,16940,7,189,1
9984,-109,227,17305,659,-867,-503,-72,164,17008,18,223,31
9994,-100,230,17278,643,-874,-495,-96,128,17024,40,213,40
10004,-111,225,17276,650,-866,-502,-88,156,16916,30,174,36
10014,-130,221,17292,642,-865,-494,-60,208,16864,13,199,49
10024,-112,233,17271,649,-860,-495,4,140,16896,17,202,5
10034,-118,242,17279,666,-863,-492,-48,272,16980,26,186,12
10044,-115,214,17260,645,-879,-499,4,140,16852,18,214,21
10055,-117,227,17262,634,-882,-493,-20,176,17024,9,214,36
10064,-108,225,17254,656,-880,-499,-16,188,16876,44,177,31
10074,-116,242,17275,658,-862,-499,24,144,16992,29,181,26
10084,-97,225,17278,645,-864,-502,-16,168,16852,3,186,25
10094,-131,222,17264,655,-871,-496,-12,176,16920,-18,208,24
10104,-105,239,17296,656,-869,-503,-52,84,16920,30,185,25
10114,-115,228,17264,652,-868,-499,-8,156,16952,57,188,27
10124,-116,240,17280,652,-858,-503,-20,220,16948,18,215,46
10134,-127,229,17276,650,-900,-490,-104,168,16924,30,206,50
10144,-104,234,17274,657,-881,-497,-68,192,17004,18,205,-9
10155,-121,232,17261,657,-877,-496,-48,136,16956,20,186,39
10194,-112,226,17275,669,-880,-507,-68,228,16848,25,191,17
10204,-112,234,17279,680,-878,-508,44,172,16968,38,157,55
10214,-142,235,17291,638,-882,-491,-108,232,16856,9,213,37
10224,-119,222,17239,644,-867,-498,-20,152,16868,40,174,36
10234,-94,236,17281,661,-894,-491,-96,180,16928,-36,208,35
10244,-125,231,17288,637,-867,-493,12,156,16984,52,180,37
10255,-103,233,17277,671,-860,-494,-60,112,16880,-25,169,45
10294,-110,236,17275,655,-864,-507,-48,204,16876,18,172,4
10304,-119,230,17288,658,-874,-505,-88,152,16940,12,187,15
10314,-99,223,17262,658,-881,-498,24,212,16872,-3,208,16
10324,-118,223,17260,655,-863,-506,64,192,16992,42,189,23
10334,-105,227,17289,649,-879,-492,-16,176,16836,25,218,34
10344,-112,237,17255,658,-871,-502,-40,212,16944,33,179,35
10355,-113,234,17290,662,-866,-501,-16,148,16844,51,215,16
10364,-101,219,17294,649,-886,-496,20,220,16892,5,191,20
10374,-113,229,17260,651,-871,-503,-48,200,16912,39,218,44
10384,-129,231,17292,649,-878,-496,-8,172,16912,51,180,47
10394,-100,223,17283,635,-892,-490,-4,176,16964,33,188,17
10404,-102,224,17261,642,-873,-502,4,200,16952,9,200,49
10414,-111,237,17279,671,-873,-510,-88,168,16944,6,167,41
10424,-130,232,17276,653,-880,-499,-84,212,17004,32,186,27
10434,-110,236,17277,673,-863,-502,32,140,16888,30,196,22
10444,-118,238,17282,666,-874,-505,-20,200,16916,19,192,7
10455,-115,238,17286,657,-875,-497,-52,220,16944,32,188,31
10464,-107,241,17272,644,-872,-497,0,184,16952,35,197,19
10474,-110,237,17274,629,-877,-482,-36,212,16952,27,202,64
10484,-103,228,17276,629,-873,-485,-8,160,17008,19,207,12
10494,-105,232,17262,656,-860,-498,-48,184,17124,24,202,47
10504,-122,243,17285,641,-868,-496,-40,172,16936,41,171,43
10514,-109,223,17283,648,-865,-498,-44,172,16932,19,180,42
10525,-117,225,17263,650,-864,-499,8,144,17124,32,198,32
10564,-117,241,17275,658,-868,-502,-96,200,16972,10,201,44
10574,-104,237,17268,648,-875,-495,12,172,16900,41,199,33
10584,-125,229,17273,659,-873,-499,-52,152,16904,-1,198,47
10594,-122,232,17276,642,-868,-493,12,184,16956,40,210,32
10604,-112,238,17274,650,-863,-498,-24,172,16884,52,165,20
10614,-119,238,17273,654,-859,-500,-20,160,16900,38,229,29
10624,-119,239,17276,645,-866,-496,-76,172,16956,44,177,35
10634,-108,234,17282,648,-869,-490,4,160,16948,53,173,14
10644,-133,227,17273,645,-876,-496,-4,204,16996,44,159,40
10655,-113,236,17275,638,-867,-497,-60,168,16936,30,185,23
10664,-118,235,17276,646,-867,-502,0,84,16964,23,178,38
10674,-101,233,17268,647,-869,-490,28,208,16868,10,191,64
10684,-106,231,17288,656,-869,-502,-12,160,16964,40,169,40
10694,-107,248,17282,645,-881,-493,28,96,17032,-4,183,8
10704,-107,225,17284,641,-861,-493,40,188,16896,46,189,41
10714,-117,223,17263,647,-874,-494,-68,184,16916,20,176,46
10724,-109,256,17276,646,-883,-493,-12,152,16884,60,201,36
10734,-119,239,17279,669,-860,-509,-60,232,16924,21,179,64
10744,-112,238,17287,672,-870,-513,-48,188,16968,29,193,18
10755,-91,236,17284,666,-868,-515,-36,188,16936,43,173,29
10764,-116,235,17302,654,-871,-498,-36,152,16908,32,203,25
10774,-115,235,17271,659,-872,-497,-20,236,16860,42,204,53
10784,-108,216,17287,656,-870,-504,-44,108,17004,46,170,34
10794,-123,237,17267,645,-865,-497,-16,188,16980,21,201,46
10834,-108,226,17282,652,-881,-494,0,128,16952,31,203,25
10844,-114,230,17274,651,-864,-488,20,180,16972,41,189,22
10855,-119,247,17257,645,-869,-500,-48,192,16936,41,197,25
10864,-127,217,17275,645,-873,-492,-24,152,17032,7,193,10
10874,-121,228,17275,653,-868,-497,20,220,16944,31,165,67
10884,-107,220,17266,656,-867,-494,-28,148,16896,27,211,25
10894,-116,234,17276,638,-889,-484,-56,120,16908,16,236,30
10934,-119,243,17276,648,-864,-501,0,200,16872,23,162,5
10944,-112,236,17265,648,-848,-500,-4,164,16892,44,206,15
10956,-113,222,17278,659,-882,-498,-72,184,16972,1,170,20
10965,-126,222,17262,657,-865,-504,12,208,16936,4,153,7
10975,-103,240,17277,649,-862,-502,-44,180,17016,30,190,33
10985,-124,234,17272,670,-869,-507,-84,208,16928,24,203,39
10995,-122,244,17275,662,-868,-500,-36,168,16944,69,159,10
11005,-115,229,17280,661,-872,-503,-16,212,16940,0,212,33
11015,-110,230,17286,666,-868,-510,-56,216,16920,4,189,10
11025,-98,234,17276,657,-878,-499,20,204,16928,32,205,29
11036,-114,238,17281,656,-880,-498,-72,136,16852,25,184,42
11045,-109,244,17292,661,-859,-500,-92,164,16916,20,198,44
11056,-114,247,17286,651,-862,-505,-36,240,16880,13,208,17
11065,-112,231,17261,657,-858,-502,-24,212,16936,44,202,2
11075,-105,247,17285,646,-866,-498,-88,208,16964,33,190,25
11115,-106,230,17270,645,-872,-500,-40,184,16936,8,184,25
11125,-129,233,17274,651,-872,-505,-44,192,16952,21,202,32
11135,-106,228,17280,640,-875,-490,-100,156,16836,7,195,31
11145,-119,235,17268,645,-882,-501,-24,140,16916,9,186,25
11156,-122,244,17288,669,-875,-508,-12,232,17004,4,187,21
11165,-117,219,17267,648,-880,-491,-64,212,16936,1,190,18
11175,-121,233,17284,630,-871,-490,-8,168,16872,-3,193,75
11185,-123,230,17275,644,-860,-493,-64,200,16932,-4,208,24
11195,-104,228,17272,647,-861,-501,-60,156,16960,34,231,33
11205,-108,229,17281,638,-877,-492,36,184,16936,31,199,33
11215,-119,225,17286,645,-867,-495,-44,136,17028,29,209,40
11225,-107,233,17283,660,-868,-507,-24,164,16948,-3,213,27
11235,-107,234,17291,668,-887,-501,-108,196,17036,63,176,3
11245,-118,233,17292,640,-875,-491,-4,248,17012,39,163,44
11256,-110,222,17276,653,-882,-502,-24,172,16988,41,194,35
11265,-98,223,17280,655,-868,-502,-32,144,16884,26,201,21
11275,-122,241,17263,653,-868,-499,-52,216,16916,10,172,42
11285,-103,236,17269,651,-885,-498,28,208,16992,35,204,17
11295,-126,233,17262,656,-865,-503,20,96,16940,14,182,18
11305,-113,228,17273,659,-875,-509,-16,188,16912,8,191,28
11315,-115,230,17272,655,-874,-501,-16,192,16880,21,200,-2
11325,-136,213,17283,655,-885,-506,0,140,17028,11,184,9
11335,-109,225,17291,664,-867,-506,-20,156,16880,11,214,9
11345,-109,233,17275,661,-871,-503,-72,212,16844,9,176,30
11405,-103,233,17296,660,-868,-509,24,216,16944,12,180,57
11415,-133,232,17277,640,-879,-506,-52,160,16864,-14,168,15
11425,-110,235,17283,640,-876,-493,-32,200,16916,23,200,22
11435,-120,234,17269,651,-891,-488,-20,152,16892,10,222,5
11445,-105,237,17274,657,-878,-500,-16,176,16876,-3,178,66
11456,-105,227,17266,660,-860,-508,-44,168,16896,5,198,-11
11465,-123,233,17258,660,-871,-505,-16,116,16928,21,216,0
11475,-119,241,17297,649,-867,-494,-52,156,17012,16,197,7
11485,-112,224,17269,656,-881,-501,28,172,16940,9,212,17
11495,-107,239,17271,651,-884,-500,-36,216,16972,-4,195,3
11505,-126,227,17284,660,-863,-504,-48,224,16972,21,193,57
11515,-101,222,17283,644,-868,-498,-20,232,16932,27,175,11
11525,-124,218,17284,648,-868,-494,-56,192,16944,3,215,11
11535,-114,225,17288,654,-871,-502,-72,164,16968,19,182,22
11545,-117,223,17273,653,-861,-500,-32,200,16872,6,185,22
11556,-116,230,17270,651,-863,-505,-28,188,16988,44,155,74
11565,-109,235,17273,643,-869,-498,-32,208,17004,1,197,47
11575,-127,232,17288,633,-881,-488,-88,132,16868,43,185,53
11585,-112,239,17273,653,-883,-500,-40,204,16984,15,167,36
11595,-122,236,17285,663,-878,-506,-52,188,16928,21,209,28
11605,-117,234,17275,646,-870,-499,4,184,17024,-1,179,28
11615,-112,234,17286,643,-866,-496,-56,92,16992,29,201,12
11625,-112,240,17284,654,-867,-505,48,172,16908,19,195,28
11635,-129,238,17275,649,-873,-505,-116,196,16996,4,217,37
11645,-123,242,17264,659,-871,-504,0,192,16936,45,204,42
11656,-112,234,17277,649,-882,-488,-88,128,16972,-22,197,28
11665,-104,224,17277,651,-865,-493,-12,168,16960,45,154,43
11675,-120,226,17268,649,-873,-499,20,188,17020,10,172,56
11685,-108,238,17277,661,-869,-503,-24,156,16852,34,178,53
11695,-120,224,17271,642,-889,-491,-100,216,16888,8,174,7
11705,-99,232,17274,645,-886,-493,-40,236,16992,52,199,20
11715,-117,230,17281,655,-883,-494,-92,252,16912,23,176,24
11756,-113,236,17282,665,-868,-506,0,152,16856,29,209,14
11765,-125,238,17299,664,-883,-504,-36,132,16800,32,191,27
11775,-110,228,17283,667,-876,-499,-24,180,17004,56,172,53
11785,-109,219,17277,653,-887,-499,-56,236,16920,15,225,18
11795,-123,233,17266,651,-867,-501,-56,140,16928,15,174,10
11805,-121,239,17300,651,-883,-492,-44,172,16984,19,226,18
11815,-122,227,17263,661,-870,-498,28,200,16976,51,177,26
11856,-112,237,17282,633,-875,-490,-48,164,16956,10,198,31
11865,-102,229,17266,634,-869,-482,-76,160,16948,47,191,18
11875,-117,236,17271,639,-894,-489,28,156,16912,32,191,27
11885,-113,230,17281,654,-878,-496,28,196,16960,22,186,9
11895,-110,230,17291,650,-866,-499,-68,148,16952,-1,206,13
11905,-111,214,17269,636,-862,-495,-68,172,17020,-8,185,69
11915,-118,237,17259,647,-876,-491,-32,232,16940,6,174,46
11925,-109,231,17278,650,-873,-499,8,180,16980,24,205,0
11935,-129,233,17277,625,-873,-486,-12,192,16920,31,185,51
11945,-105,242,17291,635,-866,-488,-8,208,16936,29,212,32
11956,-108,235,17284,659,-865,-498,-12,176,16992,49,180,15
11965,-111,236,17278,655,-867,-493,-68,200,16924,4,222,28
11975,-116,230,17282,646,-877,-498,-104,168,16924,51,208,40
11985,-108,228,17290,649,-879,-498,-20,224,16952,16,190,33
11995,-114,225,17280,648,-880,-492,-32,176,16836,60,193,17
12005,-111,235,17272,650,-876,-495,-4,136,16924,22,185,37
12045,-116,233,17275,658,-869,-498,-32,120,16936,19,184,15
12056,-115,229,17264,661,-873,-500,-72,204,16992,-6,216,53
12065,-111,236,17275,639,-880,-494,-32,184,16904,9,196,40
12075,-112,225,17261,650,-870,-495,4,196,16968,17,203,13
12085,-123,235,17285,659,-886,-503,-32,164,16980,-4,203,31
12095,-115,220,17286,657,-874,-496,-16,208,16844,58,191,50
12105,-120,239,17267,661,-870,-499,-20,184,17016,28,181,10
12115,-125,233,17279,650,-870,-500,-12,196,16888,27,210,25
12125,-114,230,17277,651,-889,-494,-28,220,16912,23,181,10
12135,-120,241,17274,656,-887,-496,-4,176,16976,30,220,33
12145,-108,248,17279,648,-860,-499,-72,160,16988,35,184,19
12156,-114,244,17273,647,-869,-499,-76,204,16952,20,168,22
12165,-117,209,17272,651,-884,-500,-24,200,16968,23,180,-4
12175,-125,223,17275,636,-880,-483,-64,176,16976,27,192,45
12185,-114,231,17294,631,-893,-489,-12,220,16888,13,187,34
12225,-98,216,17287,646,-890,-489,-108,160,17012,34,157,37
12235,-116,225,17270,648,-886,-494,-68,152,17032,3,194,18
12245,-112,233,17294,650,-875,-497,-20,172,16984,2,213,36
12256,-124,233,17286,654,-868,-496,-88,120,16976,8,176,40
12265,-117,241,17284,653,-873,-500,-96,232,16952,15,185,25
12275,-107,227,17278,659,-874,-501,-16,244,16928,37,192,29
12285,-111,239,17270,671,-886,-508,36,108,17028,28,202,26
12295,-104,237,17281,659,-882,-506,48,192,16960,46,178,33
12305,-112,229,17289,655,-878,-497,-4,248,16956,25,182,17
12315,-115,233,17268,656,-871,-498,-56,176,16860,19,187,20
12325,-103,233,17291,655,-876,-496,-36,264,16980,25,192,27
12335,-110,234,17286,638,-883,-497,-36,156,16828,-1,194,19
12345,-122,233,17286,647,-880,-498,4,236,16936,-18,180,29
12356,-111,234,17279,651,-874,-498,-72,156,16956,33,186,39
12365,-111,224,17288,653,-892,-495,20,188,16904,6,201,22
12375,-117,225,17269,650,-876,-492,-44,192,16900,11,182,35
12385,-117,232,17285,653,-881,-501,-20,140,16940,-2,209,32
12395,-115,240,17285,638,-878,-488,-48,148,16936,31,200,8
12405,-109,238,17276,636,-875,-488,-64,180,16928,20,214,47
12415,-106,216,17283,667,-869,-508,-44,224,16888,20,190,24
12425,-128,221,17298,667,-862,-514,-52,140,16976,14,193,30
12435,-106,215,17292,651,-874,-494,-60,200,16920,22,211,28
12445,-107,231,17279,645,-869,-491,-60,188,16944,24,176,24
12456,-110,232,17294,649,-878,-491,-88,248,16980,6,195,42
12515,-93,223,17295,659,-880,-494,-104,120,16952,16,176,65
12525,-121,228,17272,655,-875,-499,0,168,16904,-23,198,35
12535,-125,242,17305,646,-877,-494,-8,204,16972,36,193,8
12545,-97,216,17292,647,-878,-498,20,132,16872,27,183,11
12556,-121,242,17268,658,-876,-502,-44,164,16936,28,162,5
12565,-107,235,17301,657,-869,-495,-40,176,16968,14,203,35
12575,-124,223,17269,653,-875,-500,12,160,16892,45,175,37
12585,-107,215,17268,646,-876,-497,-112,204,16916,33,184,61
12595,-116,261,17288,649,-886,-502,-32,220,17004,7,175,41
12605,-117,244,17260,641,-873,-493,-16,164,17008,16,181,41
12615,-106,233,17296,647,-876,-494,-52,172,16980,34,179,49
12625,-97,238,17290,654,-867,-503,-12,212,16844,66,179,37
12635,-146,219,17257,645,-867,-497,-28,264,16920,42,191,39
12645,-120,246,17300,647,-872,-489,16,176,16876,23,188,29
12656,-117,240,17298,645,-868,-503,-36,200,16836,1,206,38
12665,-121,228,17273,654,-862,-505,-36,152,16904,47,192,29
12675,-127,245,17292,655,-870,-506,0,184,16928,1,210,33
12685,-95,229,17289,667,-878,-503,-88,188,16904,15,217,40
12695,-118,226,17299,663,-884,-506,-56,208,16852,21,205,43
12705,-107,236,17301,651,-878,-501,0,196,17032,11,212,31
12715,-114,223,17281,650,-874,-499,4,268,16892,38,193,30
12725,-107,236,17282,663,-867,-506,-28,192,17020,45,201,31
12735,-108,231,17314,645,-879,-494,16,200,16896,34,214,52
12745,-129,237,17278,644,-884,-498,-84,104,16928,44,190,21
12756,-117,211,17287,649,-879,-496,-52,188,16832,18,199,26
12765,-127,235,17263,658,-863,-507,-4,192,16932,8,161,26
12775,-113,228,17280,653,-864,-494,-60,212,16988,32,176,52
12785,-113,225,17282,645,-865,-494,-8,144,17112,28,196,23
12795,-125,229,17296,646,-882,-498,-56,256,17068,8,198,25
12805,-107,223,17288,653,-876,-501,16,196,16796,-4,189,20
12815,-116,219,17274,668,-881,-503,-36,136,16888,4,214,22
12825,-132,235,17289,669,-868,-514,-32,212,16924,16,220,56
12865,-103,229,17275,652,-882,-498,-60,136,16972,38,186,29
12875,-100,244,17284,656,-876,-499,-8,144,16888,-29,208,53
12885,-103,226,17273,656,-881,-498,-36,220,16920,12,180,-6
12895,-104,233,17295,636,-869,-496,-36,188,16880,13,184,7
12905,-105,221,17285,653,-873,-505,-88,232,16976,1,212,34
12915,-116,235,17273,651,-877,-497,-44,176,17024,58,224,14
12925,-117,222,17276,654,-882,-506,-64,188,16856,39,194,12
12966,-126,227,17297,649,-873,-503,-24,144,16936,17,204,41
12976,-133,233,17283,639,-870,-498,-40,168,16900,22,185,24
12986,-128,233,17281,643,-871,-498,12,176,16936,65,197,21
12996,-109,222,17282,640,-872,-494,12,200,16928,12,209,31
13006,-114,238,17280,648,-883,-496,-72,224,16880,30,180,-2
13016,-120,230,17283,639,-872,-496,-68,204,16940,41,198,58
13026,-135,241,17281,643,-860,-501,-36,144,17000,77,188,22
13036,-110,235,17278,649,-879,-494,-8,192,16932,-13,189,34
13046,-119,227,17269,650,-881,-495,-20,220,16872,18,161,27
13057,-122,248,17305,653,-871,-503,-28,228,16948,10,187,31
13066,-109,230,17280,670,-878,-513,-20,148,16876,30,220,10
13076,-115,233,17273,662,-872,-510,-40,144,16972,54,191,62
13086,-121,232,17303,665,-868,-510,44,184,16952,-8,208,33
13096,-114,240,17280,674,-865,-505,-72,180,16916,-3,188,58
13106,-117,245,17276,664,-890,-498,-28,200,17008,25,171,30
13146,-109,230,17271,660,-874,-502,-36,160,16816,15,215,39
13157,-109,228,17293,656,-872,-504,-24,180,16944,36,170,34
13166,-106,233,17279,642,-886,-490,-76,224,17060,42,208,17
13176,-105,230,17297,662,-880,-501,32,188,16924,24,226,54
13186,-122,230,17280,648,-869,-498,-60,168,16888,17,218,28
13196,-115,231,17286,672,-850,-510,-24,196,16976,28,213,40
13206,-129,229,17300,661,-879,-499,4,176,16852,23,205,34
13216,-114,238,17303,661,-878,-497,28,208,16928,15,188,46
13226,-126,234,17270,661,-861,-501,-28,228,16940,33,163,48
13236,-118,228,17278,664,-866,-502,8,212,16932,30,228,-1
13246,-125,238,17285,648,-888,-492,-4,168,16920,48,206,12
13257,-112,245,17286,651,-877,-500,-48,184,16932,41,206,72
13266,-120,235,17294,655,-875,-507,-20,144,16912,20,198,23
13276,-99,240,17286,660,-870,-505,-100,196,17000,26,205,16
13286,-123,236,17283,663,-866,-498,-4,204,16936,37,186,18
13296,-109,243,17289,647,-883,-495,-60,288,17004,7,204,49
13306,-107,228,17288,659,-868,-501,8,176,16956,39,179,8
13316,-93,234,17298,651,-888,-500,-136,200,17008,29,177,47
13326,-122,242,17274,646,-880,-504,44,160,16900,-9,194,24
13336,-108,238,17303,665,-863,-507,-52,188,17008,41,172,41
13346,-118,239,17268,649,-876,-495,-68,196,17000,44,220,40
13357,-124,242,17289,660,-861,-508,-16,244,16900,28,192,53
13366,-129,229,17272,647,-866,-499,-20,128,16896,22,193,30
13376,-114,232,17283,653,-871,-496,-60,204,16908,61,182,31
13436,-116,229,17271,657,-872,-509,-16,220,16952,27,207,37
13446,-115,230,17315,658,-881,-503,-80,228,16856,75,187,38
13457,-118,242,17280,642,-890,-489,-128,156,16976,24,217,42
13466,-107,236,17287,651,-866,-503,8,192,16980,4,204,28
13476,-114,225,17282,654,-880,-506,-80,188,16968,16,176,80
13486,-103,234,17279,653,-882,-502,-48,212,16964,17,212,27
13496,-124,238,17288,663,-860,-502,8,152,17036,12,173,27
13506,-111,241,17284,657,-883,-497,12,132,16936,12,197,20
13516,-116,239,17292,651,-871,-495,-80,188,16992,38,166,19
13526,-111,243,17285,645,-876,-496,24,144,16928,19,218,30
13536,-120,227,17268,649,-879,-492,8,236,16876,4,223,5
13546,-105,226,17283,653,-883,-499,-72,184,17044,12,181,31
13557,-116,234,17304,658,-883,-504,12,156,16920,30,187,25
13566,-120,236,17284,655,-896,-495,4,200,16948,11,163,29
13576,-99,234,17296,658,-886,-500,-48,212,16876,34,172,20
13586,-122,231,17278,668,-874,-506,-44,176,16948,17,194,56
13596,-118,248,17291,652,-879,-497,-64,196,16952,48,170,35
13606,-97,245,17295,650,-869,-488,-100,144,16944,9,175,52
13616,-112,229,17294,655,-898,-490,-64,180,16964,53,194,45
13626,-111,235,17291,657,-883,-499,-48,208,16916,1,170,21
13636,-122,232,17307,661,-882,-498,-20,152,16976,0,202,53
13646,-112,233,17275,655,-884,-496,-44,276,16976,-1,179,33
13657,-107,240,17277,658,-883,-500,-76,204,16972,62,170,37
13666,-113,245,17295,642,-888,-495,12,244,16992,38,199,53
13676,-115,235,17277,662,-873,-502,-20,180,16860,20,189,29
13686,-123,235,17282,668,-876,-508,-72,168,16972,7,195,17
13696,-119,237,17270,670,-874,-508,-36,152,16976,33,197,14
13706,-115,230,17304,663,-870,-501,-128,232,17016,-1,195,60
13716,-112,244,17265,655,-889,-496,0,140,16980,10,184,11
13726,-114,232,17298,647,-885,-494,-88,164,16936,-10,219,40
13736,-111,233,17295,665,-882,-500,-44,172,16892,15,191,38
13746,-115,219,17290,660,-878,-501,-20,152,16952,25,216,16
13786,-100,241,17277,645,-887,-491,-32,156,16888,4,175,21
13796,-118,232,17278,663,-887,-502,4,152,16920,14,187,21
13806,-112,243,17290,657,-883,-499,-76,228,16820,25,224,42
13816,-122,228,17280,650,-868,-497,44,164,16836,39,203,34
13826,-106,225,17293,651,-880,-502,-48,140,16956,35,201,5
13836,-123,221,17283,655,-860,-496,-4,216,16880,1,169,37
13846,-106,216,17268,659,-878,-494,20,216,16904,5,200,27
13857,-88,224,17288,649,-877,-496,-64,208,16936,54,186,-5
13866,-101,240,17269,647,-871,-495,-76,196,16936,15,177,58
13876,-126,230,17294,654,-860,-504,12,172,16984,43,189,52
13886,-110,229,17284,648,-884,-497,-44,140,16912,6,177,45
13896,-118,229,17291,658,-885,-497,-56,200,16912,-4,189,26
13906,-125,221,17270,666,-884,-504,0,192,17016,36,191,11
13916,-125,225,17290,679,-862,-515,-36,176,16948,23,185,35
13926,-98,213,17291,657,-888,-495,-52,208,16844,38,197,49
13936,-118,239,17283,656,-876,-498,-48,196,16928,30,188,43
13946,-108,234,17282,661,-891,-508,36,176,16972,9,193,54
13957,-117,234,17288,660,-880,-509,-8,132,16900,51,167,28
13966,-123,232,17278,661,-874,-507,-4,220,16916,26,167,14
13976,-105,242,17277,647,-876,-504,-20,172,16892,5,226,20
13986,-122,238,17279,670,-867,-514,-40,180,17056,39,177,16
13996,-126,235,17296,665,-875,-510,-28,180,16944,36,210,23
14006,-104,237,17277,664,-871,-507,32,208,17000,6,167,18
14016,-103,247,17265,654,-876,-503,-32,144,16952,21,165,36
14076,-111,228,17264,660,-870,-511,-56,196,16968,-2,189,30
14086,-111,230,17277,657,-868,-506,-24,212,16980,28,192,26
14096,-123,229,17260,670,-868,-510,-20,132,17020,33,188,30
14106,-116,229,17266,663,-881,-504,-32,156,16964,41,214,44
14116,-111,232,17283,669,-862,-503,8,160,16948,19,183,35
14126,-109,224,17275,673,-886,-498,-32,224,16940,36,209,33
14136,-104,234,17270,670,-876,-505,-36,160,16976,9,196,-6
14146,-108,224,17292,664,-875,-509,-84,140,16980,37,181,30
14157,-117,238,17290,654,-869,-505,-36,168,16964,33,168,67
14166,-116,238,17303,650,-881,-495,-68,152,16992,18,198,34
14176,-115,230,17270,651,-884,-498,-64,204,16904,14,191,32
14186,-128,237,17279,656,-881,-498,-72,180,16828,38,201,3
14196,-112,232,17286,662,-870,-505,8,280,16924,46,205,23
14206,-116,244,17274,664,-863,-506,-96,188,16920,-27,200,10
14216,-110,226,17282,665,-865,-504,-60,116,16912,21,204,25
14226,-109,243,17281,654,-872,-500,-116,172,16876,44,208,22
14236,-124,224,17272,658,-877,-502,-48,104,16964,42,190,18
14246,-114,232,17276,660,-875,-504,-44,220,16992,58,196,40
14257,-108,234,17287,652,-868,-499,-24,164,16856,28,197,10
14266,-115,231,17296,651,-880,-500,-4,152,17080,12,192,21
14276,-114,240,17283,660,-870,-503,-52,128,16980,21,171,24
14286,-125,227,17258,664,-878,-505,-48,204,16948,50,214,28
14296,-105,221,17267,663,-878,-509,-64,124,17072,34,153,24
14336,-107,239,17277,660,-871,-504,-60,208,16868,5,193,76
14346,-111,238,17290,660,-880,-503,-68,180,16944,23,187,20
14357,-105,242,17285,659,-874,-514,-36,148,16968,33,160,43
14366,-116,235,17271,665,-872,-513,-80,148,16932,42,194,35
14376,-119,241,17275,645,-883,-498,-36,184,16984,0,186,50
14386,-120,229,17289,657,-880,-499,-56,232,16984,0,185,17
14396,-112,241,17275,665,-888,-504,0,176,16980,32,190,50
14406,-101,234,17290,648,-887,-493,-52,192,16964,30,195,29
14416,-107,223,17264,656,-880,-495,8,200,16920,33,207,39
14426,-107,235,17279,671,-856,-511,20,188,16908,49,185,45
14436,-103,232,17291,651,-880,-498,-96,216,16964,38,156,17
14446,-116,235,17276,648,-873,-494,-56,192,16964,8,211,26
14457,-114,226,17271,667,-874,-501,-84,220,16880,10,178,54
14466,-103,235,17284,665,-874,-506,-52,136,16972,43,185,43
14476,-99,220,17276,650,-871,-498,-52,136,16932,45,159,27
14486,-105,233,17292,653,-879,-499,-48,188,17016,60,178,7
14526,-106,229,17293,654,-888,-496,-104,84,16956,1,191,32
14536,-123,233,17284,653,-886,-501,8,216,16840,-3,209,7
14546,-121,232,17297,662,-873,-513,-68,256,16976,30,182,19
14557,-124,247,17287,646,-871,-491,-40,192,16904,-9,217,32
14566,-115,223,17267,674,-881,-501,-96,220,16944,12,172,37
14576,-101,229,17290,655,-879,-495,-76,200,16820,2,230,35
14586,-106,231,17282,650,-880,-500,-92,180,16984,33,224,52
14596,-112,235,17274,650,-880,-494,-4,216,16956,41,187,16
14606,-103,244,17278,655,-884,-502,40,200,17004,4,198,21
14616,-110,227,17263,648,-887,-493,-24,216,16944,20,181,30
14626,-119,226,17286,646,-870,-496,-60,168,16856,9,188,23
14636,-101,235,17305,643,-895,-495,-108,120,16892,40,190,27
14646,-111,238,17279,663,-883,-509,-96,124,16912,21,156,20
14657,-110,248,17278,650,-873,-497,-28,212,16944,29,146,27
14666,-89,220,17272,661,-859,-505,-8,204,16788,43,185,47
14706,-106,232,17281,653,-872,-506,16,220,16880,21,208,31
14716,-125,224,17276,660,-869,-509,-92,132,16932,31,165,13
14726,-122,251,17271,641,-879,-490,-48,192,16940,4,175,27
14736,-107,241,17271,650,-884,-497,-40,180,16860,20,191,20
14746,-97,234,17270,660,-875,-509,-28,156,16880,20,186,65
14757,-101,236,17291,660,-875,-502,0,276,17096,1,213,45
14766,-96,232,17279,656,-870,-495,-52,156,16916,7,185,32
14776,-111,231,17279,659,-871,-504,-128,240,16988,14,187,41
14786,-110,240,17271,659,-863,-507,-52,232,16960,0,199,22
14796,-110,242,17284,657,-868,-507,-48,216,16776,29,189,40
14806,-116,236,17276,653,-875,-497,-80,208,16932,7,168,36
14816,-103,238,17287,657,-871,-496,0,208,16896,15,172,51
14826,-112,235,17288,646,-873,-497,-44,220,16992,29,236,30
14836,-110,240,17288,654,-870,-499,-88,176,16968,6,212,49
14846,-108,232,17293,645,-890,-500,-28,176,16896,14,227,43
14857,-124,227,17270,671,-885,-499,-92,172,16984,37,187,38
14866,-117,244,17298,669,-876,-505,40,240,16888,30,197,18
14876,-127,249,17293,648,-886,-495,-132,256,16848,5,182,73
14886,-105,240,17284,649,-876,-493,-24,192,16968,61,177,46
14896,-115,243,17272,642,-877,-492,-36,160,16864,53,228,31
14906,-108,220,17293,643,-876,-493,-60,196,16892,22,202,38
14916,-107,236,17266,655,-867,-500,-16,200,16896,8,193,61
14926,-107,249,17290,653,-878,-502,-60,184,16920,16,189,23
14936,-116,242,17280,658,-864,-501,-92,148,16956,-20,206,-2
14977,-116,233,17295,664,-881,-500,-4,140,17000,14,189,24
14987,-105,226,17274,658,-878,-500,-56,140,16956,12,179,31
14997,-125,232,17271,662,-866,-505,4,196,16844,11,187,53
15007,-100,245,17272,644,-900,-486,8,192,16960,44,189,16
