0,-236,163,17355,509,-959,-351,-20,220,16960,45,228,22
10,-239,148,17357,510,-961,-350,-88,188,16824,0,167,64
21,-232,147,17366,499,-960,-351,-20,212,17008,33,187,21
30,-228,144,17350,509,-951,-358,-36,200,16948,-12,249,15
40,-257,145,17360,506,-960,-345,-76,212,16912,16,201,33
50,-230,150,17348,496,-954,-344,8,180,16928,-9,190,40
60,-238,143,17365,495,-945,-350,4,188,17048,20,216,30
70,-231,140,17367,500,-954,-350,-68,116,16912,13,203,43
80,-246,138,17358,507,-960,-350,-60,256,17072,17,239,34
90,-223,159,17372,496,-960,-344,-116,240,17004,-18,194,59
100,-244,149,17356,506,-955,-342,-36,256,16948,37,187,41
110,-248,151,17370,528,-963,-355,40,192,17000,-1,230,23
121,-240,149,17366,525,-965,-359,-28,196,16984,22,175,42
130,-246,162,17367,498,-977,-343,8,144,17048,22,212,25
140,-226,159,17355,494,-971,-341,-20,152,17040,37,214,38
150,-233,145,17363,498,-963,-354,-28,172,16976,28,181,55
160,-233,143,17350,507,-956,-358,-8,152,16988,14,203,23
170,-254,147,17344,513,-970,-353,-52,236,17016,-2,215,20
180,-238,149,17355,514,-969,-347,-40,132,16920,12,197,28
190,-228,150,17375,501,-970,-347,28,268,16956,6,219,36
200,-242,147,17347,505,-974,-345,-12,220,17040,42,197,33
212,-231,141,17360,505,-971,-352,-52,184,17028,44,222,51
222,-237,137,17353,505,-954,-343,-80,276,16948,2,200,15
231,-235,135,17364,496,-964,-340,-44,180,17016,22,205,47
241,-234,155,17365,511,-969,-349,-8,236,16944,6,203,9
251,-225,152,17366,509,-952,-346,-88,188,16968,-12,214,44
261,-245,146,17365,499,-970,-345,4,216,17008,43,179,41
271,-236,141,17361,504,-950,-352,-108,220,16888,44,195,39
281,-218,155,17365,515,-956,-351,-44,228,17044,34,202,52
291,-231,137,17369,497,-959,-347,-28,228,16972,18,193,15
301,-242,131,17354,509,-951,-356,-24,200,16896,46,201,18
311,-230,138,17360,519,-954,-355,12,172,16936,5,204,40
322,-235,148,17370,502,-949,-354,-20,208,16900,4,202,39
331,-230,151,17362,494,-959,-344,4,272,16940,42,180,26
341,-238,156,17345,500,-953,-351,-32,112,16944,-2,202,23
351,-234,154,17362,520,-953,-364,-20,212,16988,27,175,28
361,-233,155,17352,516,-949,-355,8,180,16980,64,203,35
371,-246,159,17362,513,-970,-352,-120,240,17048,11,218,63
381,-240,138,17365,509,-971,-358,-76,176,16912,21,210,45
391,-218,134,17365,522,-965,-359,8,184,16876,4,188,61
401,-246,136,17353,512,-963,-354,-60,204,16932,2,193,20
411,-233,150,17354,517,-951,-358,-36,220,16920,11,175,40
422,-249,149,17371,508,-969,-349,-40,168,16988,-1,208,24
431,-244,141,17362,501,-979,-344,-88,188,16944,37,211,43
441,-240,144,17347,499,-970,-346,-60,164,16972,29,209,26
451,-236,152,17371,486,-964,-346,-32,188,16932,17,189,30
461,-237,151,17384,507,-950,-354,-24,272,16916,3,214,40
471,-233,144,17364,493,-977,-339,-68,236,17056,30,224,17
481,-236,149,17360,504,-974,-344,-52,192,17048,27,174,57
491,-235,140,17360,512,-957,-351,-76,248,16848,-40,216,33
501,-234,141,17360,513,-961,-356,-32,144,16968,20,195,45
511,-229,146,17357,516,-966,-353,-52,168,17020,5,182,53
522,-222,146,17377,493,-987,-342,-88,196,16900,8,192,12
531,-241,155,17357,522,-970,-349,-40,216,16968,20,210,44
541,-245,137,17363,514,-966,-353,-56,224,16960,19,183,29
551,-245,153,17356,498,-973,-344,36,188,17028,2,205,53
561,-213,159,17362,496,-959,-338,-100,272,16864,46,196,42
571,-234,141,17363,489,-967,-340,-32,148,16952,-1,233,35
581,-242,143,17349,509,-978,-353,-72,232,16956,69,173,8
591,-226,160,17367,515,-975,-345,-52,204,16908,28,193,64
631,-241,145,17348,507,-955,-351,4,264,16956,49,199,51
641,-242,151,17376,507,-958,-347,-36,236,16996,32,204,43
651,-242,159,17381,511,-945,-344,8,160,16992,18,203,56
661,-221,156,17357,496,-967,-342,-64,172,16908,30,190,82
671,-237,161,17358,505,-973,-348,-72,204,17048,17,202,50
681,-240,144,17355,506,-981,-345,-20,224,16936,37,203,35
691,-225,142,17357,505,-971,-348,-88,232,16960,47,204,55
701,-240,143,17354,499,-964,-350,-36,200,16976,-13,206,38
711,-239,142,17347,507,-965,-351,16,188,16920,63,205,41
722,-235,151,17357,513,-965,-358,-100,204,17064,39,207,57
731,-245,146,17350,493,-964,-341,-12,100,16924,30,208,25
741,-235,143,17352,503,-962,-351,-24,204,16932,17,196,74
751,-239,145,17363,494,-961,-352,-28,220,16948,5,205,23
761,-243,155,17355,501,-962,-346,-24,248,16956,16,185,42
771,-237,149,17366,503,-975,-344,-12,240,16920,8,196,70
781,-228,150,17359,495,-964,-338,-44,244,17048,17,207,47
791,-222,146,17362,495,-960,-347,-32,244,16944,39,185,61
801,-234,138,17360,522,-963,-348,-64,196,16932,-9,188,34
811,-229,150,17360,511,-951,-356,-32,232,16976,20,227,52
822,-229,152,17363,512,-965,-352,-24,236,17056,49,209,61
831,-225,153,17353,505,-963,-350,-28,172,16932,26,220,23
841,-237,154,17372,495,-970,-343,-28,188,17000,36,184,21
851,-237,150,17372,499,-968,-342,-80,200,17044,35,249,28
861,-234,168,17377,506,-969,-348,-104,152,16924,4,195,38
871,-234,131,17354,509,-957,-349,-128,180,16920,-5,198,26
881,-233,144,17358,505,-978,-348,-68,248,16972,18,184,29
891,-232,145,17369,507,-955,-357,-40,248,16956,16,213,60
901,-237,144,17355,509,-968,-350,-76,192,16960,3,187,46
911,-234,150,17335,501,-969,-345,-64,236,17044,-2,194,31
922,-230,147,17377,515,-954,-358,-4,200,16984,32,196,29
931,-237,137,17365,509,-955,-349,16,180,16996,35,205,56
941,-233,142,17353,513,-968,-347,-28,232,16908,17,211,34
951,-223,142,17366,507,-956,-348,-68,264,17108,42,206,58
991,-224,145,17351,499,-955,-347,-40,164,16936,17,187,55
1001,-227,151,17351,504,-961,-346,-24,220,17048,3,187,20
1011,-256,151,17354,503,-965,-344,-52,200,17032,33,177,29
1022,-236,141,17382,506,-967,-341,-84,204,17000,13,189,40
1031,-234,146,17357,501,-963,-344,12,212,16992,-25,184,49
1041,-244,146,17365,499,-965,-343,-56,152,16968,-20,212,49
1051,-240,157,17356,515,-955,-347,-52,208,16884,15,206,56
1061,-238,134,17351,511,-946,-351,-100,164,16956,37,194,60
1071,-231,142,17358,502,-958,-348,-52,148,16984,4,201,22
1081,-227,143,17354,512,-949,-348,-76,256,17004,10,186,51
1091,-227,160,17364,512,-973,-348,-80,212,16912,20,190,67
1101,-241,159,17361,506,-966,-340,-96,244,16900,8,203,42
1111,-231,144,17349,504,-959,-347,-68,264,17000,51,190,27
1122,-240,152,17345,504,-951,-346,-76,224,17016,39,218,68
1131,-236,137,17348,498,-945,-348,-64,176,16880,16,189,40
1141,-232,145,17353,504,-957,-350,-4,152,17088,5,213,48
1151,-238,143,17355,492,-954,-347,-48,152,16936,9,180,26
1161,-227,141,17347,506,-954,-355,-68,224,17060,41,173,14
1171,-230,153,17349,512,-954,-348,-24,232,16908,5,204,29
1181,-222,149,17347,499,-947,-338,-40,212,16880,22,220,73
1191,-250,139,17361,505,-961,-350,-44,192,17000,26,200,45
1201,-230,133,17347,507,-951,-351,-48,244,16996,24,178,51
1211,-250,149,17345,516,-945,-346,-4,160,16984,13,204,24
1222,-223,146,17360,504,-946,-349,-16,144,16856,18,227,28
1281,-226,142,17362,501,-955,-341,8,200,17000,25,203,52
1291,-241,146,17373,488,-955,-336,16,168,17016,15,199,55
1301,-237,146,17356,500,-935,-348,-32,240,17020,11,185,33
1311,-240,143,17351,524,-943,-357,-80,152,16956,41,201,58
1322,-240,144,17358,498,-955,-333,-88,164,17020,61,199,33
1331,-227,149,17355,491,-957,-333,-8,244,16960,23,208,32
1341,-236,142,17342,488,-954,-336,-48,180,16956,24,171,59
1351,-253,153,17365,502,-957,-345,-12,260,17020,6,183,44
1361,-234,145,17353,496,-940,-345,-60,236,16980,-9,210,35
1371,-228,148,17353,504,-955,-347,-48,156,16920,19,204,57
1381,-233,148,17343,504,-934,-340,-60,252,16984,18,213,14
1391,-245,141,17358,501,-955,-342,-24,220,16912,-1,174,15
1401,-232,135,17356,497,-957,-335,-28,248,17100,22,192,42
1411,-235,140,17361,486,-948,-347,24,184,16888,0,237,22
1422,-237,143,17337,497,-948,-343,-32,296,16912,8,203,23
1431,-231,134,17354,497,-944,-346,-56,216,17000,21,196,15
1441,-234,135,17353,494,-949,-334,-68,188,16912,27,221,49
1451,-235,142,17334,487,-938,-341,-40,196,17072,3,220,28
1461,-233,138,17357,481,-937,-341,-24,176,16980,26,173,37
1471,-239,138,17360,494,-950,-341,-44,204,16892,27,193,41
1481,-248,145,17351,503,-931,-344,-28,216,16872,22,194,21
1491,-225,144,17357,506,-943,-349,-16,268,17104,22,171,59
1501,-247,141,17346,485,-940,-338,-104,264,16932,6,215,31
1511,-228,128,17351,495,-954,-337,-32,208,16860,12,203,38
1551,-237,138,17349,488,-957,-332,-12,212,17088,11,225,30
1561,-222,135,17355,483,-949,-332,-132,204,16916,21,187,39
1571,-244,142,17334,489,-941,-329,32,208,16980,1,205,21
1581,-236,145,17339,476,-956,-324,-24,184,16940,13,189,37
1591,-236,140,17345,494,-931,-336,8,244,17040,54,221,37
1601,-242,136,17345,505,-957,-337,-88,204,16976,23,209,62
1611,-240,146,17347,500,-945,-348,0,108,16976,-21,204,49
1621,-248,145,17336,489,-948,-340,-44,176,16988,7,182,34
1631,-246,147,17359,500,-944,-341,-40,196,16880,14,183,37
1641,-232,150,17353,496,-948,-346,0,236,16928,39,199,33
1651,-225,141,17365,492,-959,-333,-80,216,17036,7,223,44
1661,-255,135,17359,481,-951,-334,-36,192,17052,26,189,12
1671,-232,146,17349,486,-945,-330,-48,216,16948,33,197,62
1681,-225,131,17359,490,-951,-327,-52,200,16940,14,182,44
1691,-233,136,17357,489,-940,-329,-8,244,16976,35,219,24
1701,-233,143,17334,505,-948,-340,-28,260,17120,1,202,50
1711,-227,133,17346,496,-936,-342,4,220,16924,43,194,47
1722,-243,142,17339,498,-951,-336,-52,184,16968,-16,165,35
1731,-240,137,17355,478,-943,-331,-32,188,16968,23,178,28
1741,-230,140,17346,478,-949,-331,-52,208,16988,17,229,38
1751,-243,142,17340,487,-939,-334,-20,216,16896,32,187,59
1761,-236,138,17357,490,-941,-336,-12,248,16960,11,209,20
1771,-233,126,17335,486,-943,-331,-24,188,16960,-6,204,30
1781,-240,133,17343,489,-942,-328,-52,256,16928,33,163,50
1822,-229,128,17334,497,-923,-344,-48,172,17128,25,209,66
1831,-229,133,17351,487,-957,-334,-40,160,17000,53,205,44
1841,-235,132,17339,474,-945,-328,-28,272,17056,-7,214,31
1851,-229,128,17344,485,-937,-335,-44,188,16968,28,212,38
1861,-226,154,17335,482,-944,-336,-16,124,17052,35,198,44
1871,-237,139,17341,479,-942,-334,-52,256,16992,25,169,36
1881,-234,140,17369,484,-925,-334,-80,216,16888,24,203,34
1891,-215,146,17358,486,-941,-329,-44,216,17064,4,198,51
1901,-240,147,17338,482,-924,-326,8,188,16944,18,194,22
1911,-237,147,17341,486,-937,-334,32,284,16856,29,185,76
1922,-238,124,17354,490,-949,-333,20,156,16968,0,208,31
1931,-224,138,17355,475,-943,-328,-24,176,16924,-3,198,59
1941,-231,136,17336,482,-928,-331,-28,220,16920,15,214,42
1951,-231,141,17342,493,-926,-339,-64,256,16896,2,186,53
1961,-238,133,17344,479,-931,-338,24,208,16972,7,180,72
1971,-244,134,17351,489,-930,-337,-80,180,16928,29,190,45
2011,-225,136,17342,470,-938,-328,-8,124,17000,34,223,42
2022,-224,145,17331,491,-930,-335,-56,284,16992,-7,193,52
2031,-240,142,17328,480,-948,-328,-116,236,16952,17,202,46
2041,-229,130,17337,486,-944,-331,-36,276,17080,53,213,65
2051,-210,128,17336,495,-944,-334,-44,172,16876,22,185,33
2061,-239,145,17345,490,-927,-334,-116,244,17008,16,203,23
2071,-226,136,17363,487,-930,-332,-56,208,16864,41,194,26
2081,-240,135,17357,476,-933,-335,-20,196,16912,0,201,26
2092,-230,121,17359,476,-944,-327,-36,308,16964,25,198,47
2101,-230,148,17361,492,-922,-332,44,248,16944,22,223,43
2111,-236,144,17331,486,-930,-337,-4,228,16960,10,201,37
2122,-230,141,17341,486,-938,-332,-12,224,16896,4,189,37
2131,-234,155,17343,479,-930,-333,-52,228,16920,-19,234,35
2141,-236,154,17346,473,-941,-323,-76,208,16984,-17,189,57
2151,-239,132,17330,482,-938,-324,-52,164,16920,-11,217,36
2161,-235,141,17338,485,-941,-328,-84,228,16860,33,185,64
2171,-231,148,17347,482,-934,-331,-52,224,16996,29,204,71
2181,-240,141,17347,480,-928,-332,8,216,16988,10,208,47
2191,-232,136,17348,477,-942,-329,-48,224,16984,-8,148,47
2201,-234,144,17342,480,-929,-325,-32,196,17004,12,183,48
2212,-222,126,17344,478,-941,-331,-32,204,16888,50,207,52
2223,-239,124,17330,485,-940,-325,-20,168,17012,19,177,37
2232,-224,132,17341,478,-943,-318,-48,216,16952,16,198,27
2242,-232,127,17338,465,-946,-316,-116,180,16968,37,175,64
2302,-229,144,17347,500,-926,-341,-64,200,17000,-1,202,60
2312,-233,135,17345,476,-928,-328,-72,192,16896,8,218,28
2322,-237,132,17355,481,-936,-325,-32,156,16996,35,190,47
2332,-249,132,17350,478,-926,-323,-116,248,16972,-11,217,24
2342,-230,137,17348,483,-945,-331,32,196,16940,10,211,19
2352,-240,143,17335,484,-923,-333,-36,164,16860,-9,198,30
2362,-232,130,17351,481,-936,-327,12,216,16924,63,192,32
2372,-248,138,17338,488,-927,-341,-84,212,16984,4,181,59
2382,-232,140,17355,477,-940,-325,-24,232,16948,33,204,40
2392,-236,138,17341,473,-934,-325,-16,204,16888,19,204,33
2402,-226,134,17333,482,-922,-334,-36,208,16992,55,216,58
2412,-239,146,17368,479,-917,-325,-20,156,16952,38,185,46
2422,-233,143,17349,473,-950,-330,-36,180,16952,3,222,11
2432,-224,138,17346,488,-932,-333,-88,216,17068,23,220,48
2442,-227,135,17341,494,-936,-335,-48,172,17068,35,192,60
2452,-229,135,17321,476,-924,-331,-28,188,16984,15,192,55
2462,-228,122,17346,490,-929,-339,-80,192,16932,5,214,55
2472,-236,128,17334,475,-932,-332,-40,248,17080,44,199,67
2482,-241,133,17344,478,-933,-341,-100,276,17004,10,182,59
2492,-236,149,17335,471,-930,-331,-44,244,16984,50,202,39
2502,-247,132,17354,479,-922,-326,40,252,16972,16,205,34
2512,-248,140,17341,494,-931,-334,-104,236,16948,31,230,45
2522,-221,130,17341,473,-933,-326,-52,244,16996,77,194,35
2532,-230,139,17340,489,-909,-333,32,200,16968,34,195,67
2572,-231,134,17350,488,-914,-339,-52,208,16944,25,199,24
2582,-231,144,17337,483,-922,-335,-8,304,16992,19,235,11
2592,-221,151,17334,485,-932,-333,-36,176,17024,27,231,56
2602,-227,131,17331,486,-945,-328,20,220,16964,-26,214,41
2612,-233,142,17337,486,-929,-329,-20,212,16988,10,209,30
2623,-241,130,17346,484,-947,-331,0,196,16908,14,212,15
2632,-233,142,17344,483,-935,-328,-16,96,17036,30,245,49
2642,-228,146,17347,484,-926,-330,24,252,17112,31,173,40
2652,-242,129,17343,487,-931,-328,-36,196,16892,51,203,63
2662,-227,131,17340,478,-926,-327,-44,180,16916,25,180,50
2672,-239,123,17344,479,-941,-324,-64,216,16972,6,193,7
2682,-225,133,17343,486,-942,-325,-68,188,16896,56,177,34
2692,-232,139,17339,480,-931,-325,-36,248,16976,45,226,20
2702,-240,140,17338,476,-928,-328,12,248,16992,47,207,38
2712,-224,132,17360,482,-923,-327,-60,160,17024,17,234,35
2722,-241,134,17339,475,-951,-320,-24,192,16988,5,195,43
2732,-235,131,17338,467,-936,-322,-40,220,16968,34,205,19
2742,-246,130,17351,483,-947,-320,8,220,16912,11,217,5
2752,-226,131,17340,457,-933,-321,-24,172,16996,16,195,13
2762,-221,133,17343,470,-934,-332,-148,156,16888,10,219,38
2772,-244,129,17333,482,-940,-334,-16,208,17092,32,200,43
2782,-237,125,17342,459,-941,-320,-16,236,16940,27,220,20
2792,-233,121,17347,467,-933,-324,-108,252,17008,0,197,32
2802,-225,134,17344,477,-925,-331,-72,160,16940,13,218,30
2842,-228,138,17352,476,-930,-326,0,212,17000,29,225,39
2852,-243,141,17330,480,-931,-322,-4,200,17104,33,219,37
2862,-225,119,17337,480,-931,-329,-36,168,16976,25,214,31
2872,-231,116,17348,489,-929,-335,-12,216,16948,8,203,46
2882,-238,143,17349,469,-922,-329,-32,152,16904,42,196,24
2892,-227,129,17343,459,-929,-318,-88,160,16964,12,183,62
2902,-243,135,17349,479,-925,-329,-80,236,17004,8,228,46
2912,-231,131,17328,479,-926,-326,-16,216,16976,17,183,17
2922,-227,121,17345,489,-919,-328,-12,204,17084,30,191,33
2932,-233,126,17339,490,-935,-333,-24,232,16916,41,235,24
2942,-230,131,17328,481,-931,-328,-32,212,17008,26,213,45
2952,-236,136,17335,464,-924,-324,-40,200,16984,17,225,48
2962,-236,120,17344,459,-937,-314,48,152,16928,-12,179,31
2972,-230,132,17345,459,-924,-322,-28,228,16856,38,189,64
2982,-234,130,17351,465,-934,-327,-48,240,16960,21,230,48
2992,-237,128,17336,492,-928,-334,-64,256,17000,30,213,13
3032,-233,133,17355,469,-927,-316,-52,172,17080,27,194,5
3042,-245,129,17350,481,-930,-325,-44,236,16940,20,206,22
3052,-226,127,17344,470,-927,-327,-60,204,17000,40,216,41
3062,-238,123,17344,493,-924,-328,-40,176,16912,39,202,78
3072,-232,140,17342,478,-923,-332,28,180,16996,35,190,34
3082,-237,132,17342,467,-929,-324,-48,184,17048,-7,192,46
3092,-237,131,17343,475,-938,-323,-44,156,16892,25,191,25
3102,-239,140,17350,480,-941,-322,-44,164,16984,55,168,29
3112,-225,120,17350,468,-938,-319,-56,196,17032,6,230,34
3123,-227,145,17349,478,-909,-329,-28,240,16900,6,195,35
3132,-237,135,17338,473,-922,-329,-92,228,16932,11,201,59
3142,-238,133,17332,468,-930,-327,-48,188,16876,6,189,27
3152,-229,142,17345,476,-930,-326,-8,200,16964,2,207,43
3162,-231,134,17353,478,-933,-321,16,220,16968,0,208,25
3172,-221,121,17339,472,-923,-325,-36,200,16992,47,188,66
3182,-220,138,17329,472,-926,-333,-28,196,17048,16,197,40
3192,-248,126,17337,475,-922,-331,-28,220,16972,32,194,12
3202,-241,133,17345,478,-931,-326,-40,176,16944,16,185,10
3212,-236,139,17347,478,-925,-324,-8,160,16936,16,241,35
3223,-225,136,17323,483,-918,-329,-52,224,16940,-10,192,60
3232,-209,137,17356,465,-937,-324,-72,244,16948,-22,206,22
3242,-241,127,17333,472,-932,-325,-76,188,17020,5,201,32
3252,-233,141,17343,473,-930,-322,44,244,16868,22,189,47
3262,-235,134,17326,476,-922,-329,-24,176,17048,54,210,17
3302,-233,119,17345,472,-940,-320,-40,212,16932,11,190,44
3312,-237,136,17340,465,-927,-324,-40,144,17004,15,202,-4
3323,-227,135,17349,460,-928,-328,-4,236,16872,24,198,35
3332,-235,128,17345,485,-915,-335,-8,232,16876,13,196,27
3342,-232,135,17357,485,-939,-334,-36,212,16948,55,203,34
3352,-242,130,17333,495,-927,-337,20,172,17012,8,202,25
3362,-237,133,17343,474,-932,-322,-4,188,16900,20,191,43
3372,-235,142,17347,490,-905,-340,-72,244,16996,10,180,51
3382,-240,140,17337,480,-927,-326,8,176,16856,12,191,46
3392,-237,151,17348,468,-940,-316,-4,192,16960,36,223,55
3402,-247,142,17342,478,-932,-328,-48,184,17052,19,193,22
3412,-242,124,17347,478,-925,-331,4,280,17016,14,223,62
3422,-242,132,17330,467,-942,-320,-104,196,16972,-7,205,33
3432,-224,129,17327,477,-926,-327,-64,264,16972,44,210,45
3442,-248,130,17340,472,-942,-327,-68,196,16964,12,194,28
3452,-245,132,17342,469,-932,-323,-8,224,17008,18,182,34
3462,-217,126,17352,486,-937,-335,-4,204,16896,28,203,48
3472,-254,149,17346,479,-932,-329,0,272,17036,10,193,40
3482,-242,143,17346,475,-930,-326,0,216,17028,-15,197,45
3492,-228,136,17355,475,-924,-328,-48,224,16952,31,225,59
3502,-242,127,17350,485,-927,-326,-64,240,16984,-8,201,41
3512,-221,137,17340,482,-920,-330,-8,256,16984,9,194,48
3523,-235,124,17348,479,-928,-333,-56,212,16884,4,185,46
3532,-239,138,17343,484,-929,-338,-76,168,16948,24,190,56
3572,-226,132,17338,468,-941,-322,-72,220,16968,8,211,25
3582,-229,134,17346,479,-928,-329,-68,216,16976,29,214,24
3592,-239,137,17336,498,-919,-333,-12,188,16884,0,201,35
3602,-240,143,17352,485,-919,-334,-60,236,16960,35,185,44
3612,-244,123,17347,497,-934,-326,-36,180,16860,35,173,26
3622,-234,140,17354,488,-935,-324,-28,216,17076,7,197,51
3632,-237,134,17357,478,-934,-315,-72,204,16920,16,230,46
3672,-231,134,17350,482,-936,-320,-24,240,16956,10,223,51
3682,-232,127,17343,475,-920,-321,-36,228,16952,18,233,58
3692,-232,123,17340,463,-928,-322,-4,248,16904,21,212,62
3702,-240,125,17330,460,-932,-317,-12,236,16824,21,158,38
3712,-238,127,17344,465,-938,-320,-76,264,16988,11,217,45
3722,-243,137,17334,474,-925,-332,-64,152,16952,15,201,56
3732,-234,145,17342,484,-923,-336,-80,204,17036,-7,194,34
3742,-243,138,17352,478,-936,-329,-48,224,17084,18,164,63
3752,-233,132,17338,486,-938,-330,-16,192,16952,-1,212,60
3762,-240,134,17366,484,-932,-327,-56,124,16972,28,191,35
3772,-227,150,17351,477,-919,-330,-68,248,16936,15,193,57
3782,-230,134,17350,469,-937,-320,-8,168,16904,39,242,30
3792,-217,130,17355,490,-924,-322,-92,192,16948,22,199,25
3802,-241,130,17352,495,-925,-328,-76,172,16968,10,212,41
3812,-232,138,17344,476,-939,-324,-48,216,17024,19,196,54
3822,-236,140,17357,489,-928,-333,-20,236,16944,47,231,58
3832,-225,135,17353,486,-931,-330,-24,260,16848,14,199,38
3842,-236,142,17347,489,-920,-330,-40,276,16932,-2,189,33
3852,-235,128,17361,488,-939,-330,-104,272,16916,-26,205,9
3862,-230,124,17357,486,-931,-337,-48,208,17016,50,229,56
3872,-226,133,17359,481,-934,-332,-40,288,16972,16,191,45
3882,-235,135,17363,480,-932,-328,-68,220,16888,18,217,31
3892,-235,134,17342,479,-915,-328,-28,172,17000,24,189,52
3902,-239,137,17338,484,-928,-330,-32,232,16900,0,227,53
3942,-230,139,17349,475,-926,-325,-28,168,16992,40,209,31
3952,-232,134,17346,476,-950,-322,-48,180,16908,-2,196,57
3962,-238,133,17364,487,-944,-326,-16,224,16948,-12,221,36
3972,-233,141,17361,479,-944,-321,-48,224,17008,36,200,44
3982,-221,131,17357,475,-939,-323,-44,228,16960,21,153,-16
3992,-232,132,17356,473,-936,-327,-28,188,17012,36,213,47
4002,-220,143,17345,468,-937,-318,-108,216,16964,-19,205,39
4012,-240,150,17345,471,-936,-319,-16,264,17108,7,209,47
4022,-226,133,17350,473,-934,-327,-44,180,16784,21,213,69
4032,-226,126,17340,479,-937,-325,-108,284,16908,7,180,25
4042,-216,130,17340,481,-942,-334,-16,184,17008,35,208,26
4052,-228,135,17344,509,-915,-345,20,176,16896,31,217,27
4062,-239,127,17362,490,-930,-336,-44,272,16948,14,219,40
4072,-234,128,17352,479,-941,-327,-60,216,16956,4,183,65
4082,-240,125,17354,491,-941,-333,-64,236,16984,2,211,64
4092,-246,139,17333,486,-935,-334,36,180,16968,16,184,59
4132,-242,126,17363,473,-936,-327,28,184,17040,-5,204,33
4142,-245,142,17339,484,-921,-335,-20,144,17000,24,189,21
4152,-238,138,17338,491,-922,-333,-100,208,16924,38,217,33
4162,-232,134,17355,470,-958,-316,-24,188,16904,71,221,73
4172,-246,146,17360,489,-933,-333,-80,144,16980,32,218,52
4182,-237,142,17359,482,-938,-326,-48,152,17012,12,198,34
4192,-242,125,17357,475,-928,-324,-32,172,16952,36,216,64
4202,-234,138,17359,479,-929,-323,-48,312,17000,32,213,18
4213,-233,138,17345,491,-914,-341,-60,204,16900,7,207,44
4223,-238,146,17355,489,-928,-330,-72,200,16896,41,171,48
4233,-242,137,17341,483,-941,-320,60,172,16984,42,187,54
4243,-234,136,17356,497,-921,-336,24,192,16960,29,203,54
4253,-232,131,17344,478,-922,-331,0,176,16988,36,200,77
4263,-239,131,17364,472,-944,-325,-104,224,16956,15,246,57
4273,-248,148,17353,474,-924,-330,-8,200,16896,6,228,67
4283,-228,144,17354,473,-940,-321,-88,200,17080,3,215,45
4293,-235,145,17368,488,-941,-337,-56,252,16968,-31,189,62
4303,-228,119,17345,489,-930,-334,-8,204,17044,10,234,51
4313,-218,134,17363,505,-923,-335,-92,228,16956,35,219,6
4323,-219,130,17340,484,-938,-332,-40,164,16908,19,196,6
4333,-234,131,17346,486,-940,-331,24,192,17084,20,179,26
4343,-233,148,17353,482,-945,-331,-20,200,16944,5,191,51
4353,-234,137,17348,499,-900,-333,-124,236,16888,0,200,53
4363,-230,140,17341,482,-943,-321,-56,248,17000,26,190,42
4403,-233,146,17349,497,-936,-336,-112,236,16972,-13,194,39
4413,-227,132,17344,479,-928,-332,-36,208,16984,19,210,41
4423,-230,129,17349,469,-928,-327,-32,160,16960,44,193,30
4433,-236,123,17356,467,-939,-325,60,212,16916,29,197,28
4443,-228,147,17344,476,-938,-327,-20,236,16884,13,250,48
4453,-227,144,17351,488,-919,-325,-16,188,16888,-12,197,61
4463,-248,142,17351,474,-935,-322,-44,200,17040,0,204,47
4473,-229,139,17342,469,-939,-323,-56,204,16912,14,223,31
4483,-230,132,17358,484,-925,-333,-28,236,17028,47,206,44
4493,-249,127,17336,479,-931,-331,-76,236,16932,-10,195,33
4503,-226,117,17359,461,-923,-326,-20,156,16976,20,182,47
4513,-245,129,17346,479,-926,-332,-48,168,16868,29,188,47
4523,-218,137,17363,496,-933,-335,-24,176,16940,37,194,33
4533,-250,130,17351,489,-925,-337,-68,184,16920,18,214,47
4543,-243,142,17353,466,-936,-316,-80,176,16964,21,200,17
4553,-218,126,17353,472,-925,-332,-52,172,16960,39,210,74
4563,-228,143,17346,486,-929,-332,-20,220,17028,26,187,55
4573,-225,136,17339,494,-942,-336,-60,124,17000,2,203,78
4583,-227,137,17368,496,-936,-328,-60,196,16956,2,217,33
4593,-240,123,17349,485,-935,-325,-32,200,17092,-4,236,79
4603,-241,138,17353,485,-936,-331,-8,116,16920,10,212,34
4613,-226,130,17368,485,-932,-334,4,204,16900,28,207,27
4623,-236,142,17360,483,-932,-334,-60,200,16908,14,185,58
4633,-241,144,17350,482,-919,-338,-88,140,16956,33,209,32
4673,-239,134,17341,483,-944,-328,4,204,17044,12,191,13
4683,-243,137,17346,469,-938,-321,-28,212,16952,21,242,22
4693,-227,131,17351,467,-938,-320,-52,260,17056,27,233,28
4703,-235,143,17365,463,-930,-323,-40,168,16884,38,200,37
4713,-226,133,17355,473,-933,-334,-24,224,17032,17,238,43
4723,-236,135,17345,474,-921,-334,-108,192,16940,15,203,30
4733,-246,125,17340,475,-928,-324,-8,164,16964,24,212,22
4773,-232,129,17361,463,-949,-314,20,228,16852,9,205,58
4783,-246,137,17350,481,-938,-328,-40,228,16908,42,211,36
4793,-221,145,17353,489,-937,-341,-12,208,16920,49,190,26
4803,-224,132,17354,484,-939,-329,0,192,16892,8,198,58
4813,-234,128,17354,476,-932,-329,-60,276,17064,15,209,29
4823,-233,149,17339,484,-923,-328,-32,220,16932,25,196,49
4833,-240,151,17343,471,-946,-319,44,216,17004,-7,181,57
4843,-225,152,17343,473,-928,-322,16,152,16940,17,203,15
4853,-232,117,17347,474,-924,-325,-16,228,17060,3,178,56
4863,-243,132,17350,483,-930,-326,-20,144,16940,16,195,24
4873,-233,142,17349,482,-949,-322,-32,192,16948,8,183,33
4883,-236,128,17350,472,-939,-322,-108,156,16828,32,228,65
4893,-242,125,17347,475,-945,-318,-36,160,16924,37,200,31
4903,-226,136,17355,484,-938,-334,-68,252,17084,37,219,53
4913,-220,145,17350,475,-926,-333,-32,260,16912,47,205,54
4923,-218,131,17368,473,-933,-327,-116,196,17028,-12,239,31
4933,-224,139,17350,473,-934,-323,-24,256,17008,-1,193,43
4943,-235,125,17342,492,-927,-336,-20,204,16912,-26,215,59
4953,-223,132,17355,492,-924,-338,-60,204,16992,28,231,52
4963,-229,135,17344,497,-920,-335,-44,224,16960,18,197,25
4973,-236,131,17340,493,-947,-333,-60,236,17008,37,220,27
4983,-238,132,17340,491,-932,-336,-76,204,16876,4,183,42
4993,-235,126,17357,472,-924,-328,24,228,16880,10,215,16
5003,-229,133,17360,469,-943,-326,-56,140,16968,25,163,58
5043,-235,143,17362,490,-926,-340,-84,156,16920,-9,215,20
5053,-230,138,17359,492,-928,-331,-56,160,17024,9,197,45
5063,-240,127,17340,480,-926,-324,-60,220,16964,3,198,38
5073,-237,134,17369,489,-918,-329,16,180,16936,20,209,16
5083,-236,134,17342,473,-941,-329,-136,208,17012,0,222,23
5093,-230,130,17350,474,-932,-319,-32,204,16960,-14,218,23
5103,-226,133,17345,471,-925,-322,-72,212,16992,11,195,38
5113,-241,136,17347,490,-921,-337,-8,172,16944,-8,184,-3
5123,-238,149,17350,475,-927,-326,-84,204,16900,0,169,36
5133,-236,135,17339,476,-942,-324,-44,188,16932,24,204,32
5143,-229,124,17331,490,-934,-332,-52,248,17020,57,218,47
5153,-237,137,17353,477,-934,-324,-28,228,16924,27,204,25
5163,-240,150,17357,483,-921,-333,-44,216,16952,13,188,51
5173,-246,134,17340,485,-919,-333,8,188,17124,8,190,51
5183,-219,143,17355,479,-945,-329,-28,252,16916,8,184,70
5193,-244,126,17356,485,-932,-328,-64,204,16884,23,199,65
5203,-223,124,17332,483,-942,-321,-28,252,16932,25,226,37
5213,-243,126,17344,484,-932,-332,-56,272,16880,17,196,44
5223,-235,125,17352,470,-923,-324,-60,192,17100,7,223,48
5233,-225,133,17352,479,-942,-327,-76,240,16964,59,202,45
5243,-236,137,17354,481,-924,-336,-132,252,16848,32,221,25
5253,-225,134,17353,470,-927,-328,-32,184,16972,-1,222,37
5263,-245,136,17345,475,-939,-327,32,236,16984,27,180,56
5273,-237,142,17358,486,-927,-334,-52,212,16896,11,203,41
5313,-232,137,17362,483,-928,-334,-20,140,17028,13,171,32
5323,-234,126,17339,489,-934,-333,-16,232,16912,45,189,21
5333,-228,139,17343,489,-929,-334,-48,224,17020,11,199,53
5343,-231,150,17357,463,-953,-325,-72,212,16928,3,209,55
5353,-225,130,17345,470,-947,-313,60,188,16920,41,203,29
5363,-238,139,17357,476,-930,-327,-56,220,16972,16,176,42
5373,-228,141,17350,487,-920,-340,-8,200,16972,33,202,35
5383,-231,145,17339,475,-942,-325,-52,244,16992,6,208,44
5393,-224,139,17350,474,-946,-326,-12,172,16960,22,221,40
5403,-237,135,17353,481,-943,-325,-84,292,16996,46,222,44
5413,-242,138,17348,477,-945,-317,-96,224,17076,7,205,23
5423,-232,111,17350,462,-940,-318,-60,200,17044,34,233,64
5433,-225,137,17349,480,-932,-331,-20,236,16988,34,170,69
5443,-234,126,17345,470,-938,-325,-84,264,16984,23,210,37
5453,-228,144,17350,472,-933,-327,-8,196,16912,33,215,44
5463,-228,142,17370,473,-929,-323,-52,240,17012,3,167,32
5503,-239,133,17361,466,-932,-325,-16,188,17028,-12,219,38
5513,-241,140,17350,480,-930,-331,-68,192,16852,36,195,74
5523,-221,119,17359,492,-930,-336,-56,216,16904,14,215,49
5533,-231,126,17355,482,-936,-332,-24,212,17028,-2,202,54
5543,-222,134,17358,472,-939,-322,-84,164,17024,18,243,76
5553,-236,134,17337,472,-945,-323,-44,192,16964,41,197,39
5563,-248,135,17360,465,-942,-312,4,200,16948,7,220,49
5573,-224,137,17342,474,-914,-328,-16,196,17032,6,202,24
5583,-231,130,17355,484,-914,-329,-16,188,16872,25,186,18
5593,-226,137,17347,481,-938,-325,-48,132,16988,20,204,38
5603,-229,142,17348,491,-931,-334,-76,212,16936,-7,207,47
5613,-228,131,17360,477,-946,-316,-116,172,17020,6,221,23
5623,-244,145,17356,484,-943,-319,-36,248,16980,17,211,42
5633,-239,145,17356,470,-947,-318,-56,256,16968,20,194,51
5643,-251,133,17351,473,-932,-323,-16,156,17028,17,201,26
5653,-224,139,17352,483,-919,-338,-20,224,16852,20,173,59
5663,-246,149,17361,490,-940,-332,-28,208,17008,-8,191,8
5673,-243,129,17357,483,-935,-329,-36,188,16864,-8,186,19
5683,-236,132,17353,485,-929,-323,8,148,16888,3,201,46
5693,-238,134,17354,494,-944,-327,-76,172,17004,38,222,19
5703,-231,138,17349,478,-932,-331,-108,204,16900,43,214,29
5713,-232,150,17364,483,-941,-330,-56,144,16988,-13,201,46
5723,-226,137,17340,478,-931,-330,-40,204,16880,40,208,31
5733,-237,134,17351,480,-934,-324,-132,236,16932,27,196,24
5773,-228,141,17350,468,-931,-327,-76,248,17052,43,218,45
5783,-237,131,17360,467,-937,-322,-44,220,16932,13,233,55
5793,-216,134,17345,489,-922,-323,-16,236,16888,-12,202,17
5803,-232,144,17354,489,-927,-337,-28,224,16948,19,222,55
5813,-237,122,17345,474,-935,-325,-80,240,16952,-6,205,74
5823,-248,126,17354,476,-943,-323,-76,172,16916,6,187,38
5833,-238,142,17348,466,-936,-323,-28,184,17048,22,204,31
5873,-234,134,17335,483,-918,-325,-16,164,17032,7,202,38
5883,-244,135,17344,475,-925,-320,-24,212,16944,33,179,51
5893,-226,138,17372,473,-925,-323,-48,268,16872,24,209,14
5903,-233,123,17343,472,-921,-326,-112,204,16988,12,206,56
5913,-259,130,17348,477,-934,-317,-52,180,16968,22,208,50
5923,-242,127,17343,484,-929,-333,-28,212,16928,5,192,44
5933,-232,131,17350,469,-925,-324,44,172,17032,19,201,50
5943,-231,136,17355,477,-931,-332,-16,216,17060,55,203,59
5953,-241,121,17360,483,-941,-325,-8,160,16956,50,203,52
5963,-231,125,17354,481,-929,-324,-24,256,16896,10,205,52
5973,-224,131,17361,478,-925,-325,8,168,16832,48,176,48
5983,-228,133,17341,477,-927,-326,-56,224,17040,20,217,39
5993,-228,139,17350,482,-908,-332,-36,240,17000,24,213,29
6003,-220,129,17334,464,-947,-329,-84,208,16940,26,179,50
6013,-243,136,17348,475,-942,-322,24,224,16952,-8,200,41
6023,-232,121,17344,467,-936,-325,-60,208,16980,28,186,49
6033,-228,133,17357,476,-931,-320,-64,220,16940,31,211,67
6043,-229,127,17339,468,-929,-328,-48,200,16900,40,196,35
6053,-234,133,17352,465,-921,-323,-52,180,16904,23,233,28
6063,-236,156,17337,464,-932,-322,-120,236,16988,-19,213,32
6073,-243,130,17353,456,-926,-327,-8,232,16856,-7,201,39
6083,-221,128,17358,472,-933,-326,-120,168,16872,45,181,46
6093,-233,133,17343,478,-925,-329,-44,216,16904,55,210,63
6103,-240,138,17350,501,-932,-334,-36,240,16972,50,204,26
6143,-235,138,17337,475,-929,-327,-64,124,17016,55,245,42
6153,-240,128,17367,478,-932,-326,-44,268,16976,43,205,17
6163,-229,135,17336,478,-926,-331,0,260,16836,4,177,64
6173,-232,138,17357,484,-932,-327,-104,284,17072,45,202,31
6183,-242,132,17350,470,-922,-325,-36,184,17000,13,232,78
6193,-245,134,17345,478,-925,-336,16,180,16932,51,201,51
6203,-234,141,17355,477,-928,-329,-52,248,16916,12,219,39
6214,-227,128,17343,466,-933,-322,-20,212,16968,20,194,34
6224,-238,122,17343,478,-926,-329,-40,192,16924,-18,208,40
6234,-244,142,17353,478,-925,-324,0,240,16916,4,225,48
6244,-204,137,17347,469,-926,-321,-72,196,17008,39,209,49
6254,-246,139,17355,474,-917,-327,-48,244,16936,11,187,22
6264,-215,126,17341,480,-925,-336,-48,152,16932,13,210,29
6274,-230,140,17365,476,-932,-329,20,252,16996,52,209,65
6284,-238,132,17348,475,-918,-330,0,124,17040,47,175,58
6294,-229,134,17349,478,-929,-323,4,168,16980,-5,227,49
6334,-227,138,17355,460,-925,-321,-80,248,16936,11,217,85
6344,-227,132,17343,475,-929,-327,-56,224,16848,-9,233,40
6354,-240,126,17358,470,-939,-317,-88,244,16908,15,198,30
6364,-226,128,17339,466,-925,-320,-80,144,16996,33,191,13
6374,-239,125,17341,478,-921,-321,-68,200,17092,16,197,29
6384,-240,136,17337,475,-925,-328,-64,180,16860,14,186,34
6394,-234,121,17337,469,-927,-323,32,220,16864,51,227,36
6404,-240,126,17346,477,-922,-327,-4,212,16944,28,194,24
6414,-232,135,17353,447,-930,-311,-8,180,17024,30,217,37
6424,-239,131,17358,476,-924,-322,-60,248,17044,43,223,59
6434,-221,141,17358,473,-920,-328,-28,232,16912,15,180,66
6444,-233,127,17327,484,-917,-329,-36,188,16988,24,208,8
6454,-226,137,17339,479,-923,-323,-76,160,17004,18,209,78
6464,-232,134,17338,471,-936,-319,-92,252,17056,17,212,47
6474,-237,121,17350,486,-917,-331,-32,220,17008,36,226,48
6484,-231,127,17355,476,-932,-331,-76,196,16916,16,201,32
6524,-211,136,17348,464,-938,-314,-28,216,16912,-12,209,28
6534,-234,134,17353,481,-944,-320,-100,208,16968,-9,182,6
6544,-230,135,17352,483,-928,-327,-4,268,16816,6,213,51
6554,-222,129,17335,485,-918,-331,-4,124,16940,36,196,21
6564,-237,136,17351,468,-916,-331,-36,256,16988,19,191,36
6574,-238,131,17340,467,-921,-323,-36,244,16944,24,201,45
6584,-225,136,17338,476,-914,-329,-72,204,16888,25,218,60
6594,-243,128,17330,473,-918,-331,-92,208,16908,21,206,23
6604,-221,148,17351,473,-925,-326,0,188,16984,25,187,86
6614,-236,133,17358,469,-925,-324,-32,224,16912,20,198,22
6624,-242,143,17368,465,-911,-318,-12,156,16960,-19,188,33
6634,-221,127,17342,463,-938,-313,12,232,16896,-9,196,58
6644,-237,132,17337,469,-924,-327,4,216,16924,37,202,64
6654,-223,137,17346,476,-919,-334,-8,200,16880,33,207,47
6664,-226,144,17345,474,-914,-327,4,192,16940,-7,230,27
6674,-241,131,17339,480,-931,-323,-48,132,16964,47,198,51
6684,-232,129,17334,466,-926,-318,-72,168,16964,32,186,56
6694,-221,125,17351,479,-923,-327,-52,260,16952,23,214,39
6704,-232,130,17357,474,-921,-329,-88,236,16908,3,201,53
6714,-232,128,17357,480,-918,-329,16,224,17012,3,181,31
6724,-237,126,17360,476,-929,-327,-68,232,16984,5,206,31
6734,-237,115,17357,453,-928,-315,-84,224,17008,8,220,46
6744,-240,133,17344,463,-919,-321,12,176,16948,22,194,75
6754,-237,142,17341,479,-928,-328,-44,196,16972,46,202,77
6794,-239,136,17346,484,-938,-323,-40,192,16992,-36,206,21
6804,-230,124,17346,472,-925,-321,-84,200,16944,3,201,31
6814,-238,133,17356,485,-919,-323,-88,220,16964,3,196,71
6824,-232,134,17352,481,-935,-333,-80,112,16940,41,223,64
6834,-227,124,17354,463,-929,-325,-64,224,16988,16,189,45
6844,-231,132,17347,468,-929,-319,-100,208,17044,27,184,43
6854,-220,136,17345,484,-928,-327,-4,156,16960,14,201,51
6864,-234,146,17354,469,-936,-324,16,240,16912,37,192,28
6874,-237,140,17335,484,-927,-326,-52,184,16992,12,194,60
6884,-226,135,17334,479,-918,-331,-36,216,17008,38,194,52
6894,-233,134,17345,485,-929,-328,-40,188,17016,10,175,62
6904,-231,129,17360,482,-935,-327,-72,264,16988,39,238,63
6914,-231,135,17354,479,-925,-323,-56,144,16972,25,206,48
6924,-227,127,17341,473,-930,-327,-64,172,16932,-15,203,32
6934,-228,137,17363,485,-938,-329,-72,144,17052,21,196,42
6994,-232,143,17357,483,-928,-325,-64,200,17016,16,203,51
7004,-234,127,17341,464,-931,-329,-116,268,16976,5,189,44
7014,-251,131,17335,468,-919,-326,-44,260,16928,-13,217,36
7024,-217,129,17354,476,-943,-331,-84,164,16952,-7,199,45
7034,-224,131,17348,467,-913,-323,-60,224,16876,20,152,28
7044,-245,127,17361,467,-921,-327,-96,188,16896,12,213,46
7054,-229,125,17343,487,-924,-328,-36,252,16964,23,169,63
7064,-230,137,17354,479,-920,-329,-36,192,16900,15,176,42
7074,-250,117,17335,478,-927,-327,-16,216,16932,15,200,28
7084,-226,137,17376,485,-933,-324,-80,192,16872,-9,213,9
7094,-232,133,17348,471,-940,-321,-28,168,16944,12,215,47
7104,-237,121,17340,486,-922,-337,-72,260,17020,17,214,43
7114,-212,131,17356,491,-933,-334,-16,208,17028,10,229,36
7124,-232,134,17355,487,-943,-333,24,188,16928,11,209,37
7134,-256,145,17352,479,-943,-324,56,212,16972,15,213,59
7144,-241,140,17352,477,-933,-319,-28,192,16872,8,225,23
7154,-226,137,17342,486,-931,-324,8,244,17060,26,222,33
7164,-233,142,17368,474,-939,-327,-44,252,17020,-1,199,48
7174,-217,133,17344,475,-935,-328,-24,208,16980,56,214,20
7184,-232,134,17341,488,-924,-333,-20,204,16940,29,192,44
7194,-233,137,17357,476,-924,-324,-80,220,16968,-14,236,50
7204,-232,140,17335,471,-933,-322,-4,192,16996,16,201,60
7214,-247,138,17345,483,-940,-323,-60,204,16940,5,210,31
7224,-219,140,17343,477,-929,-320,-80,200,16972,14,224,22
7234,-229,146,17362,479,-933,-328,-100,244,17032,30,203,40
7244,-234,138,17350,478,-924,-330,-40,196,17000,30,165,61
7254,-231,141,17358,480,-925,-320,-40,264,16996,19,207,45
7264,-236,141,17351,460,-938,-315,-68,196,16968,16,202,67
7274,-242,134,17345,480,-939,-325,-36,268,16864,5,178,74
7284,-241,134,17335,472,-931,-321,-48,224,16920,13,203,45
7294,-240,137,17356,470,-925,-319,-52,240,16864,13,208,32
7304,-226,122,17355,467,-939,-321,8,192,16988,14,215,37
7314,-238,146,17350,474,-943,-321,-56,184,16972,15,203,50
7324,-228,135,17359,481,-922,-326,-8,248,16948,3,201,35
7334,-245,138,17337,487,-928,-332,-44,252,16884,13,178,40
7344,-233,136,17352,497,-924,-340,-92,212,16968,32,198,26
7354,-248,146,17346,493,-924,-332,-104,252,16948,-24,185,27
7364,-239,146,17346,484,-918,-328,-92,236,16960,40,190,56
7374,-229,130,17348,469,-934,-318,-124,192,16904,31,182,49
7384,-231,127,17354,455,-937,-318,-120,304,16956,24,189,21
7394,-230,129,17347,458,-939,-318,-36,184,16960,15,167,33
7454,-237,139,17349,463,-935,-322,-40,256,16956,34,215,25
7464,-242,136,17349,471,-929,-322,-76,244,16928,52,204,45
7474,-224,133,17339,461,-941,-319,-128,164,16888,25,190,42
7484,-218,130,17345,478,-945,-332,-36,216,16976,-9,213,27
7494,-228,132,17361,467,-946,-327,-56,208,16912,36,211,41
7504,-224,126,17365,480,-924,-333,8,276,16880,10,211,69
7514,-244,135,17346,470,-915,-329,-84,196,16988,-23,202,36
7524,-231,132,17360,477,-918,-333,-60,172,16904,-7,210,36
7534,-221,132,17361,466,-929,-321,-40,212,16840,37,207,39
7544,-236,135,17369,467,-931,-328,-28,264,17064,13,208,72
7554,-212,139,17351,477,-932,-323,8,180,16956,-26,225,12
7564,-226,131,17348,477,-934,-327,-68,208,17060,53,189,54
7574,-228,134,17353,484,-921,-323,-60,184,16960,31,188,61
7584,-224,127,17353,463,-939,-320,-68,200,16900,21,204,35
7594,-237,135,17338,458,-936,-316,-76,212,17012,17,195,57
7604,-248,114,17348,471,-926,-322,-44,248,16936,22,205,59
7614,-225,126,17353,467,-921,-324,-16,216,16912,-6,177,22
7624,-234,121,17354,467,-923,-323,-68,268,16924,10,197,30
7634,-216,140,17349,477,-938,-329,-80,252,16968,8,196,63
7644,-219,137,17356,464,-929,-325,-44,180,17000,29,206,29
7654,-232,141,17357,473,-930,-334,-36,208,16936,3,225,35
7664,-236,127,17358,462,-943,-319,48,244,16988,-4,179,44
7674,-242,127,17359,481,-933,-322,-76,176,16836,6,205,64
7684,-231,129,17340,487,-921,-337,-32,228,16988,25,222,44
7694,-248,122,17361,473,-916,-325,-68,180,16948,-4,206,62
7704,-237,121,17356,471,-945,-319,-24,240,17068,17,210,42
7714,-244,140,17337,470,-940,-328,-56,236,16920,50,204,41
7724,-228,143,17367,479,-938,-327,52,156,16868,-15,219,46
7734,-235,131,17357,482,-925,-324,-44,208,16984,7,211,31
7744,-223,148,17346,483,-931,-332,-16,212,16876,27,206,23
7754,-224,134,17341,486,-932,-329,0,224,16956,-14,205,46
7764,-230,134,17335,477,-943,-323,0,192,16920,21,179,45
7804,-237,124,17347,475,-936,-326,-20,236,17124,54,208,30
7814,-237,138,17358,478,-930,-326,40,236,16960,9,194,61
7824,-240,140,17350,463,-922,-323,-44,216,16928,19,203,65
7834,-246,126,17363,470,-920,-322,24,264,17008,9,218,13
7844,-237,122,17336,478,-940,-330,-96,228,16928,7,193,18
7854,-237,136,17343,471,-928,-325,-24,192,16948,12,177,41
7864,-239,131,17342,487,-930,-326,-16,176,16996,3,207,26
7874,-212,140,17354,469,-922,-324,16,196,17080,51,191,44
7884,-224,136,17343,479,-928,-325,-20,204,16936,55,205,58
7894,-242,139,17370,474,-931,-329,-140,164,16996,-9,211,41
7904,-225,132,17342,472,-931,-328,4,220,17040,6,198,76
7914,-238,133,17359,472,-942,-324,-60,164,17092,7,224,20
7924,-234,139,17360,475,-931,-322,-56,252,16996,62,183,23
7934,-225,133,17335,467,-928,-315,-56,192,16976,26,182,43
7944,-223,137,17347,472,-935,-318,-28,228,16964,28,208,58
7954,-227,128,17361,472,-938,-318,-36,168,16948,-7,186,52
7994,-243,135,17345,469,-926,-322,-28,220,16988,19,222,17
8004,-229,141,17351,477,-934,-322,-44,196,17088,-7,211,24
8014,-234,135,17352,466,-934,-323,16,228,16984,18,199,18
8024,-241,139,17356,472,-932,-322,-68,208,17084,42,187,-2
8034,-251,123,17371,479,-924,-326,-64,236,16992,55,160,20
8044,-250,124,17368,475,-914,-326,-40,172,16936,-4,209,35
8054,-218,142,17345,473,-945,-325,-60,156,16872,4,165,19
8064,-237,125,17340,476,-939,-330,-64,216,17012,27,197,33
8074,-246,151,17350,473,-934,-323,8,196,16852,26,195,45
8084,-246,122,17335,476,-929,-324,-52,240,16928,27,232,31
8094,-222,142,17355,465,-916,-321,-24,176,16864,31,206,12
8104,-240,146,17338,480,-930,-327,-36,244,16972,23,205,35
8114,-231,148,17348,486,-934,-330,-48,204,16944,39,217,37
8124,-228,147,17356,489,-942,-326,-136,144,16928,27,210,35
8134,-245,137,17341,465,-939,-328,-52,200,16880,-12,214,21
8144,-233,141,17345,476,-929,-323,-80,220,17020,5,177,48
8154,-228,135,17363,465,-935,-323,-44,244,16988,14,213,30
8164,-224,133,17357,471,-941,-324,16,188,16972,22,198,21
8174,-233,129,17341,482,-925,-335,-80,288,16960,32,223,40
8184,-221,122,17368,482,-924,-336,-32,116,16908,-1,222,55
8194,-216,130,17339,490,-930,-335,-16,248,16980,65,198,58
8204,-245,144,17351,495,-935,-335,8,300,16952,34,202,29
8215,-243,138,17360,488,-933,-325,-12,208,16992,26,186,60
8225,-223,124,17339,474,-935,-326,-64,256,16908,45,204,36
8265,-227,135,17343,474,-930,-326,-104,188,16924,30,209,21
8275,-229,138,17349,472,-933,-327,-16,236,16924,5,176,35
8285,-223,138,17366,485,-938,-331,4,224,16976,38,224,87
8295,-243,122,17339,482,-936,-333,-24,212,16912,56,232,33
8305,-240,131,17362,483,-921,-336,-60,244,16940,22,213,27
8315,-228,136,17355,477,-925,-330,-16,172,16900,1,223,35
8325,-233,141,17340,465,-943,-324,-36,208,16952,63,206,38
8335,-244,147,17345,488,-936,-335,-84,180,17036,-6,201,57
8345,-231,127,17348,469,-917,-319,-60,188,16972,17,209,27
8355,-237,139,17354,483,-939,-332,-36,212,16924,-2,206,39
8365,-238,144,17364,474,-932,-327,-56,220,16932,22,220,34
8375,-233,139,17339,483,-927,-329,-32,184,16928,15,170,66
8385,-232,121,17344,487,-930,-329,-44,156,16880,41,184,37
8395,-244,135,17346,475,-941,-327,-24,200,16912,0,184,39
8405,-237,125,17351,476,-932,-326,12,272,16940,26,189,25
8415,-229,129,17361,501,-933,-335,-36,160,16860,10,264,47
8455,-235,140,17370,487,-920,-328,-48,176,16924,25,236,42
8465,-221,132,17361,481,-946,-329,-68,260,16832,9,225,41
8475,-229,125,17344,467,-931,-332,-28,164,16848,-5,192,29
8485,-233,126,17338,481,-921,-328,-40,200,16876,21,231,54
8495,-234,133,17347,472,-925,-325,-52,224,16992,19,216,64
8505,-229,135,17365,480,-919,-328,4,176,16864,13,197,55
8515,-242,133,17334,488,-934,-331,-56,176,16956,10,192,62
8525,-223,134,17348,485,-934,-331,0,252,16920,18,199,28
8535,-240,131,17333,495,-937,-334,-88,252,16932,39,208,22
8545,-227,135,17355,501,-931,-337,-16,236,16980,4,198,74
8555,-239,133,17345,492,-918,-329,-8,176,16940,8,202,50
8565,-231,128,17344,479,-937,-329,-56,244,16980,11,216,20
8575,-227,124,17345,476,-934,-327,-8,220,16956,34,183,47
8585,-238,130,17350,472,-929,-327,-4,256,16856,34,187,67
8595,-235,137,17346,465,-933,-321,20,148,16960,16,212,35
8605,-222,141,17351,471,-938,-323,20,192,16956,57,187,39
8615,-237,134,17336,475,-929,-324,-28,164,16984,7,202,53
8625,-243,130,17366,483,-932,-325,4,180,16932,34,230,21
8635,-233,140,17350,474,-925,-325,-40,204,16976,44,205,23
8645,-233,134,17348,482,-929,-330,0,228,16976,16,188,26
8655,-237,127,17349,490,-924,-331,-24,272,16856,21,217,23
8665,-227,133,17346,480,-927,-327,-16,200,16908,25,194,38
8675,-239,137,17342,469,-938,-325,-28,256,16976,-12,201,39
8685,-241,155,17345,480,-929,-331,-64,192,16916,37,232,51
8725,-226,131,17366,482,-924,-333,8,260,16944,14,209,40
8735,-239,144,17357,486,-937,-331,-52,204,16844,6,215,30
8745,-246,139,17331,460,-943,-319,-84,248,17064,52,188,16
8755,-240,146,17356,473,-921,-325,-40,168,16972,22,177,33
8765,-238,137,17356,474,-946,-331,-72,176,16908,-24,183,38
8775,-230,145,17355,477,-935,-335,-24,212,17036,21,199,53
8785,-227,132,17355,481,-915,-337,-72,200,16992,28,198,31
8795,-238,151,17350,470,-930,-331,-8,204,17008,29,196,17
8805,-218,127,17338,489,-919,-335,-8,172,17092,44,226,48
8815,-234,136,17337,494,-921,-333,-12,204,17016,9,213,47
8825,-227,123,17344,477,-918,-330,24,224,16948,25,191,24
8835,-236,136,17351,489,-930,-338,32,232,16984,51,203,11
8845,-245,130,17340,476,-929,-327,-52,216,16904,4,194,38
8855,-250,136,17335,478,-931,-333,-36,236,17004,-4,184,34
8865,-240,132,17356,488,-940,-337,-40,200,16948,38,229,50
8875,-228,128,17342,482,-924,-325,4,204,16896,19,175,40
8885,-237,144,17346,470,-932,-324,-80,212,16968,9,202,37
8895,-218,128,17356,471,-925,-334,-16,192,16948,3,224,47
8905,-234,128,17344,463,-948,-324,16,232,16940,18,160,37
8915,-230,133,17349,493,-935,-332,-32,256,16848,3,207,31
8925,-232,133,17347,480,-931,-328,-84,232,16964,33,207,52
8935,-241,127,17354,482,-927,-327,-28,180,16932,26,189,48
8945,-247,120,17341,469,-943,-316,-48,168,16936,26,225,21
8955,-245,140,17357,462,-942,-314,-40,260,17004,-10,194,5
9015,-232,119,17353,466,-936,-317,-64,176,17020,31,202,63
9025,-229,128,17342,467,-944,-313,-68,212,16944,10,198,41
9035,-234,127,17338,482,-927,-324,-32,220,16856,3,192,41
9045,-241,124,17350,477,-931,-325,-16,176,16872,1,202,45
9055,-236,140,17348,465,-917,-324,-56,200,16988,65,192,36
9065,-234,129,17340,474,-926,-321,-16,160,17040,19,183,40
9075,-227,137,17341,471,-931,-324,-28,192,17032,37,227,21
9085,-228,132,17344,470,-934,-318,-80,256,17000,32,229,43
9095,-243,138,17352,463,-948,-314,32,248,16912,11,196,70
9105,-222,119,17350,475,-933,-316,-40,244,16900,31,203,18
9115,-229,133,17358,483,-928,-327,-56,168,16976,31,190,63
9125,-225,136,17339,487,-926,-336,-32,260,16992,2,227,36
9135,-229,140,17343,485,-930,-333,-56,228,16972,40,217,36
9145,-223,132,17343,472,-937,-318,-96,180,16900,10,199,22
9155,-235,140,17349,482,-925,-330,-112,256,16932,12,185,60
9165,-228,132,17352,480,-923,-324,-72,228,16976,44,194,42
9175,-214,135,17339,457,-943,-320,-52,172,17020,42,199,37
9185,-238,131,17345,474,-922,-325,4,232,16920,31,224,63
9195,-234,139,17363,464,-931,-319,-20,248,16928,-6,208,22
9205,-228,129,17336,483,-938,-333,-28,244,16964,5,221,29
9215,-250,133,17345,479,-933,-326,-32,192,16984,-4,210,48
9225,-229,133,17346,472,-946,-323,-60,236,16948,49,202,49
9235,-212,132,17345,481,-936,-326,-76,212,17000,29,184,34
9245,-227,134,17343,477,-935,-325,-36,252,16932,12,175,49
9255,-233,138,17347,470,-930,-322,-76,216,16972,31,185,42
9265,-238,144,17325,474,-923,-327,-80,260,16900,15,182,44
9275,-240,132,17342,480,-931,-331,-128,232,16876,2,180,30
9285,-227,145,17343,472,-927,-325,-88,200,16960,16,187,27
9295,-243,141,17347,476,-938,-318,-116,180,17012,2,176,52
9305,-241,147,17347,481,-939,-326,-60,196,16924,-12,228,38
9315,-234,130,17341,475,-934,-327,-60,232,17008,-1,201,52
9325,-221,124,17339,480,-929,-329,-12,240,16976,31,209,59
9365,-226,129,17361,485,-929,-327,12,208,16972,-6,209,28
9375,-233,137,17341,483,-942,-330,8,248,17028,-3,202,28
9385,-238,133,17329,475,-937,-320,-44,196,16932,32,193,51
9395,-228,140,17340,457,-932,-317,-88,244,16988,12,180,59
9405,-252,143,17344,467,-924,-327,-48,264,16968,26,206,34
9415,-244,143,17337,489,-921,-331,-52,212,16932,12,222,24
9425,-229,131,17347,482,-921,-332,-84,184,16948,15,206,37
9435,-249,141,17348,480,-928,-326,-80,204,16880,23,184,63
9445,-235,142,17355,491,-921,-334,-64,240,16916,13,175,29
9455,-230,127,17342,495,-915,-334,-40,180,16900,-20,197,45
9465,-242,139,17338,481,-921,-326,-48,148,16912,41,229,42
9475,-244,128,17349,480,-921,-324,-72,260,16984,-1,199,39
9485,-226,132,17346,479,-944,-326,-64,212,16948,23,204,35
9495,-239,132,17340,476,-932,-320,-84,272,17100,29,201,33
9505,-221,134,17333,486,-927,-335,-8,204,16824,23,210,54
9515,-232,134,17352,470,-931,-327,-68,196,17060,8,183,35
9555,-245,125,17333,490,-938,-332,-80,212,17052,-5,223,61
9565,-234,141,17338,480,-919,-326,-24,244,17000,33,230,60
9575,-236,141,17334,472,-925,-315,-20,148,16936,25,207,31
9585,-225,128,17341,484,-940,-319,-72,192,16968,50,161,35
9595,-245,128,17342,483,-926,-325,-8,168,16908,12,197,40
9605,-223,134,17324,485,-922,-326,-36,156,17016,27,196,29
9615,-238,132,17342,469,-930,-325,-40,224,17036,0,232,57
9625,-226,137,17345,464,-934,-313,-80,256,16880,12,207,48
9635,-221,140,17338,471,-923,-322,-52,228,16956,38,192,61
9645,-230,135,17329,485,-930,-329,12,224,16952,25,178,53
9655,-242,139,17337,482,-914,-331,-52,240,16964,36,206,21
9665,-232,135,17336,479,-912,-322,-52,184,17004,1,185,19
9675,-225,128,17346,478,-918,-319,-72,260,16988,35,189,20
9685,-226,134,17344,460,-919,-317,-116,196,16904,33,199,22
9695,-244,140,17343,474,-935,-329,-16,212,16912,10,176,70
9705,-234,127,17341,470,-924,-325,-52,176,16868,-6,192,44
9715,-246,144,17329,487,-922,-332,0,196,16928,27,192,40
9725,-256,136,17328,497,-917,-339,-32,152,16952,-9,164,60
9735,-236,120,17335,476,-934,-328,0,272,16880,-12,195,65
9745,-239,140,17338,484,-930,-326,-64,152,16892,10,205,46
9755,-233,133,17340,467,-930,-322,-64,168,16928,37,186,45
9765,-244,135,17343,483,-923,-323,-52,168,16928,10,211,22
9775,-236,131,17341,471,-925,-327,-132,160,16948,31,223,10
9785,-220,136,17354,477,-909,-328,-44,180,17052,65,193,80
9825,-243,132,17322,472,-934,-327,-20,208,16960,20,210,42
9835,-236,137,17344,485,-927,-318,-16,216,16968,13,197,36
9845,-223,141,17330,469,-932,-329,-84,216,16980,7,193,38
9855,-237,127,17340,480,-923,-333,-52,216,16976,18,207,44
9865,-229,134,17338,467,-922,-334,-60,240,16916,-9,178,73
9875,-245,129,17343,465,-918,-321,-16,236,17032,-6,210,43
9885,-219,121,17335,481,-933,-323,-4,236,16956,-2,206,41
9895,-244,132,17347,481,-932,-322,-92,224,16844,22,217,25
9905,-222,123,17355,474,-922,-325,-64,192,17016,15,197,14
9915,-226,140,17344,460,-923,-326,-100,220,16996,-8,200,32
9925,-237,122,17341,458,-929,-322,-28,216,16908,-4,205,47
9935,-219,118,17358,462,-920,-327,-76,236,17004,8,195,27
9945,-249,130,17342,470,-929,-324,-12,252,16892,23,180,40
9955,-240,126,17356,459,-934,-315,-44,284,16968,18,206,62
9965,-245,134,17340,471,-928,-319,-72,160,16908,72,227,35
9975,-234,141,17338,462,-934,-322,-56,232,16984,0,203,48
10015,-239,128,17356,468,-927,-328,-40,252,16780,41,199,62
10025,-236,129,17345,465,-925,-320,-32,208,16988,10,222,45
10035,-224,128,17342,483,-928,-323,-48,236,16996,11,161,47
10045,-242,125,17357,475,-943,-319,-44,196,16988,18,203,41
10055,-228,121,17332,474,-925,-334,-76,196,17024,7,187,55
10065,-231,126,17345,474,-942,-329,-32,204,16932,13,217,68
10075,-228,130,17345,462,-933,-317,-16,240,16992,12,191,48
10085,-240,113,17331,480,-927,-319,-16,152,16960,19,190,39
10095,-224,140,17362,484,-926,-325,-80,148,17020,5,207,36
10105,-250,135,17342,476,-928,-321,-72,160,17004,22,194,17
10115,-246,125,17354,474,-937,-327,-28,256,17016,-5,203,28
10125,-230,133,17351,494,-936,-330,-68,200,17056,28,207,29
10135,-255,143,17343,472,-923,-321,-140,196,16848,15,250,25
10145,-242,121,17343,473,-936,-322,-72,188,16884,48,204,34
10155,-249,134,17335,468,-934,-323,-28,276,16900,26,189,18
10195,-241,134,17339,491,-904,-339,-60,196,16976,2,193,58
10205,-243,119,17347,466,-936,-326,-32,232,17012,32,225,52
10216,-232,131,17334,475,-927,-325,-36,256,16944,-1,240,65
10226,-243,137,17341,471,-941,-320,-20,208,16976,22,187,26
10236,-231,134,17337,469,-927,-328,-28,208,16972,28,162,22
10246,-234,126,17334,478,-922,-331,0,220,16964,10,223,15
10256,-236,135,17341,480,-919,-330,-60,268,16920,-7,189,53
10296,-243,130,17348,488,-920,-333,-32,216,16948,71,184,51
10306,-233,129,17358,467,-937,-319,-68,224,17000,49,205,46
10316,-228,138,17342,471,-933,-323,-80,256,17048,-12,177,47
10326,-249,136,17338,462,-939,-320,-48,204,16996,21,192,50
10336,-236,122,17329,469,-943,-315,-76,196,16856,50,200,50
10346,-240,128,17344,488,-944,-321,-36,184,16944,0,199,63
10356,-242,138,17356,473,-933,-318,-20,260,16940,21,214,26
10366,-226,142,17329,459,-937,-321,8,216,16868,-2,203,54
10376,-248,132,17339,486,-934,-321,-60,212,16976,44,214,45
10386,-224,129,17349,478,-918,-328,-32,176,16956,18,207,19
10396,-231,137,17352,475,-921,-320,-76,184,17052,-4,236,40
10406,-228,137,17360,471,-917,-325,-4,212,16920,-13,192,61
10416,-216,137,17348,467,-916,-322,-16,264,16924,30,183,26
10426,-232,125,17337,471,-926,-327,-32,248,17072,29,199,57
10436,-231,131,17330,468,-939,-324,4,248,16900,5,242,33
10446,-231,125,17327,476,-936,-317,-88,200,17012,16,207,43
10486,-232,130,17345,465,-930,-319,-52,228,16952,41,178,31
10496,-230,128,17344,481,-914,-326,-108,228,17064,17,180,51
10506,-233,137,17340,469,-916,-329,-148,268,16992,44,178,31
10516,-240,125,17342,474,-937,-320,-60,224,17016,42,222,35
10526,-224,132,17343,475,-938,-322,-56,236,16956,8,204,42
10536,-240,137,17339,465,-939,-324,-48,212,16944,3,209,57
10546,-237,144,17337,463,-934,-318,-68,240,16936,-31,213,40
10556,-244,122,17348,479,-924,-328,-36,264,17004,5,186,51
10566,-237,125,17345,470,-918,-331,-60,228,16912,24,196,47
10576,-242,114,17353,471,-921,-329,-4,192,17032,28,217,19
10586,-248,138,17342,471,-936,-328,-32,172,16888,-1,186,57
10596,-218,135,17336,475,-914,-331,-56,164,16856,37,216,18
10606,-235,129,17344,484,-937,-326,-52,240,17016,-22,239,6
10616,-239,118,17336,482,-930,-324,-28,164,16936,48,191,45
10626,-231,135,17347,472,-935,-322,24,220,16980,17,220,44
10666,-239,139,17318,476,-922,-328,-44,144,17000,-4,209,41
10676,-223,129,17352,469,-931,-322,-52,176,16984,29,212,53
10686,-242,137,17332,471,-944,-321,-60,256,17004,17,206,42
10696,-232,135,17334,474,-937,-325,-48,204,17052,20,172,23
10706,-230,127,17332,482,-917,-325,52,220,16896,30,210,52
10716,-230,134,17340,457,-938,-321,-104,220,16828,8,206,19
10726,-225,119,17338,461,-927,-319,-36,280,16952,12,205,54
10736,-234,130,17351,450,-934,-318,-80,164,16884,18,153,25
10746,-223,128,17356,470,-928,-328,-72,208,16980,14,182,6
10756,-230,122,17344,470,-929,-319,-20,176,16960,39,187,31
10766,-234,128,17332,486,-923,-326,-96,176,16932,24,208,41
10776,-247,139,17335,479,-915,-330,-36,252,16916,47,211,46
10786,-233,123,17341,469,-930,-322,68,212,16944,-20,200,38
10796,-218,143,17348,457,-939,-319,-36,156,17008,18,158,37
10806,-240,130,17335,476,-929,-319,-36,220,16988,4,225,36
10846,-234,130,17333,473,-928,-317,20,144,16852,8,226,96
10856,-233,147,17364,470,-933,-322,-8,184,16924,47,205,36
10866,-233,124,17320,467,-929,-323,-92,204,17056,8,197,53
10876,-236,134,17331,450,-930,-309,-24,204,17060,23,221,38
10886,-227,135,17330,460,-927,-311,-64,196,17012,18,204,45
10896,-238,131,17342,479,-924,-318,-56,208,17080,49,214,72
10906,-248,136,17333,478,-938,-317,-44,196,16912,7,202,40
10916,-231,132,17325,469,-932,-325,-64,152,16928,2,214,40
10926,-229,130,17329,465,-940,-324,-36,240,17000,-17,208,36
10936,-225,121,17320,465,-931,-320,-8,212,16980,28,219,38
10946,-243,134,17338,463,-935,-315,-80,112,16912,6,209,25
10956,-242,145,17339,460,-922,-331,-72,216,16944,26,189,56
10966,-222,119,17345,497,-919,-331,-40,220,16972,32,233,58
10976,-255,132,17321,475,-933,-316,-52,252,16936,20,204,32
10986,-241,129,17345,479,-926,-327,0,208,17052,40,181,48
10996,-228,127,17334,463,-930,-317,-12,172,16936,24,220,11
11006,-239,131,17329,462,-910,-317,-16,228,16968,16,184,51
11016,-229,128,17342,473,-922,-325,-64,220,17104,20,233,40
11026,-250,135,17346,462,-933,-317,4,192,16924,7,204,49
11036,-241,138,17340,466,-903,-325,-12,184,16928,36,238,35
11046,-224,120,17331,475,-911,-329,-44,152,16944,-5,199,35
11056,-229,121,17348,472,-926,-322,-56,204,16992,79,204,54
11066,-209,126,17330,462,-920,-323,-24,292,16960,6,217,39
11076,-246,130,17334,476,-921,-321,-44,172,16880,-4,194,47
11136,-221,123,17341,483,-910,-327,0,156,16948,42,193,27
11146,-241,130,17339,470,-920,-332,8,232,16972,42,184,25
11156,-230,134,17346,466,-926,-323,-32,216,16972,39,206,40
11166,-240,127,17337,471,-922,-322,-44,200,16952,0,224,28
11176,-223,140,17337,480,-918,-326,-60,248,16976,3,189,51
11186,-220,141,17339,477,-929,-327,-20,176,17068,-8,174,4
11196,-235,124,17329,467,-919,-319,4,192,16928,12,217,25
11206,-225,134,17335,461,-926,-316,-40,212,17044,38,176,60
11216,-230,131,17304,488,-917,-331,-56,220,16956,-6,219,20
11226,-238,139,17332,483,-930,-324,-8,220,16864,17,169,43
11236,-231,134,17335,477,-922,-322,48,216,17012,14,172,44
11246,-230,126,17344,483,-922,-321,-72,220,16984,41,211,38
11256,-228,120,17333,486,-924,-325,-32,188,16908,16,189,34
11266,-240,123,17334,477,-931,-318,-4,176,16900,26,218,43
11276,-235,132,17334,474,-926,-323,-28,212,16912,-8,202,-4
11286,-247,128,17338,469,-931,-323,-28,140,16916,17,220,40
11296,-241,125,17331,481,-921,-329,-64,260,17004,-6,184,6
11306,-230,130,17335,467,-926,-320,-64,216,16972,19,188,15
11316,-225,128,17318,460,-912,-326,-80,188,16896,11,211,35
11326,-241,133,17333,464,-927,-321,-60,224,16824,43,229,7
11336,-232,122,17329,460,-929,-310,-112,152,16928,56,198,44
11346,-223,120,17325,457,-910,-323,-48,200,16980,-9,195,71
11356,-238,122,17330,480,-905,-334,-12,188,16964,38,162,27
11366,-231,126,17327,471,-931,-321,-28,200,16940,33,185,56
11376,-229,125,17339,462,-925,-322,-64,232,17020,16,197,44
11386,-221,135,17343,464,-922,-320,-40,220,16972,16,195,32
11396,-241,135,17328,462,-926,-315,-32,196,16840,15,196,43
11406,-250,138,17328,464,-926,-322,12,172,16864,-16,188,45
11416,-237,138,17323,476,-917,-326,-48,164,17012,3,208,45
11426,-234,132,17346,470,-925,-318,8,272,16996,2,228,47
11436,-231,121,17327,466,-931,-327,-44,204,16904,14,209,45
11446,-231,125,17335,464,-925,-323,-80,236,16948,47,206,17
11486,-230,137,17340,454,-932,-313,-84,168,16912,36,191,49
11496,-229,138,17334,464,-923,-317,-32,196,16896,11,216,37
11506,-240,136,17329,462,-913,-323,-64,236,16920,21,211,41
11516,-226,146,17336,479,-927,-326,-84,172,16924,8,205,54
11526,-234,135,17333,491,-933,-321,28,208,16896,1,209,49
11536,-243,131,17362,470,-921,-318,-28,188,16912,29,204,58
11546,-225,122,17346,458,-919,-316,-84,220,16944,18,199,43
11586,-230,135,17333,460,-924,-314,-24,140,16956,23,200,33
11596,-237,127,17343,475,-912,-326,-104,184,17040,20,189,21
11606,-253,129,17335,475,-910,-333,-24,156,16876,22,196,37
11616,-238,128,17319,466,-908,-324,-68,188,16956,40,174,32
11626,-229,125,17338,461,-930,-315,36,268,16904,45,188,65
11636,-246,121,17328,472,-931,-317,52,192,16936,34,196,22
11646,-234,114,17341,475,-922,-317,-92,288,16940,9,226,51
11656,-230,133,17335,471,-921,-316,-52,216,17024,17,190,31
11666,-237,123,17338,465,-928,-313,-64,280,16916,2,215,30
11676,-228,136,17322,473,-933,-314,-64,204,16972,41,206,29
11686,-239,134,17351,473,-940,-319,-76,136,16872,13,182,63
11696,-232,123,17333,464,-932,-312,-24,200,17048,21,207,65
11706,-244,118,17325,459,-920,-310,-32,232,16944,0,205,44
11716,-242,130,17333,465,-917,-319,-48,200,16916,11,216,43
11726,-222,129,17329,479,-898,-324,-60,240,17012,30,182,12
11736,-232,138,17337,484,-918,-322,24,176,16940,29,206,53
11746,-229,126,17333,488,-919,-325,36,208,16944,4,192,17
11756,-251,141,17337,471,-911,-323,28,248,16876,28,206,49
11766,-241,137,17325,458,-914,-316,-44,240,17020,27,193,26
11776,-235,122,17345,477,-926,-322,-76,208,16864,16,205,38
11786,-229,126,17326,457,-926,-309,-56,164,16940,22,192,42
11796,-251,142,17339,456,-940,-312,-16,252,16904,38,203,21
11806,-236,123,17328,468,-926,-323,-20,264,16964,5,197,48
11816,-233,131,17319,469,-917,-331,8,264,16868,12,218,6
11856,-234,124,17337,470,-924,-327,-60,216,16880,27,211,60
11866,-228,137,17342,476,-923,-325,-36,192,16988,20,192,50
11876,-225,104,17326,478,-923,-324,-64,164,17064,24,209,22
11886,-223,133,17323,474,-931,-318,12,104,16964,-13,233,22
11896,-229,132,17341,475,-929,-323,-8,260,16860,40,217,32
11906,-240,130,17342,463,-930,-318,-16,192,16896,48,207,25
11916,-223,128,17343,461,-927,-318,4,160,16896,32,178,59
11926,-227,128,17338,456,-933,-313,-20,208,16944,15,211,25
11936,-237,130,17344,459,-914,-320,-112,136,16944,19,211,36
11946,-240,123,17330,470,-935,-322,-36,188,16916,3,209,53
11956,-232,138,17350,483,-929,-323,-48,164,16924,4,190,42
11966,-231,122,17325,468,-926,-320,-16,212,17008,15,231,37
11976,-228,136,17357,467,-927,-324,-40,200,16956,-11,171,45
11986,-234,129,17321,478,-925,-316,-28,220,16884,-9,207,23
11996,-234,139,17338,473,-920,-317,-72,180,16928,22,194,42
12036,-251,126,17325,460,-916,-319,-44,192,16908,15,171,53
12046,-236,113,17335,471,-921,-327,-52,276,16992,20,217,32
12056,-224,124,17342,473,-911,-329,-60,156,16860,29,206,67
12066,-228,126,17341,471,-914,-321,-32,216,16960,32,197,16
12076,-226,123,17354,471,-910,-328,-16,272,16884,30,221,68
12086,-237,131,17339,473,-902,-329,-68,212,17020,15,210,33
12096,-224,130,17338,464,-908,-317,-20,176,16904,12,225,24
12106,-227,120,17333,454,-924,-318,16,216,16988,21,179,43
12116,-239,145,17331,470,-916,-320,-32,216,17008,41,187,42
12126,-243,141,17333,470,-920,-316,-16,192,17044,24,189,56
12136,-240,133,17337,452,-926,-313,16,164,17112,24,208,48
12146,-231,150,17347,468,-936,-319,-88,236,16984,23,193,17
12156,-224,133,17335,473,-919,-321,4,224,16928,27,212,39
12166,-234,118,17347,460,-916,-320,8,236,16948,39,211,38
12176,-235,131,17344,470,-917,-321,-12,184,17028,40,222,22
12186,-237,123,17336,472,-929,-311,-24,176,16956,43,220,46
12227,-242,119,17351,463,-920,-315,-40,236,17120,38,189,67
12237,-221,134,17336,471,-918,-315,-28,196,16936,8,222,46
12247,-249,128,17342,460,-932,-311,4,192,16988,14,208,45
12257,-220,119,17331,460,-912,-321,-44,188,16868,7,198,44
12267,-246,142,17331,459,-923,-320,-32,196,16912,-5,211,35
12277,-221,132,17345,475,-919,-321,-36,244,17184,20,217,41
12287,-235,134,17335,461,-915,-315,-28,184,16984,36,203,46
12297,-230,149,17328,456,-920,-315,-4,192,16936,5,176,27
12307,-243,128,17325,469,-926,-326,-64,212,17000,2,185,41
12317,-224,130,17349,476,-930,-323,-152,256,17052,29,206,40
12327,-246,128,17346,474,-932,-324,-92,216,16940,24,224,50
12337,-231,134,17316,468,-917,-323,0,188,16972,-25,215,24
12347,-236,132,17341,471,-925,-325,-4,164,17060,4,236,39
12357,-223,138,17356,463,-928,-318,-80,212,16892,37,199,56
12367,-256,136,17335,469,-936,-318,-48,236,16916,20,211,51
12407,-236,121,17341,475,-922,-322,-80,184,16948,19,185,31
12417,-251,132,17323,464,-934,-316,-52,204,16932,31,232,58
12427,-238,125,17338,457,-945,-312,-12,196,16932,43,202,44
12437,-239,127,17339,467,-931,-310,-12,164,17064,-16,183,45
12447,-227,132,17325,472,-915,-319,-16,132,16968,-7,220,33
12457,-231,138,17341,478,-928,-320,0,156,16928,11,224,52
12467,-233,128,17351,476,-913,-327,-68,256,16936,33,221,9
12477,-231,130,17326,472,-931,-316,-8,228,16948,10,206,24
12487,-236,135,17333,456,-928,-321,-40,196,16988,2,215,73
12497,-230,126,17337,452,-928,-313,-60,248,16828,14,205,38
12507,-242,134,17331,453,-933,-310,0,200,16948,-17,211,49
12517,-247,122,17345,464,-933,-309,-56,176,16932,2,227,42
12527,-226,119,17346,465,-918,-318,-12,188,17048,-1,219,19
12537,-241,139,17338,473,-932,-321,-24,252,16968,-4,210,53
12547,-240,136,17325,480,-905,-330,-76,192,17032,-9,212,11
12587,-241,129,17340,470,-925,-321,52,180,17056,6,221,22
12597,-232,134,17343,467,-918,-315,-52,160,16992,27,194,25
12607,-244,125,17338,466,-911,-320,-24,204,16920,26,209,46
12617,-240,126,17331,464,-918,-318,28,200,17052,14,205,18
12627,-234,122,17332,473,-918,-325,-4,160,16924,15,205,47
12637,-240,129,17338,472,-918,-307,-16,112,17008,18,195,19
12647,-245,130,17351,465,-909,-321,-44,228,16928,-21,233,26
12657,-239,117,17342,477,-924,-325,-40,244,17032,20,158,36
12667,-232,125,17331,476,-920,-318,-68,180,17016,25,219,35
12677,-222,125,17326,466,-927,-310,-40,184,16944,9,177,34
12687,-225,128,17345,468,-917,-324,-36,168,16992,6,214,61
12697,-235,115,17329,462,-924,-314,-72,200,16984,19,194,30
12707,-225,116,17342,460,-924,-309,-8,268,17040,58,190,66
12717,-250,120,17329,463,-915,-316,-80,196,16980,42,195,41
12727,-234,125,17338,466,-915,-324,-80,192,16956,4,195,73
12737,-248,135,17326,469,-928,-317,-44,144,16944,24,202,60
12747,-238,120,17341,474,-903,-318,-108,168,16960,0,209,58
12757,-231,134,17335,455,-927,-309,-84,204,16916,42,203,73
12767,-235,122,17334,451,-920,-313,-36,248,16872,21,199,31
12777,-247,135,17351,453,-920,-321,80,200,17020,-2,202,24
12787,-225,125,17353,452,-923,-312,4,228,17076,7,213,16
12797,-239,120,17348,449,-921,-308,-36,280,17036,4,191,37
12807,-246,128,17346,468,-930,-308,8,212,16968,24,181,29
12817,-225,120,17328,467,-916,-316,-8,240,16880,12,179,40
12877,-235,133,17329,456,-908,-321,16,212,16960,23,186,75
12887,-248,133,17326,474,-916,-321,24,208,16964,19,200,36
12897,-246,120,17330,463,-923,-313,-76,200,16908,24,208,4
12907,-230,126,17329,462,-908,-317,-72,200,16880,37,173,57
12917,-235,125,17327,463,-916,-312,-40,232,16944,19,204,35
12927,-232,130,17339,440,-920,-304,-24,196,16940,-11,190,24
12937,-233,114,17324,443,-922,-307,-8,272,16848,5,218,39
12947,-236,122,17327,452,-921,-309,-36,260,16948,26,236,70
12957,-231,131,17316,452,-918,-305,-76,248,16944,33,215,53
12967,-235,121,17336,462,-934,-311,-4,236,17028,-6,215,34
12977,-243,135,17330,478,-925,-317,-24,172,17084,15,192,44
12987,-243,125,17325,466,-920,-316,-60,220,16968,28,222,61
12997,-237,125,17320,450,-911,-314,-28,264,17004,51,232,27
13007,-239,129,17317,457,-909,-317,-8,200,16996,50,195,40
13017,-243,123,17333,458,-910,-324,-12,216,16968,17,203,28
13027,-241,131,17331,451,-907,-313,-48,240,16948,39,196,68
13037,-239,128,17332,452,-908,-312,20,196,16868,26,219,43
13047,-235,123,17324,454,-913,-309,-72,188,16896,10,223,61
13057,-230,126,17328,464,-904,-315,-16,164,17000,23,153,36
13067,-239,128,17329,474,-924,-318,24,208,16980,25,190,39
13077,-235,126,17313,457,-917,-308,-28,248,17104,40,206,15
13087,-227,123,17326,461,-916,-306,-60,204,16980,-13,189,38
13097,-226,130,17314,462,-914,-314,-80,224,17004,35,196,35
13107,-231,119,17325,455,-914,-320,-28,256,16956,30,217,41
13117,-231,123,17329,457,-909,-313,8,176,16988,47,191,39
13127,-230,135,17328,470,-906,-325,-72,224,16888,59,230,39
13137,-235,131,17325,462,-903,-319,-12,216,16876,0,189,50
13147,-228,124,17319,458,-915,-313,-80,216,16940,37,190,32
13157,-235,125,17328,459,-918,-312,-20,208,16944,19,207,50
13167,-233,119,17338,474,-910,-318,-88,256,17052,6,238,47
13177,-230,112,17335,458,-926,-312,-40,168,16976,-7,238,39
13187,-236,131,17315,479,-917,-318,-76,200,16912,10,205,14
13227,-230,122,17330,462,-912,-317,16,216,16984,12,181,27
13237,-229,114,17333,456,-914,-307,-52,196,16916,25,178,55
13247,-238,126,17342,451,-920,-314,-48,288,16940,60,221,19
13257,-243,129,17322,458,-887,-319,-8,180,16836,19,175,49
13267,-232,124,17323,448,-928,-309,-20,216,16936,19,194,16
13277,-240,116,17317,462,-912,-310,36,216,16980,42,218,47
13287,-238,130,17332,457,-919,-304,24,164,16980,30,218,39
13327,-239,134,17333,460,-914,-305,-60,236,16996,20,184,40
13337,-233,115,17318,461,-909,-316,-76,232,16964,15,219,19
13347,-239,125,17329,450,-895,-313,16,228,16928,30,190,19
13357,-231,129,17319,453,-902,-306,-76,216,16944,-1,183,15
13367,-254,130,17324,469,-916,-314,-64,200,16924,-3,224,10
13377,-232,117,17309,452,-925,-306,-40,248,16964,29,165,21
13387,-251,137,17325,447,-910,-306,-28,208,16896,17,199,51
13397,-241,123,17314,469,-899,-318,-56,188,16928,10,189,23
13407,-229,127,17316,485,-906,-327,-72,264,16976,-3,221,48
13417,-234,133,17329,465,-915,-311,4,200,16928,-11,236,39
13427,-233,135,17317,462,-903,-313,-48,196,16804,-17,236,71
13437,-236,144,17314,454,-916,-315,-40,200,16924,31,214,64
13447,-235,125,17330,464,-921,-308,-16,216,16924,-9,233,40
13457,-235,139,17331,468,-910,-308,-24,208,16960,6,218,50
13467,-248,121,17337,463,-906,-307,-92,200,16972,-17,205,18
13507,-245,122,17331,453,-901,-314,-64,128,17056,32,203,58
13517,-243,114,17333,461,-910,-314,-20,220,16984,50,191,30
13527,-232,124,17335,458,-909,-312,-112,284,16972,-11,212,56
13537,-220,114,17339,460,-902,-318,-100,200,16952,28,194,43
13547,-226,115,17327,445,-911,-306,28,196,17072,20,194,47
13557,-243,120,17334,470,-912,-316,-36,212,16904,14,207,44
13567,-243,133,17335,472,-896,-319,-16,248,17016,28,215,59
13577,-238,133,17324,455,-925,-308,-84,196,16876,21,231,42
13587,-241,121,17324,454,-923,-306,-44,280,16932,31,181,42
13597,-233,131,17325,464,-914,-309,-92,268,16972,14,181,19
13607,-235,123,17331,461,-913,-313,-76,180,16952,38,201,16
13617,-251,121,17329,460,-912,-313,16,224,16980,18,180,53
13627,-241,122,17324,454,-911,-315,-100,252,17024,24,231,31
13637,-231,122,17323,464,-914,-312,-52,208,16980,12,215,20
13647,-236,132,17321,464,-905,-322,-44,180,16888,29,209,36
13657,-228,123,17341,465,-909,-318,-12,176,17020,29,217,50
13667,-235,107,17321,448,-907,-311,-88,128,16940,25,187,31
13677,-240,124,17331,467,-906,-310,-40,256,16976,-17,201,22
13687,-236,118,17338,451,-915,-312,-48,160,16992,37,194,13
13697,-243,131,17338,454,-904,-310,-108,220,16864,11,195,17
13707,-228,125,17343,460,-907,-312,0,224,16880,36,175,41
13717,-233,124,17325,462,-904,-308,-48,204,16780,50,190,39
13727,-225,127,17330,475,-906,-319,20,240,16944,42,195,74
13737,-228,123,17320,461,-902,-317,-64,272,16932,27,223,32
13817,-243,138,17327,453,-920,-311,-24,144,16916,-12,187,28
13827,-234,138,17321,451,-921,-307,-36,280,16984,21,200,33
13837,-240,139,17328,453,-909,-309,4,176,16876,3,220,56
13847,-229,127,17334,465,-906,-320,-40,188,16920,14,188,91
13857,-236,126,17341,467,-908,-319,-20,196,16880,17,197,20
13867,-239,122,17313,469,-902,-319,-124,256,16936,42,198,34
13877,-253,121,17328,459,-917,-315,8,216,16944,20,195,45
13887,-240,117,17338,449,-922,-309,16,240,16992,-11,202,61
13897,-222,120,17339,451,-913,-309,-68,192,16840,22,197,38
13907,-243,127,17321,467,-899,-317,-48,208,17004,18,200,37
13917,-236,127,17329,465,-908,-314,0,200,16884,5,210,49
13977,-242,117,17348,473,-902,-312,-64,220,17000,-12,206,39
13987,-234,130,17337,468,-917,-315,-56,176,17016,8,216,48
13997,-227,131,17326,469,-924,-309,-44,172,16992,23,196,72
14007,-236,129,17342,459,-930,-307,-8,240,17004,-14,185,55
14017,-233,137,17334,461,-916,-311,-52,240,17008,-17,168,2
14027,-225,112,17338,462,-913,-318,0,176,16956,38,216,18
14037,-236,128,17328,465,-913,-319,-52,268,16988,7,223,42
14047,-220,117,17326,464,-928,-305,-56,208,17028,8,199,48
14057,-219,128,17331,468,-911,-323,-16,284,17080,52,210,47
14067,-240,115,17339,462,-908,-317,-72,244,16884,-14,216,49
14077,-234,127,17333,472,-898,-315,-24,248,16880,34,207,33
14087,-236,122,17335,475,-913,-321,-92,216,16952,15,209,47
14097,-220,113,17346,481,-915,-328,-32,232,16960,45,183,45
14107,-245,126,17324,462,-918,-314,-68,220,16932,0,192,35
14117,-222,123,17350,450,-900,-312,-16,184,17060,25,187,45
14127,-230,125,17331,458,-906,-318,-108,244,16908,4,189,41
14137,-223,123,17341,471,-922,-320,-100,204,16904,3,223,18
14147,-244,104,17336,459,-927,-313,12,232,16948,33,188,42
14157,-251,114,17336,451,-918,-309,-12,164,16888,50,215,35
14167,-237,136,17343,465,-913,-313,-80,224,16908,25,216,30
14177,-237,111,17356,458,-914,-311,-56,236,16928,14,208,58
14187,-239,132,17323,458,-900,-313,-40,184,16868,16,168,44
14197,-239,119,17335,452,-932,-312,-100,216,16996,16,210,20
14207,-237,130,17346,461,-925,-315,-100,220,17032,28,196,30
14248,-233,121,17342,467,-923,-314,-16,200,16948,16,189,34
14258,-236,120,17333,466,-926,-311,-56,148,16944,34,180,12
14268,-232,124,17332,464,-924,-312,-80,200,17036,28,181,68
14278,-233,133,17342,466,-925,-319,-28,244,16940,16,209,32
14288,-222,114,17336,478,-913,-318,-8,252,16988,-4,195,46
14298,-219,132,17344,468,-918,-320,-84,184,17092,32,235,32
14308,-234,145,17345,478,-898,-332,-56,188,16996,3,219,38
14318,-248,120,17331,460,-920,-315,-44,200,17032,23,195,30
14328,-227,131,17350,471,-914,-318,-40,248,16848,33,193,42
14338,-236,128,17326,471,-913,-320,-128,212,16908,3,195,36
14348,-240,131,17338,475,-919,-326,-76,200,16952,33,218,61
14358,-233,128,17340,468,-926,-318,-96,172,16996,35,174,33
14368,-244,124,17332,467,-918,-317,-52,248,16888,24,188,30
14378,-241,130,17340,462,-912,-315,-40,240,16880,11,200,30
14388,-242,132,17320,470,-900,-316,-88,212,16868,23,197,56
14428,-254,129,17325,464,-910,-318,-68,216,16876,28,202,24
14438,-242,135,17345,476,-898,-325,-72,188,16876,34,220,71
14448,-235,121,17361,468,-904,-321,-4,224,16884,13,214,18
14458,-242,121,17333,470,-919,-318,-32,196,16992,2,213,57
14468,-231,124,17359,465,-921,-317,-24,168,16940,55,194,46
14478,-241,129,17351,458,-925,-312,-60,208,17008,-3,198,48
14488,-243,125,17354,467,-901,-317,-56,208,16904,18,215,38
14528,-239,121,17331,461,-925,-316,-44,188,16924,-10,223,33
14538,-231,129,17337,465,-921,-313,-16,232,16912,35,195,44
14548,-257,125,17340,465,-916,-309,-56,172,16956,7,210,59
14558,-224,121,17320,467,-907,-320,0,268,16932,29,218,41
14568,-228,114,17337,455,-918,-317,-12,316,17008,58,175,46
14578,-236,125,17357,462,-923,-315,-116,168,16972,33,210,-3
14588,-227,118,17325,467,-915,-324,-40,228,16980,38,189,48
14598,-246,127,17331,469,-912,-317,-56,208,16996,38,178,37
14608,-233,118,17331,462,-910,-321,-24,200,17036,-5,223,55
14618,-208,117,17355,452,-925,-311,-28,216,17000,47,177,53
14628,-237,115,17350,434,-930,-303,-116,224,16972,-15,177,12
14638,-232,122,17335,452,-916,-319,-28,216,17040,10,182,48
14648,-227,117,17340,475,-911,-318,-48,196,16956,31,187,40
14658,-234,128,17346,479,-918,-321,-8,240,16940,43,196,45
14668,-248,116,17340,457,-926,-311,-56,252,16904,27,203,43
14678,-240,123,17335,462,-921,-313,-60,184,16932,31,183,55
14688,-247,136,17360,476,-919,-319,-84,316,16996,14,192,24
14698,-240,138,17336,469,-915,-314,-24,212,17024,15,182,34
14708,-246,128,17349,453,-928,-307,-48,240,16968,20,192,16
14718,-225,130,17348,458,-929,-313,-28,196,16876,-10,196,25
14728,-219,124,17351,473,-915,-323,-60,244,16924,15,209,43
14738,-238,120,17340,468,-927,-314,-64,200,16964,19,181,32
14748,-224,115,17355,471,-923,-319,-4,168,17024,15,198,34
14758,-225,118,17341,476,-919,-317,-32,220,16892,-12,184,46
14798,-223,125,17337,471,-913,-319,-16,232,17052,8,205,49
14808,-241,128,17341,466,-929,-316,-4,232,16936,14,180,34
14818,-230,124,17355,456,-911,-315,-108,204,16932,17,211,53
14828,-233,128,17346,463,-907,-326,-68,204,16964,24,183,18
14838,-228,126,17328,464,-918,-317,-64,200,16948,50,244,17
14848,-243,114,17350,471,-913,-321,-52,240,16956,43,220,18
14858,-241,124,17350,470,-901,-326,-48,252,16940,15,207,62
14868,-240,128,17350,492,-916,-329,-64,224,16940,-2,180,40
14878,-231,131,17331,471,-920,-323,-52,216,17008,37,177,68
14888,-229,129,17355,443,-924,-308,-24,216,16972,17,193,29
14898,-248,130,17338,453,-912,-314,-12,192,16868,33,212,37
14908,-235,133,17341,477,-909,-312,-4,212,16964,19,200,23
14918,-244,117,17340,458,-908,-323,-92,200,17024,45,184,25
14928,-226,120,17352,466,-911,-316,-44,232,16872,-9,203,44
14938,-235,134,17352,461,-924,-319,-56,200,16924,15,168,17
14998,-233,118,17351,466,-920,-311,-60,236,16912,28,190,45
